CPF;CLIT;IDADE_CLIENTE;ESCOLARIDADE;ESTADO_CIVIL;OCUPACAO;TIPO_RESIDENCIA;POSSUI_VEICULO;PORTABILIDADE;QT_DEPENDENTES;RENDA_BRUTA;RENDA_LIQUIDA;TEMPO_RELAC;COMP_RENDA
63092951559;1;38;POS;CASADO;EMPRESARIO;PROPRIA;NAO;SIM;0;22423.24;18176.26;55;0.24548913405688733
69759791263;2;38;FUNDAM;CASADO;ASSALARIADO;PROPRIA;SIM;NAO;2;1412.0;1083.33;3;0.9617719362490128
47718198297;3;26;MEDIO;CASADO;AUTONOMO;PROPRIA;NAO;NAO;0;3581.4;2843.96;18;0.4460484177441416
86858842149;4;34;FUNDAM;DIVORCIADO;APOSENTADO;PROPRIA;SIM;SIM;1;3227.57;2559.35;32;0.3258616052268549
25184366311;5;36;SUPERIOR;DIVORCIADO;ASSALARIADO;FINANCIADA;SIM;NAO;0;22888.69;18324.91;89;0.1180532697683181
80080544242;6;27;SUPERIOR;SOLTEIRO;EMPRESARIO;PROPRIA;SIM;NAO;1;27633.17;21364.84;57;0.18534859705966428
89987066636;7;43;POS;CASADO;APOSENTADO;ALUGADA;SIM;SIM;3;39159.78;30947.4;100;0.09144065725339853
30310788761;8;27;FUNDAM;VIUVO;APOSENTADO;CEDIDA;SIM;NAO;0;1720.1;1382.7;21;0.7721339796014116
60537272042;9;38;POS;CASADO;EMPRESARIO;PROPRIA;SIM;SIM;0;13784.28;10922.08;41;0.18861153484324675
41030242880;10;24;FUNDAM;CASADO;ASSALARIADO;PROPRIA;NAO;SIM;1;2136.71;1720.49;11;0.5551781479594355
95817841997;11;47;SUPERIOR;SOLTEIRO;SERVIDOR PUBLICO;PROPRIA;SIM;NAO;0;27446.59;21721.11;65;0.15989681132506944
45646826767;12;19;SUPERIOR;SOLTEIRO;ASSALARIADO;PROPRIA;SIM;SIM;1;2949.73;2361.36;1;0.9232711720199861
69412271416;13;28;MEDIO;SOLTEIRO;APOSENTADO;PROPRIA;SIM;NAO;0;2290.92;1779.66;20;0.4087212713797132
54220892612;14;52;POS;CASADO;AUTONOMO;FINANCIADA;NAO;NAO;1;24788.94;20233.44;28;0.12175852186302488
58521138519;15;59;SUPERIOR;SOLTEIRO;ASSALARIADO;PROPRIA;SIM;SIM;1;19586.11;15700.7;59;0.11986079552405733
19762426686;16;47;MEDIO;DIVORCIADO;EMPRESARIO;PROPRIA;SIM;NAO;0;9753.67;8096.22;92;0.15016459233898702
54738026849;17;42;POS;DIVORCIADO;SERVIDOR PUBLICO;PROPRIA;SIM;NAO;1;23093.04;17985.05;74;0.21531544275232306
41713958743;18;39;MEDIO;CASADO;ASSALARIADO;ALUGADA;SIM;SIM;4;4889.59;3870.72;37;0.18307012772119055
43461453555;19;35;MEDIO;CASADO;APOSENTADO;PROPRIA;NAO;NAO;0;7148.49;5793.57;67;0.2209037221753532
95319742450;20;40;POS;CASADO;ASSALARIADO;ALUGADA;SIM;NAO;0;22013.01;17507.65;60;0.16331288575311445
56992776817;21;47;SUPERIOR;CASADO;ASSALARIADO;ALUGADA;SIM;NAO;0;11695.13;9152.63;27;0.27951985103675386
96561560134;22;58;POS;CASADO;AUTONOMO;PROPRIA;NAO;NAO;0;34862.66;28533.65;87;0.110382753921717
35153335432;23;36;POS;SOLTEIRO;ASSALARIADO;FINANCIADA;SIM;SIM;1;24644.69;20361.87;28;0.2021148226814729
50896542530;24;31;SUPERIOR;SOLTEIRO;ASSALARIADO;PROPRIA;NAO;NAO;0;15853.46;12049.92;42;0.24344253468900148
20744922265;25;39;SUPERIOR;SOLTEIRO;ASSALARIADO;ALUGADA;NAO;SIM;1;9802.73;8112.69;31;0.4198763996207359
35869050492;26;40;MEDIO;CASADO;SERVIDOR PUBLICO;CEDIDA;NAO;NAO;0;3646.9;2799.1;1;0.3840906265647279
27691348187;27;52;SUPERIOR;CASADO;SERVIDOR PUBLICO;ALUGADA;NAO;SIM;0;17546.66;14256.86;64;0.09702170374537629
67938640184;28;43;FUNDAM;SOLTEIRO;EMPRESARIO;PROPRIA;NAO;NAO;1;2843.79;2371.94;41;0.16806163981861796
40055887189;29;34;SUPERIOR;CASADO;AUTONOMO;FINANCIADA;SIM;SIM;2;10717.88;8236.07;35;0.3200024904450875
54041126515;30;63;POS;SOLTEIRO;APOSENTADO;CEDIDA;SIM;NAO;1;38511.7;32154.34;60;0.09241577428612745
94960082833;31;35;SUPERIOR;CASADO;SERVIDOR PUBLICO;PROPRIA;NAO;NAO;2;10058.68;8369.59;51;0.27969705470174483
90621017246;32;57;MEDIO;CASADO;ASSALARIADO;ALUGADA;SIM;NAO;0;15013.61;11751.97;105;0.11971220223620288
70951748249;33;31;MEDIO;VIUVO;EMPRESARIO;PROPRIA;SIM;NAO;0;19497.78;15541.5;89;0.06961465863895358
34726790459;34;24;MEDIO;DIVORCIADO;AUTONOMO;PROPRIA;NAO;NAO;2;2745.9;2115.57;7;0.5815682455139293
59587881768;35;25;MEDIO;DIVORCIADO;ASSALARIADO;PROPRIA;SIM;NAO;0;1670.42;1281.3;9;0.9378263911898486
86361989593;36;22;MEDIO;CASADO;ASSALARIADO;CEDIDA;NAO;NAO;2;2996.21;2289.31;1;0.4761793152861833
67186744419;37;25;MEDIO;CASADO;AUTONOMO;PROPRIA;SIM;NAO;1;9956.39;7846.02;66;0.14278874325438085
67428843035;38;51;SUPERIOR;SOLTEIRO;ASSALARIADO;PROPRIA;SIM;NAO;0;24257.98;19717.1;85;0.09605026077559735
76275824559;39;24;MEDIO;CASADO;SERVIDOR PUBLICO;ALUGADA;NAO;NAO;1;3301.46;2770.39;1;0.52842084049384
24684284324;40;41;SUPERIOR;SOLTEIRO;AUTONOMO;PROPRIA;SIM;NAO;0;11581.15;9156.33;1;0.3291417931365503
11561124684;41;35;POS;CASADO;ASSALARIADO;PROPRIA;NAO;SIM;1;39539.74;31344.24;97;0.07994175372360313
55450244340;42;53;MEDIO;CASADO;ASSALARIADO;PROPRIA;NAO;SIM;2;4789.6;3704.17;57;0.3288143854972774
78710714970;43;65;POS;DIVORCIADO;ASSALARIADO;ALUGADA;NAO;NAO;2;43770.18;33373.89;63;0.18301997001064435
69911230128;44;18;FUNDAM;CASADO;ASSALARIADO;FINANCIADA;NAO;SIM;1;1412.0;1149.06;8;0.7183045617096975
53350697339;45;25;SUPERIOR;CASADO;AUTONOMO;PROPRIA;SIM;NAO;2;16346.17;12666.46;63;0.2754819372135554
58467264618;46;48;MEDIO;CASADO;ASSALARIADO;ALUGADA;SIM;NAO;1;5816.04;4454.69;23;0.28198789069134755
46789247673;47;30;SUPERIOR;CASADO;ASSALARIADO;PROPRIA;NAO;SIM;0;17187.46;14344.47;52;0.21578863878200513
47020990447;48;49;MEDIO;SOLTEIRO;ASSALARIADO;PROPRIA;SIM;NAO;0;4603.5;3773.22;29;0.27358116627587326
36343052332;49;27;FUNDAM;CASADO;SERVIDOR PUBLICO;ALUGADA;NAO;SIM;3;3227.32;2604.48;30;0.1613604004169904
32327222858;50;42;POS;CASADO;APOSENTADO;PROPRIA;SIM;NAO;0;26389.81;21024.36;91;0.1234269469211742
34562039537;51;20;MEDIO;SOLTEIRO;SERVIDOR PUBLICO;FINANCIADA;SIM;NAO;0;1412.0;1091.22;2;0.8915043625759962
70845174746;52;34;FUNDAM;SOLTEIRO;ASSALARIADO;PROPRIA;SIM;NAO;2;3004.75;2428.96;26;0.5446744851077548
82155437385;53;20;MEDIO;CASADO;APOSENTADO;PROPRIA;NAO;NAO;0;2878.76;2369.05;1;0.5617189278598455
55117668689;54;21;MEDIO;CASADO;AUTONOMO;PROPRIA;NAO;NAO;1;2125.35;1645.86;1;0.8224934897019195
65517753562;55;33;MEDIO;DIVORCIADO;ASSALARIADO;PROPRIA;SIM;NAO;2;6026.62;5008.65;34;0.35269077394563236
82588528834;56;27;POS;VIUVO;ASSALARIADO;CEDIDA;NAO;NAO;1;6587.58;5297.68;9;0.6194125021993029
13468231136;57;32;MEDIO;DIVORCIADO;SERVIDOR PUBLICO;PROPRIA;SIM;NAO;1;18484.59;14904.2;47;0.11410274744147726
83223768629;58;30;POS;SOLTEIRO;ASSALARIADO;CEDIDA;NAO;NAO;4;24286.91;18695.03;46;0.18812951865458583
77284658486;59;27;POS;CASADO;ASSALARIADO;PROPRIA;SIM;NAO;0;39440.47;31083.58;56;0.083704587907733
43555258576;60;46;SUPERIOR;CASADO;ASSALARIADO;PROPRIA;SIM;SIM;1;13328.84;10413.71;58;0.1697443093568959
79853652119;61;51;POS;VIUVO;ASSALARIADO;ALUGADA;SIM;SIM;0;26246.66;21792.05;66;0.1256514433148764
10531219443;62;31;FUNDAM;SOLTEIRO;AUTONOMO;PROPRIA;NAO;NAO;2;6805.04;5255.93;36;0.23312063884721596
66086689938;63;25;MEDIO;CASADO;SERVIDOR PUBLICO;FINANCIADA;NAO;SIM;2;2685.45;2122.8;37;0.4043652384851838
47760154842;64;54;SUPERIOR;CASADO;ASSALARIADO;PROPRIA;NAO;NAO;0;11726.62;9850.15;45;0.14029754653848997
84188419758;65;37;SUPERIOR;VIUVO;SERVIDOR PUBLICO;PROPRIA;NAO;SIM;0;11322.61;8768.04;81;0.26235025163841047
75523483922;66;38;POS;CASADO;ASSALARIADO;PROPRIA;SIM;NAO;2;14550.41;11900.56;20;0.3088671124471563
82348741878;67;53;POS;SOLTEIRO;AUTONOMO;PROPRIA;SIM;NAO;1;43434.34;33215.43;65;0.1065411704094067
22342884685;68;21;FUNDAM;CASADO;APOSENTADO;PROPRIA;NAO;NAO;0;2702.48;2159.37;20;0.5185319499492735
17788290927;69;32;SUPERIOR;DIVORCIADO;ASSALARIADO;CEDIDA;SIM;SIM;0;30659.08;23896.45;70;0.10216078797869708
93923557277;70;18;MEDIO;CASADO;ASSALARIADO;CEDIDA;SIM;NAO;1;1412.0;1138.98;2;0.98
47025368679;71;23;FUNDAM;CASADO;ASSALARIADO;ALUGADA;NAO;SIM;0;3399.23;2716.8;33;0.4183230717551021
51612135578;72;43;MEDIO;CASADO;SERVIDOR PUBLICO;ALUGADA;NAO;NAO;0;9233.9;7398.24;72;0.1420241528833887
74095313465;73;56;SUPERIOR;SOLTEIRO;ASSALARIADO;PROPRIA;NAO;NAO;0;27309.33;22438.56;127;0.11425772265936954
32222593412;74;18;MEDIO;CASADO;ASSALARIADO;PROPRIA;SIM;NAO;2;2817.89;2218.86;11;0.3740684922127131
29822890967;75;18;MEDIO;CASADO;EMPRESARIO;PROPRIA;NAO;NAO;2;3002.11;2408.97;9;0.3918223393799241
95532832194;76;26;MEDIO;CASADO;SERVIDOR PUBLICO;PROPRIA;NAO;NAO;1;4058.86;3325.99;29;0.5042687165150278
85154756313;77;33;SUPERIOR;CASADO;SERVIDOR PUBLICO;FINANCIADA;SIM;NAO;1;7691.87;6124.48;9;0.20464395352879344
60611668849;78;63;SUPERIOR;DIVORCIADO;APOSENTADO;FINANCIADA;NAO;NAO;3;27424.57;22441.11;62;0.01
51753962298;79;40;SUPERIOR;CASADO;ASSALARIADO;PROPRIA;SIM;NAO;2;18196.28;14608.13;36;0.29873103825080344
39575276343;80;49;SUPERIOR;SOLTEIRO;EMPRESARIO;FINANCIADA;SIM;SIM;0;28906.16;23082.92;62;0.11206558056633116
23534630916;81;31;MEDIO;CASADO;SERVIDOR PUBLICO;PROPRIA;SIM;NAO;1;2105.41;1741.52;10;0.5721381774391221
41765731380;82;30;SUPERIOR;SOLTEIRO;EMPRESARIO;PROPRIA;NAO;NAO;3;12277.53;9427.64;39;0.19646142026837304
22648111211;83;46;POS;VIUVO;AUTONOMO;PROPRIA;SIM;NAO;3;26421.21;21421.78;22;0.2986478352663492
84786912891;84;49;POS;CASADO;ASSALARIADO;PROPRIA;NAO;NAO;0;44849.37;35119.56;82;0.12568994766028097
61380741658;85;47;SUPERIOR;CASADO;SERVIDOR PUBLICO;ALUGADA;SIM;NAO;1;16369.96;13236.85;96;0.1311966955752521
78542771168;86;21;SUPERIOR;CASADO;ASSALARIADO;ALUGADA;SIM;NAO;0;16007.73;12960.38;94;0.21294918182628655
40350140595;87;30;MEDIO;CASADO;APOSENTADO;PROPRIA;NAO;NAO;0;2862.87;2347.47;32;0.43017504383034055
84830225441;88;43;SUPERIOR;CASADO;ASSALARIADO;PROPRIA;NAO;NAO;0;8938.23;7322.43;68;0.3125796801198694
42167732131;89;21;MEDIO;DIVORCIADO;EMPRESARIO;ALUGADA;NAO;SIM;2;3024.5;2362.08;13;0.8169167821442973
44125195884;90;44;MEDIO;CASADO;AUTONOMO;PROPRIA;SIM;NAO;0;3657.15;3004.56;31;0.2874594631036942
98983024258;91;32;SUPERIOR;CASADO;SERVIDOR PUBLICO;PROPRIA;SIM;SIM;3;27751.53;23268.48;86;0.13570657531306116
75639481296;92;44;MEDIO;CASADO;SERVIDOR PUBLICO;PROPRIA;SIM;SIM;3;2724.0;2102.3;3;0.6174335680827436
10354062652;93;23;MEDIO;CASADO;ASSALARIADO;PROPRIA;NAO;SIM;2;3610.05;3024.37;39;0.44335271934330334
99136193295;94;29;MEDIO;DIVORCIADO;SERVIDOR PUBLICO;FINANCIADA;SIM;NAO;1;6198.01;5057.65;19;0.17616352940920507
12992518565;95;31;MEDIO;CASADO;EMPRESARIO;PROPRIA;NAO;NAO;0;3633.1;2947.74;42;0.45896084276342713
80851940183;96;39;SUPERIOR;VIUVO;APOSENTADO;FINANCIADA;SIM;NAO;2;10951.63;8841.78;46;0.16613834258748886
48434449576;97;38;POS;CASADO;ASSALARIADO;PROPRIA;SIM;SIM;0;15047.5;12220.32;69;0.2511921853620004
22410961228;98;55;SUPERIOR;DIVORCIADO;APOSENTADO;ALUGADA;NAO;NAO;1;14399.74;11324.85;33;0.15081854515516163
94984847164;99;51;POS;CASADO;SERVIDOR PUBLICO;PROPRIA;NAO;NAO;1;45889.73;37365.85;87;0.10306180817350558
78828231377;100;44;POS;DIVORCIADO;ASSALARIADO;PROPRIA;NAO;NAO;2;42441.63;32599.71;52;0.10917598911855295
90828255788;101;47;POS;CASADO;ASSALARIADO;PROPRIA;SIM;NAO;3;36063.2;28922.73;95;0.07816666047572246
68098178290;102;19;MEDIO;CASADO;APOSENTADO;FINANCIADA;NAO;NAO;0;5089.18;4008.07;2;0.30499729252420127
18141291559;103;44;SUPERIOR;CASADO;ASSALARIADO;ALUGADA;NAO;SIM;1;14468.47;11922.32;60;0.15258874657635105
79572131635;104;47;POS;CASADO;ASSALARIADO;ALUGADA;SIM;NAO;1;14372.3;11709.85;43;0.31366464381585896
72037865296;105;18;MEDIO;SOLTEIRO;ASSALARIADO;PROPRIA;SIM;SIM;1;2994.3;2500.82;2;0.6967950863414081
19232441427;106;52;SUPERIOR;CASADO;SERVIDOR PUBLICO;PROPRIA;NAO;SIM;1;17815.74;14669.99;40;0.16804121648441106
42632381017;107;43;POS;SOLTEIRO;ASSALARIADO;ALUGADA;NAO;NAO;3;24933.86;20430.25;30;0.1760061472944399
72554146126;108;38;SUPERIOR;SOLTEIRO;ASSALARIADO;PROPRIA;SIM;NAO;0;6201.2;4746.76;18;0.37880114544694105
91851689775;109;33;MEDIO;SOLTEIRO;EMPRESARIO;CEDIDA;SIM;NAO;2;6541.95;5482.9;58;0.15312445916011114
28778537741;110;53;POS;DIVORCIADO;ASSALARIADO;PROPRIA;NAO;NAO;1;49516.77;37696.74;81;0.055633188925705394
50885223572;111;29;SUPERIOR;SOLTEIRO;APOSENTADO;PROPRIA;SIM;NAO;1;15803.88;12663.27;47;0.15607418475058044
64030813954;112;52;SUPERIOR;SOLTEIRO;ASSALARIADO;PROPRIA;SIM;NAO;0;24499.56;20090.46;41;0.0920177529345904
61386791640;113;29;FUNDAM;CASADO;ASSALARIADO;PROPRIA;NAO;NAO;0;2113.19;1687.08;18;0.6102017433426107
67933344518;114;49;FUNDAM;CASADO;EMPRESARIO;PROPRIA;SIM;SIM;0;3063.12;2464.19;16;0.4195407026035873
10915080953;115;33;SUPERIOR;SOLTEIRO;SERVIDOR PUBLICO;ALUGADA;NAO;NAO;2;11514.83;8816.35;30;0.365719755875915
12530243493;116;23;FUNDAM;CASADO;SERVIDOR PUBLICO;ALUGADA;NAO;NAO;0;2279.5;1827.37;10;0.529252443973616
84771970239;117;18;POS;DIVORCIADO;SERVIDOR PUBLICO;PROPRIA;SIM;NAO;1;9665.3;7363.24;10;0.4386665829840979
81032875489;118;32;POS;CASADO;APOSENTADO;PROPRIA;NAO;NAO;0;24876.09;19113.08;58;0.14221920680808356
22233454293;119;41;MEDIO;CASADO;AUTONOMO;PROPRIA;NAO;NAO;1;1805.7;1425.33;16;0.8395921471587964
72496943995;120;62;MEDIO;CASADO;ASSALARIADO;ALUGADA;SIM;NAO;1;4544.04;3574.83;42;0.2905281598759718
93797559929;121;41;MEDIO;SOLTEIRO;ASSALARIADO;PROPRIA;SIM;NAO;1;3196.06;2494.17;13;0.5872425332413134
29692030211;122;33;MEDIO;CASADO;ASSALARIADO;ALUGADA;SIM;NAO;2;2652.35;2046.53;2;0.7934714060137852
76974790717;123;23;POS;CASADO;AUTONOMO;FINANCIADA;SIM;NAO;1;23525.1;19175.81;54;0.13301667139576312
75684219839;124;52;POS;CASADO;ASSALARIADO;ALUGADA;SIM;SIM;0;44269.94;34291.32;112;0.0703947687998512
48429616389;125;55;SUPERIOR;CASADO;SERVIDOR PUBLICO;PROPRIA;SIM;NAO;0;16856.65;12898.6;62;0.09324496552275108
13569078890;126;32;MEDIO;CASADO;ASSALARIADO;PROPRIA;SIM;NAO;0;4595.68;3831.2;55;0.13683928221025587
81663571813;127;48;SUPERIOR;SOLTEIRO;AUTONOMO;PROPRIA;SIM;SIM;2;7354.56;5793.19;32;0.486080768833426
85059147886;128;23;MEDIO;CASADO;AUTONOMO;PROPRIA;NAO;SIM;1;2751.34;2155.69;8;0.7628027023058905
54560874835;129;56;SUPERIOR;CASADO;ASSALARIADO;ALUGADA;SIM;SIM;0;25189.97;20976.02;73;0.0894456946046419
91433326479;130;39;MEDIO;DIVORCIADO;AUTONOMO;FINANCIADA;NAO;SIM;0;5473.2;4490.79;35;0.18372283879009413
36699773492;131;31;SUPERIOR;CASADO;ASSALARIADO;PROPRIA;NAO;NAO;0;15168.37;12066.95;48;0.20318066097487433
89027492985;132;41;MEDIO;CASADO;ASSALARIADO;FINANCIADA;SIM;NAO;2;11320.43;9006.67;49;0.26933121330172033
65048951971;133;41;SUPERIOR;SOLTEIRO;SERVIDOR PUBLICO;FINANCIADA;SIM;NAO;0;25821.15;21617.85;96;0.032767097768550094
41572143445;134;43;SUPERIOR;CASADO;AUTONOMO;ALUGADA;SIM;NAO;1;15705.36;13129.94;73;0.10482407723644878
68842744340;135;35;SUPERIOR;CASADO;ASSALARIADO;PROPRIA;SIM;NAO;2;4019.89;3285.18;6;0.691784544444735
77915949646;136;41;SUPERIOR;DIVORCIADO;EMPRESARIO;ALUGADA;NAO;SIM;0;17060.79;14213.74;24;0.1369881779967081
35016075727;137;44;FUNDAM;CASADO;SERVIDOR PUBLICO;ALUGADA;SIM;NAO;0;4725.4;3819.59;31;0.536075370248143
40947738688;138;27;MEDIO;CASADO;ASSALARIADO;FINANCIADA;SIM;NAO;2;3518.9;2859.0;3;0.5418036278920012
77643995977;139;44;SUPERIOR;SOLTEIRO;APOSENTADO;PROPRIA;SIM;NAO;1;16409.62;12668.46;70;0.26860518751284457
99530945162;140;30;FUNDAM;DIVORCIADO;SERVIDOR PUBLICO;PROPRIA;NAO;NAO;0;1412.0;1082.2;3;0.7908231527605509
69816117816;141;22;FUNDAM;CASADO;SERVIDOR PUBLICO;PROPRIA;NAO;NAO;2;1555.77;1218.22;4;0.751029663257863
97925835449;142;50;SUPERIOR;DIVORCIADO;ASSALARIADO;PROPRIA;SIM;SIM;3;13852.09;10990.77;19;0.30920424196599117
68943878989;143;42;MEDIO;DIVORCIADO;EMPRESARIO;PROPRIA;NAO;NAO;1;5179.32;4076.13;31;0.2452063904349313
29212474748;144;34;SUPERIOR;CASADO;ASSALARIADO;ALUGADA;SIM;SIM;1;20775.06;16571.04;50;0.2633096332896679
25987575276;145;31;POS;SOLTEIRO;SERVIDOR PUBLICO;PROPRIA;NAO;NAO;3;24731.91;19262.6;21;0.18968370423741435
29397661532;146;43;SUPERIOR;CASADO;ASSALARIADO;ALUGADA;SIM;NAO;0;28931.96;24180.16;83;0.11334711876792514
38993870567;147;26;MEDIO;CASADO;ASSALARIADO;PROPRIA;SIM;NAO;3;4281.8;3462.0;28;0.3166837621147265
42837474832;148;52;POS;SOLTEIRO;AUTONOMO;PROPRIA;SIM;NAO;0;14162.9;11364.67;19;0.39449775072673393
81462457640;149;36;POS;SOLTEIRO;SERVIDOR PUBLICO;PROPRIA;SIM;SIM;1;38809.92;29981.7;82;0.0796169118195484
42746588614;150;46;SUPERIOR;DIVORCIADO;EMPRESARIO;ALUGADA;SIM;SIM;1;13523.92;10607.8;41;0.2552919949457181
57452247523;151;22;FUNDAM;CASADO;SERVIDOR PUBLICO;PROPRIA;NAO;SIM;0;2085.0;1652.52;16;0.7577714472980744
24950587271;152;31;SUPERIOR;CASADO;AUTONOMO;ALUGADA;SIM;NAO;0;14200.79;11023.21;41;0.2254854011364377
53594752235;153;48;SUPERIOR;DIVORCIADO;ASSALARIADO;PROPRIA;NAO;NAO;0;25694.92;20866.53;123;0.06775472636448308
21669122465;154;26;MEDIO;CASADO;SERVIDOR PUBLICO;ALUGADA;NAO;SIM;2;5296.49;4313.8;36;0.306898773594773
49591675114;155;25;SUPERIOR;SOLTEIRO;EMPRESARIO;ALUGADA;NAO;SIM;0;3194.64;2488.63;9;0.7643911611704697
71170360160;156;31;POS;CASADO;ASSALARIADO;PROPRIA;NAO;SIM;1;21967.14;17357.35;25;0.3035332568337144
33561545892;157;48;FUNDAM;SOLTEIRO;SERVIDOR PUBLICO;FINANCIADA;NAO;NAO;0;3057.93;2397.38;38;0.40698698082239726
89283876365;158;31;MEDIO;SOLTEIRO;ASSALARIADO;PROPRIA;SIM;NAO;0;3283.59;2689.86;28;0.3822167494060643
37489096292;159;37;MEDIO;CASADO;AUTONOMO;PROPRIA;SIM;NAO;2;9247.97;7101.65;39;0.3508530136300924
70730414527;160;39;MEDIO;SOLTEIRO;APOSENTADO;PROPRIA;NAO;NAO;1;3462.67;2763.75;4;0.5925350496656614
28868214497;161;45;SUPERIOR;CASADO;EMPRESARIO;FINANCIADA;SIM;NAO;3;15417.39;11880.64;36;0.14957258678854538
73252911624;162;29;MEDIO;CASADO;ASSALARIADO;PROPRIA;NAO;NAO;0;3737.82;2921.97;39;0.1849397643905206
42890171017;163;45;SUPERIOR;CASADO;ASSALARIADO;PROPRIA;NAO;NAO;1;11221.56;8698.93;33;0.3427979651551808
14947475097;164;28;MEDIO;SOLTEIRO;SERVIDOR PUBLICO;PROPRIA;NAO;NAO;2;3073.77;2446.52;9;0.3463928855736472
78170531252;165;46;POS;CASADO;ASSALARIADO;PROPRIA;NAO;NAO;0;40334.7;33856.99;58;0.09328003784818686
13415875182;166;18;FUNDAM;CASADO;AUTONOMO;FINANCIADA;NAO;SIM;0;1701.24;1300.56;16;0.2851310425554967
62363983255;167;46;POS;SOLTEIRO;AUTONOMO;PROPRIA;SIM;NAO;1;25640.39;20119.06;50;0.2234471151453186
97690796638;168;39;MEDIO;DIVORCIADO;SERVIDOR PUBLICO;ALUGADA;NAO;SIM;2;8478.78;6742.25;50;0.15262737829342685
47522759879;169;52;SUPERIOR;SOLTEIRO;ASSALARIADO;PROPRIA;SIM;NAO;0;28368.74;21567.17;39;0.09923740140431161
75586791374;170;50;FUNDAM;CASADO;ASSALARIADO;FINANCIADA;SIM;NAO;1;4505.26;3513.59;43;0.298103757315124
89615165115;171;35;POS;CASADO;ASSALARIADO;PROPRIA;SIM;NAO;0;15885.08;12748.71;44;0.3587291083589337
89426436210;172;38;SUPERIOR;CASADO;ASSALARIADO;ALUGADA;NAO;NAO;2;29716.16;23800.28;92;0.14143365961464432
68827553423;173;37;SUPERIOR;VIUVO;SERVIDOR PUBLICO;PROPRIA;NAO;NAO;1;8474.12;6517.33;18;0.2446562443872457
43486678850;174;39;SUPERIOR;SOLTEIRO;ASSALARIADO;ALUGADA;SIM;SIM;1;16803.84;13850.08;87;0.1387903180681721
80734184794;175;35;MEDIO;SOLTEIRO;AUTONOMO;FINANCIADA;NAO;NAO;2;4501.52;3554.36;56;0.27785258388968026
99798669671;176;45;SUPERIOR;CASADO;AUTONOMO;ALUGADA;NAO;NAO;0;21018.99;17337.86;84;0.07298613343661453
41224193384;177;38;SUPERIOR;CASADO;SERVIDOR PUBLICO;PROPRIA;SIM;SIM;2;6778.13;5156.04;1;0.40720905084178527
77668953070;178;50;MEDIO;CASADO;APOSENTADO;PROPRIA;SIM;SIM;1;6872.89;5525.26;87;0.24915904955432577
43932638258;179;29;FUNDAM;SOLTEIRO;ASSALARIADO;PROPRIA;SIM;NAO;4;1866.36;1554.74;3;0.5539737424783646
54355368254;180;53;SUPERIOR;CASADO;ASSALARIADO;ALUGADA;NAO;NAO;2;30020.62;23172.31;105;0.09521129747916424
35688039326;181;42;POS;SOLTEIRO;SERVIDOR PUBLICO;ALUGADA;NAO;NAO;2;21780.64;17559.58;29;0.17227832616265648
45552122810;182;38;SUPERIOR;CASADO;ASSALARIADO;PROPRIA;SIM;NAO;2;23505.92;18377.64;65;0.09356959455970683
69460198239;183;31;POS;CASADO;ASSALARIADO;ALUGADA;NAO;SIM;3;6579.11;5269.5;6;0.6669878697288997
56010646229;184;21;FUNDAM;DIVORCIADO;ASSALARIADO;PROPRIA;NAO;NAO;1;2211.92;1842.7;7;0.6772908195299066
14362490629;185;37;SUPERIOR;CASADO;AUTONOMO;PROPRIA;NAO;SIM;2;16579.3;13550.2;52;0.11945157987969468
10421166334;186;32;MEDIO;DIVORCIADO;ASSALARIADO;PROPRIA;SIM;NAO;1;6013.33;4824.57;24;0.3145215008786614
53956948481;187;27;SUPERIOR;CASADO;EMPRESARIO;FINANCIADA;SIM;NAO;0;6827.33;5679.06;5;0.45825961391903497
58327663394;188;18;MEDIO;SOLTEIRO;ASSALARIADO;PROPRIA;SIM;NAO;1;5061.83;4227.91;47;0.2487676361424651
69664299636;189;27;MEDIO;CASADO;ASSALARIADO;CEDIDA;NAO;NAO;1;4503.58;3645.34;24;0.3411367478127512
86947644810;190;35;MEDIO;CASADO;SERVIDOR PUBLICO;PROPRIA;NAO;SIM;2;5675.76;4741.08;54;0.14317088310946033
39749139044;191;50;POS;CASADO;AUTONOMO;PROPRIA;NAO;SIM;3;38143.69;31506.7;66;0.16732801693197502
89063484655;192;20;MEDIO;CASADO;AUTONOMO;PROPRIA;NAO;NAO;2;2461.02;2001.18;1;0.7564808359376802
88617868322;193;33;FUNDAM;SOLTEIRO;ASSALARIADO;PROPRIA;SIM;NAO;2;1584.05;1259.85;16;0.8046580688149664
53351481093;194;39;POS;CASADO;ASSALARIADO;ALUGADA;SIM;SIM;1;15177.67;11942.58;7;0.16246720734046707
73841287523;195;45;MEDIO;CASADO;EMPRESARIO;CEDIDA;NAO;NAO;1;8215.72;6853.01;69;0.15147208181957
44927862022;196;50;SUPERIOR;CASADO;ASSALARIADO;PROPRIA;SIM;NAO;1;16299.17;13622.12;46;0.1761617527045939
81529364930;197;36;FUNDAM;CASADO;ASSALARIADO;PROPRIA;SIM;NAO;3;2314.16;1833.73;34;0.4860697424355135
76869599559;198;18;FUNDAM;SOLTEIRO;APOSENTADO;PROPRIA;NAO;NAO;4;1426.84;1132.38;11;0.752029484324347
80348387624;199;18;FUNDAM;CASADO;APOSENTADO;FINANCIADA;SIM;NAO;1;2595.7;2124.81;5;0.7866294746321426
83628035896;200;33;SUPERIOR;DIVORCIADO;APOSENTADO;PROPRIA;SIM;SIM;1;5349.66;4492.61;23;0.5726743320391315
12139487643;201;47;FUNDAM;CASADO;SERVIDOR PUBLICO;FINANCIADA;NAO;NAO;1;4577.85;3596.18;48;0.31136655819602255
62364540059;202;52;POS;CASADO;ASSALARIADO;PROPRIA;NAO;NAO;0;39170.6;31793.1;89;0.07708558799819702
96676790612;203;38;SUPERIOR;DIVORCIADO;EMPRESARIO;ALUGADA;SIM;NAO;0;23138.87;18866.21;80;0.02094012482694617
27462365486;204;19;FUNDAM;CASADO;AUTONOMO;PROPRIA;SIM;NAO;3;1760.89;1393.12;4;0.6686388445219589
47580660927;205;42;SUPERIOR;SOLTEIRO;EMPRESARIO;PROPRIA;NAO;NAO;1;9924.18;7788.28;9;0.36588167190969906
72218987713;206;41;POS;DIVORCIADO;ASSALARIADO;PROPRIA;SIM;NAO;2;36500.62;29555.01;112;0.034473174834488154
96836715260;207;40;SUPERIOR;SOLTEIRO;AUTONOMO;PROPRIA;SIM;NAO;2;22932.27;17983.71;108;0.07919088586341329
37124458735;208;36;MEDIO;CASADO;AUTONOMO;PROPRIA;SIM;SIM;2;3859.5;3170.65;4;0.14396768232991317
86912860756;209;64;POS;CASADO;SERVIDOR PUBLICO;FINANCIADA;SIM;NAO;1;34934.27;29119.58;76;0.1764634081039313
45677360180;210;44;POS;DIVORCIADO;ASSALARIADO;ALUGADA;NAO;NAO;1;40117.7;32432.53;67;0.12003546024538884
33064022058;211;35;SUPERIOR;CASADO;SERVIDOR PUBLICO;PROPRIA;SIM;NAO;1;10432.48;8266.48;37;0.48966523937967843
73144624390;212;32;MEDIO;CASADO;EMPRESARIO;PROPRIA;SIM;NAO;0;3780.64;2980.42;33;0.37219637182578713
81436815134;213;51;MEDIO;SOLTEIRO;ASSALARIADO;PROPRIA;SIM;NAO;0;6953.62;5573.27;37;0.2670820052674645
84333548068;214;46;POS;CASADO;AUTONOMO;ALUGADA;SIM;NAO;4;22662.7;17725.09;67;0.25149189639547487
55985098477;215;34;MEDIO;CASADO;SERVIDOR PUBLICO;ALUGADA;SIM;NAO;1;3525.3;2709.08;26;0.4577374429910116
85283021754;216;44;MEDIO;DIVORCIADO;SERVIDOR PUBLICO;ALUGADA;NAO;SIM;0;9896.65;7876.77;49;0.1639488874346072
17185868338;217;61;FUNDAM;DIVORCIADO;SERVIDOR PUBLICO;FINANCIADA;SIM;NAO;0;8700.5;6629.79;28;0.21340602531117547
61488875290;218;24;FUNDAM;CASADO;SERVIDOR PUBLICO;CEDIDA;NAO;SIM;1;2729.32;2223.01;23;0.6510771983995549
78796337911;219;35;SUPERIOR;CASADO;SERVIDOR PUBLICO;PROPRIA;NAO;NAO;0;9728.09;7466.43;39;0.38827423556455043
33361476511;220;30;MEDIO;CASADO;ASSALARIADO;PROPRIA;NAO;NAO;1;1506.57;1211.93;6;0.6462259662489548
64413395747;221;44;MEDIO;CASADO;AUTONOMO;FINANCIADA;SIM;NAO;0;4097.35;3275.09;57;0.37888409853883176
22681783429;222;41;POS;CASADO;ASSALARIADO;PROPRIA;SIM;NAO;1;15293.07;12040.28;46;0.21555170988931138
74926073354;223;30;POS;CASADO;ASSALARIADO;FINANCIADA;NAO;SIM;0;41928.71;34175.74;72;0.1595920658323105
59515954970;224;41;MEDIO;SOLTEIRO;SERVIDOR PUBLICO;PROPRIA;SIM;NAO;0;11541.64;8875.43;78;0.06678944884230734
79011181918;225;51;MEDIO;CASADO;ASSALARIADO;ALUGADA;SIM;NAO;1;7863.98;6179.97;32;0.11363522229425115
36624881577;226;48;POS;SOLTEIRO;SERVIDOR PUBLICO;FINANCIADA;SIM;NAO;1;25150.08;19156.69;77;0.24201912205404116
89324659426;227;23;SUPERIOR;CASADO;SERVIDOR PUBLICO;ALUGADA;SIM;NAO;1;2522.56;2044.7;6;0.9011675027594458
35078328810;228;32;SUPERIOR;SOLTEIRO;EMPRESARIO;PROPRIA;SIM;NAO;1;17819.11;14038.82;76;0.2164933738511474
33947729967;229;33;FUNDAM;CASADO;ASSALARIADO;PROPRIA;SIM;SIM;1;1412.0;1122.41;15;0.7993265798867171
44922072650;230;25;MEDIO;CASADO;ASSALARIADO;ALUGADA;SIM;SIM;0;6180.72;5053.24;17;0.2807019140611024
25127043618;231;33;MEDIO;CASADO;ASSALARIADO;FINANCIADA;NAO;NAO;0;4308.61;3580.0;26;0.4920551163188336
54931725950;232;38;MEDIO;VIUVO;SERVIDOR PUBLICO;PROPRIA;SIM;SIM;1;6214.97;5136.47;52;0.33374166939558264
11021584027;233;46;MEDIO;CASADO;AUTONOMO;FINANCIADA;SIM;NAO;1;5154.02;4047.94;5;0.35914871907034307
60110738291;234;49;FUNDAM;CASADO;ASSALARIADO;PROPRIA;NAO;NAO;0;3862.06;3118.3;38;0.329417749396221
87661369284;235;45;MEDIO;CASADO;ASSALARIADO;PROPRIA;SIM;NAO;0;8226.55;6441.9;58;0.20480475568341017
40129748821;236;42;MEDIO;VIUVO;ASSALARIADO;PROPRIA;SIM;NAO;1;4589.7;3835.34;13;0.4560418134822825
78352596697;237;38;SUPERIOR;VIUVO;APOSENTADO;PROPRIA;SIM;SIM;1;19050.42;14593.08;79;0.2348056629636175
25715156456;238;59;POS;CASADO;AUTONOMO;PROPRIA;SIM;NAO;0;45456.23;36164.03;65;0.01
64768189953;239;34;SUPERIOR;CASADO;APOSENTADO;PROPRIA;NAO;NAO;0;10978.0;8354.92;38;0.34418517961292316
49968296326;240;31;SUPERIOR;CASADO;SERVIDOR PUBLICO;ALUGADA;SIM;SIM;0;19299.93;15903.89;80;0.010121927205638578
77111350982;241;38;FUNDAM;SOLTEIRO;ASSALARIADO;ALUGADA;SIM;NAO;0;1412.0;1109.91;1;0.8467739425651587
24073982821;242;36;MEDIO;DIVORCIADO;EMPRESARIO;ALUGADA;NAO;NAO;0;1959.83;1574.34;8;0.7268163425102513
78475559661;243;18;FUNDAM;SOLTEIRO;AUTONOMO;FINANCIADA;NAO;NAO;3;2025.3;1615.54;8;0.581354559042173
76063565414;244;56;SUPERIOR;SOLTEIRO;SERVIDOR PUBLICO;PROPRIA;SIM;SIM;2;18300.17;14336.83;42;0.2429420849883713
72238859640;245;41;SUPERIOR;CASADO;ASSALARIADO;PROPRIA;SIM;SIM;1;30325.46;24851.27;70;0.05696143162849528
62034013417;246;18;MEDIO;DIVORCIADO;ASSALARIADO;PROPRIA;SIM;NAO;1;1779.76;1473.39;8;0.6936028559952617
94224469129;247;20;SUPERIOR;DIVORCIADO;APOSENTADO;ALUGADA;NAO;NAO;1;13934.65;10613.73;53;0.20176486435452767
57434743331;248;32;FUNDAM;SOLTEIRO;ASSALARIADO;ALUGADA;NAO;NAO;0;1412.0;1169.18;1;0.7435376656701875
53798068284;249;19;MEDIO;CASADO;ASSALARIADO;PROPRIA;SIM;NAO;1;1964.03;1494.17;7;0.6366665874822715
30868847090;250;59;MEDIO;CASADO;EMPRESARIO;PROPRIA;SIM;NAO;0;2162.87;1732.98;3;0.98
34755181940;251;52;SUPERIOR;CASADO;ASSALARIADO;ALUGADA;SIM;SIM;1;16262.67;12831.09;64;0.21034588975839646
44024021238;252;52;MEDIO;SOLTEIRO;AUTONOMO;PROPRIA;SIM;NAO;0;6553.05;5183.69;63;0.1277594692581134
56274951624;253;18;FUNDAM;CASADO;ASSALARIADO;ALUGADA;NAO;SIM;1;1803.2;1375.85;4;0.5143649952236455
22246260686;254;40;SUPERIOR;CASADO;SERVIDOR PUBLICO;ALUGADA;SIM;NAO;0;13745.92;10466.75;27;0.12909289828027898
61160764663;255;37;SUPERIOR;DIVORCIADO;ASSALARIADO;ALUGADA;SIM;NAO;2;30001.01;24522.98;103;0.07721765058196448
25797978551;256;44;MEDIO;CASADO;SERVIDOR PUBLICO;FINANCIADA;NAO;NAO;2;7176.62;5782.62;24;0.34972852720079484
59229827633;257;24;MEDIO;SOLTEIRO;ASSALARIADO;ALUGADA;SIM;SIM;0;1884.71;1502.69;5;0.8171904315309642
30768023311;258;18;SUPERIOR;DIVORCIADO;ASSALARIADO;PROPRIA;SIM;NAO;2;5464.93;4576.5;19;0.4180312328877888
98861440819;259;38;FUNDAM;CASADO;AUTONOMO;CEDIDA;NAO;NAO;0;4063.15;3321.73;53;0.2822863786498833
63521151693;260;42;POS;SOLTEIRO;EMPRESARIO;PROPRIA;NAO;NAO;0;39649.41;32869.41;90;0.11549836098697551
37792857976;261;48;MEDIO;CASADO;ASSALARIADO;CEDIDA;NAO;SIM;0;5606.13;4602.78;20;0.30236781998961376
35927861548;262;21;FUNDAM;DIVORCIADO;SERVIDOR PUBLICO;FINANCIADA;SIM;SIM;0;1412.0;1157.93;10;0.8999202030378686
13054030039;263;47;SUPERIOR;CASADO;ASSALARIADO;PROPRIA;NAO;NAO;0;21775.62;18101.82;28;0.10574527725419947
34496057248;264;28;MEDIO;DIVORCIADO;SERVIDOR PUBLICO;PROPRIA;NAO;NAO;2;5845.58;4574.84;52;0.4922935261571715
71012434867;265;36;MEDIO;DIVORCIADO;AUTONOMO;PROPRIA;SIM;NAO;1;1832.43;1525.13;7;0.5982922649963014
32826349455;266;29;FUNDAM;CASADO;ASSALARIADO;ALUGADA;SIM;NAO;1;2770.1;2289.37;15;0.44137682607006534
95688859611;267;29;SUPERIOR;CASADO;ASSALARIADO;ALUGADA;SIM;NAO;1;6376.64;4941.69;11;0.4711302311715998
30190619842;268;40;SUPERIOR;CASADO;AUTONOMO;PROPRIA;SIM;NAO;0;6470.63;5097.69;16;0.39345805105754994
84413048776;269;39;POS;CASADO;ASSALARIADO;CEDIDA;NAO;NAO;1;24225.11;20196.05;66;0.232613689531167
55256499074;270;45;FUNDAM;CASADO;ASSALARIADO;PROPRIA;SIM;NAO;0;3817.31;3024.33;71;0.06947080579280891
27226684796;271;31;MEDIO;SOLTEIRO;ASSALARIADO;PROPRIA;SIM;NAO;1;3106.59;2376.68;16;0.3964484354815953
97285331662;272;42;POS;DIVORCIADO;SERVIDOR PUBLICO;FINANCIADA;NAO;SIM;2;10815.28;8549.9;23;0.5389458857669049
24099670938;273;22;MEDIO;DIVORCIADO;SERVIDOR PUBLICO;PROPRIA;SIM;NAO;2;2338.57;1797.28;10;0.5466950170832323
92845068311;274;18;MEDIO;CASADO;SERVIDOR PUBLICO;PROPRIA;NAO;NAO;2;2525.58;1986.31;18;0.8266773856543058
87992383650;275;48;MEDIO;SOLTEIRO;ASSALARIADO;FINANCIADA;SIM;NAO;2;5699.79;4705.95;69;0.3886499959944536
73251057247;276;42;POS;DIVORCIADO;ASSALARIADO;PROPRIA;SIM;NAO;1;15893.86;12330.39;46;0.3747588737996538
46958053589;277;28;SUPERIOR;CASADO;EMPRESARIO;PROPRIA;SIM;NAO;2;7662.27;5935.26;13;0.32798033935337234
86225957111;278;44;SUPERIOR;SOLTEIRO;EMPRESARIO;PROPRIA;NAO;NAO;0;7627.92;6316.87;32;0.2905435448879316
93324715671;279;19;SUPERIOR;CASADO;APOSENTADO;PROPRIA;NAO;NAO;2;6549.29;5446.89;22;0.567654346363379
69758661157;280;37;MEDIO;CASADO;APOSENTADO;ALUGADA;SIM;SIM;2;2729.67;2267.15;38;0.4915284267620751
31074616659;281;31;MEDIO;CASADO;SERVIDOR PUBLICO;FINANCIADA;NAO;NAO;2;2119.2;1760.95;7;0.7904895129987561
86390120496;282;32;FUNDAM;SOLTEIRO;EMPRESARIO;PROPRIA;SIM;NAO;1;6420.35;5156.77;40;0.17375331663796217
16846242297;283;37;SUPERIOR;CASADO;SERVIDOR PUBLICO;FINANCIADA;NAO;NAO;0;17703.42;14350.99;60;0.1659549558993635
83026172652;284;49;MEDIO;SOLTEIRO;ASSALARIADO;PROPRIA;NAO;NAO;1;20419.27;17092.65;47;0.12294367165886311
63262313156;285;35;MEDIO;DIVORCIADO;ASSALARIADO;PROPRIA;NAO;SIM;2;5382.78;4490.94;26;0.20904753278926247
46856945396;286;58;POS;CASADO;EMPRESARIO;PROPRIA;NAO;NAO;0;39864.3;32945.15;106;0.09794906377739164
41054893526;287;37;MEDIO;CASADO;SERVIDOR PUBLICO;PROPRIA;SIM;NAO;1;6201.54;5075.45;52;0.2249042973750096
89396245842;288;20;MEDIO;CASADO;EMPRESARIO;ALUGADA;NAO;SIM;0;5130.95;4083.47;21;0.354287069158246
29157523755;289;43;MEDIO;SOLTEIRO;ASSALARIADO;PROPRIA;SIM;NAO;0;9811.02;7593.17;72;0.1107380998356961
61057359660;290;23;POS;VIUVO;ASSALARIADO;ALUGADA;SIM;SIM;1;13751.86;10920.94;28;0.3282555168295291
90178057347;291;50;POS;CASADO;SERVIDOR PUBLICO;PROPRIA;SIM;SIM;0;39192.24;32450.98;52;0.11797875703045158
65952612750;292;47;SUPERIOR;SOLTEIRO;SERVIDOR PUBLICO;PROPRIA;SIM;SIM;1;26085.91;20740.67;112;0.09611841629166049
33558747785;293;18;MEDIO;SOLTEIRO;AUTONOMO;PROPRIA;SIM;NAO;0;3656.43;2823.49;27;0.39513697795983177
42015932422;294;47;SUPERIOR;CASADO;ASSALARIADO;PROPRIA;SIM;NAO;0;16594.73;13139.67;61;0.17140454005221617
55215171252;295;49;POS;DIVORCIADO;SERVIDOR PUBLICO;PROPRIA;NAO;NAO;0;44741.0;37467.52;78;0.12375044390204909
83134982349;296;47;MEDIO;CASADO;EMPRESARIO;PROPRIA;SIM;NAO;0;6358.47;5092.26;22;0.3652125299712044
14152050676;297;37;MEDIO;DIVORCIADO;ASSALARIADO;ALUGADA;NAO;NAO;0;3379.71;2621.57;12;0.5351402738260138
42443472178;298;31;SUPERIOR;CASADO;EMPRESARIO;PROPRIA;SIM;NAO;1;16886.25;13658.15;76;0.19489207689838525
19734958667;299;29;MEDIO;SOLTEIRO;SERVIDOR PUBLICO;PROPRIA;SIM;NAO;1;6314.38;5149.15;36;0.4258264871548424
84260391396;300;57;SUPERIOR;CASADO;EMPRESARIO;FINANCIADA;SIM;NAO;0;29833.01;24829.52;79;0.05316235412137846
53088449277;301;57;SUPERIOR;CASADO;ASSALARIADO;PROPRIA;SIM;NAO;2;24661.75;19672.35;90;0.09075170045972038
83385138570;302;46;MEDIO;SOLTEIRO;AUTONOMO;CEDIDA;NAO;SIM;2;5516.25;4583.62;27;0.16282738270879402
29251029354;303;35;SUPERIOR;CASADO;ASSALARIADO;ALUGADA;SIM;NAO;2;8483.29;6912.42;41;0.5200205922845882
13941647650;304;36;SUPERIOR;CASADO;AUTONOMO;ALUGADA;SIM;SIM;1;8132.98;6635.65;6;0.38772531991781545
30169956751;305;34;MEDIO;DIVORCIADO;ASSALARIADO;FINANCIADA;SIM;NAO;0;3312.94;2559.86;26;0.4812670313228642
28921869147;306;25;FUNDAM;CASADO;SERVIDOR PUBLICO;ALUGADA;SIM;NAO;0;1412.0;1173.5;2;0.7775282156015061
84727684527;307;24;MEDIO;CASADO;ASSALARIADO;PROPRIA;SIM;NAO;1;5550.13;4438.64;24;0.2699788911241943
45483358414;308;60;SUPERIOR;SOLTEIRO;ASSALARIADO;ALUGADA;SIM;NAO;0;19235.12;15870.7;69;0.19058630390544398
45675010370;309;25;MEDIO;SOLTEIRO;EMPRESARIO;PROPRIA;NAO;NAO;0;2640.44;2008.32;7;0.5469629337778579
22398281421;310;36;SUPERIOR;CASADO;EMPRESARIO;PROPRIA;SIM;SIM;0;16905.25;13497.37;31;0.18396363003389507
91672238343;311;66;POS;SOLTEIRO;SERVIDOR PUBLICO;PROPRIA;NAO;SIM;0;25093.09;20396.52;42;0.23724836439635738
29287353033;312;42;POS;CASADO;EMPRESARIO;FINANCIADA;NAO;NAO;0;37097.27;29579.64;93;0.08188265363597565
13317111589;313;61;POS;CASADO;ASSALARIADO;FINANCIADA;SIM;NAO;1;42330.09;35413.8;122;0.1493467697897382
37198398293;314;18;FUNDAM;SOLTEIRO;ASSALARIADO;PROPRIA;NAO;NAO;0;1589.96;1229.45;1;0.9236452220286383
24173392671;315;42;FUNDAM;CASADO;SERVIDOR PUBLICO;PROPRIA;SIM;NAO;1;2927.8;2322.17;22;0.41354815557344005
82954950270;316;18;MEDIO;SOLTEIRO;EMPRESARIO;PROPRIA;NAO;NAO;0;3685.18;2866.24;19;0.35425517318825644
59738131658;317;37;SUPERIOR;CASADO;ASSALARIADO;ALUGADA;SIM;NAO;0;19578.4;14888.37;35;0.14227508306869338
37447959358;318;56;SUPERIOR;CASADO;ASSALARIADO;FINANCIADA;SIM;NAO;0;27865.99;22908.9;67;0.09019346061062825
34282064185;319;52;SUPERIOR;CASADO;AUTONOMO;PROPRIA;SIM;SIM;1;23534.55;19433.4;115;0.059597398611938045
66818439149;320;32;SUPERIOR;CASADO;ASSALARIADO;PROPRIA;NAO;NAO;1;15838.64;12093.72;61;0.2876596420915511
89519678582;321;39;MEDIO;SOLTEIRO;EMPRESARIO;FINANCIADA;NAO;SIM;2;3553.89;2786.49;34;0.252000254244237
30982764396;322;26;SUPERIOR;CASADO;SERVIDOR PUBLICO;PROPRIA;SIM;NAO;0;4959.05;4119.73;13;0.2979961480320674
54143183735;323;27;SUPERIOR;CASADO;ASSALARIADO;PROPRIA;SIM;NAO;0;8437.02;6884.89;22;0.40012876256661034
42529618659;324;63;MEDIO;CASADO;AUTONOMO;FINANCIADA;SIM;NAO;0;6976.16;5613.2;40;0.14242921827012262
97769064367;325;21;FUNDAM;CASADO;AUTONOMO;PROPRIA;SIM;SIM;0;1412.0;1184.47;3;0.98
67543299437;326;37;MEDIO;CASADO;SERVIDOR PUBLICO;FINANCIADA;SIM;NAO;2;3035.6;2484.38;10;0.5195279766991645
47096430748;327;28;MEDIO;DIVORCIADO;ASSALARIADO;PROPRIA;SIM;NAO;3;7981.83;6403.58;52;0.23912674039996656
57981991222;328;51;SUPERIOR;SOLTEIRO;APOSENTADO;CEDIDA;SIM;SIM;4;12117.55;9372.85;25;0.25101597982452517
15730295889;329;45;POS;CASADO;ASSALARIADO;PROPRIA;NAO;SIM;2;20741.83;16469.97;64;0.2820763283937986
43224641048;330;45;MEDIO;DIVORCIADO;SERVIDOR PUBLICO;PROPRIA;SIM;NAO;0;13050.77;10898.92;42;0.08597296468971036
75692790911;331;50;MEDIO;CASADO;ASSALARIADO;PROPRIA;SIM;NAO;1;11718.37;9116.18;55;0.24106593265044424
14916610014;332;47;MEDIO;CASADO;AUTONOMO;FINANCIADA;NAO;NAO;1;3420.57;2653.92;27;0.669181007824546
45248169827;333;55;SUPERIOR;SOLTEIRO;SERVIDOR PUBLICO;PROPRIA;SIM;SIM;1;26516.62;21479.49;75;0.06999319254851405
16797219631;334;56;SUPERIOR;DIVORCIADO;EMPRESARIO;PROPRIA;NAO;NAO;2;25868.28;21602.65;77;0.08254769964397331
89770186879;335;22;POS;CASADO;SERVIDOR PUBLICO;PROPRIA;SIM;NAO;2;44033.07;35553.78;66;0.11913139682519923
69283440677;336;57;POS;SOLTEIRO;APOSENTADO;PROPRIA;NAO;NAO;0;43997.23;36910.04;105;0.028835054265419227
68528827562;337;27;FUNDAM;CASADO;SERVIDOR PUBLICO;CEDIDA;SIM;SIM;1;1412.0;1173.22;18;0.8111815610756321
45890131395;338;25;MEDIO;SOLTEIRO;SERVIDOR PUBLICO;CEDIDA;SIM;NAO;1;4194.92;3251.94;22;0.38437217729371287
23413890472;339;18;SUPERIOR;DIVORCIADO;APOSENTADO;CEDIDA;SIM;NAO;0;7030.65;5615.34;32;0.4515896773709105
53837082283;340;54;SUPERIOR;VIUVO;EMPRESARIO;ALUGADA;SIM;NAO;2;27176.72;20923.12;91;0.13769870557318095
96848371271;341;66;FUNDAM;DIVORCIADO;ASSALARIADO;FINANCIADA;SIM;SIM;2;5081.65;3996.38;28;0.37660169945639854
72542320959;342;18;SUPERIOR;DIVORCIADO;SERVIDOR PUBLICO;PROPRIA;NAO;NAO;1;11305.06;9144.42;20;0.35578116488937994
16089225591;343;41;MEDIO;SOLTEIRO;ASSALARIADO;PROPRIA;SIM;NAO;1;15316.48;11871.18;75;0.09348899154955946
85139095062;344;50;POS;CASADO;APOSENTADO;ALUGADA;NAO;NAO;0;22572.83;17256.12;62;0.08160398027948555
26641416410;345;40;SUPERIOR;DIVORCIADO;APOSENTADO;ALUGADA;SIM;NAO;2;18720.86;15135.68;71;0.11929127033651862
21984491228;346;21;MEDIO;DIVORCIADO;ASSALARIADO;PROPRIA;NAO;NAO;1;3717.39;2945.88;21;0.23516132396992612
78753230023;347;41;SUPERIOR;CASADO;ASSALARIADO;PROPRIA;SIM;NAO;3;9038.72;6920.87;18;0.3592600851687848
16676933274;348;60;SUPERIOR;CASADO;EMPRESARIO;CEDIDA;NAO;NAO;0;28837.2;22004.13;50;0.1006870176311385
42482610593;349;50;MEDIO;SOLTEIRO;ASSALARIADO;PROPRIA;NAO;NAO;0;12318.61;9609.98;49;0.1659550515621042
14514181170;350;44;SUPERIOR;SOLTEIRO;ASSALARIADO;ALUGADA;NAO;NAO;0;9944.78;7756.14;33;0.24343494397049126
13054138861;351;31;MEDIO;SOLTEIRO;AUTONOMO;PROPRIA;SIM;NAO;1;4588.49;3706.13;40;0.25477851195820833
97038766510;352;32;MEDIO;SOLTEIRO;ASSALARIADO;PROPRIA;SIM;NAO;0;1557.1;1185.86;8;0.6840725604146992
48850597314;353;45;MEDIO;DIVORCIADO;ASSALARIADO;ALUGADA;SIM;NAO;1;4165.9;3440.1;1;0.49915650132732775
61916993019;354;50;SUPERIOR;DIVORCIADO;ASSALARIADO;ALUGADA;SIM;NAO;0;29961.51;23283.24;87;0.0467710918259588
84980190756;355;59;SUPERIOR;CASADO;ASSALARIADO;PROPRIA;SIM;SIM;2;27577.77;21795.53;107;0.1280057418231598
43541189565;356;45;SUPERIOR;CASADO;SERVIDOR PUBLICO;FINANCIADA;NAO;NAO;1;9336.57;7334.61;53;0.3272981719077186
60810033761;357;30;POS;SOLTEIRO;EMPRESARIO;PROPRIA;SIM;NAO;3;44349.1;35000.4;77;0.05819955160543996
30916184251;358;32;MEDIO;CASADO;SERVIDOR PUBLICO;PROPRIA;NAO;NAO;0;6258.7;4880.53;35;0.3061827726655975
27421745846;359;21;FUNDAM;CASADO;ASSALARIADO;ALUGADA;SIM;SIM;2;1522.89;1185.4;18;0.5217733571058125
23880664013;360;18;POS;CASADO;SERVIDOR PUBLICO;PROPRIA;NAO;NAO;1;14069.46;10725.59;29;0.39957947471955013
57875064188;361;40;MEDIO;DIVORCIADO;ASSALARIADO;ALUGADA;SIM;NAO;0;11888.32;9873.08;54;0.2210764711069177
69079777138;362;39;FUNDAM;CASADO;ASSALARIADO;PROPRIA;NAO;NAO;0;4920.15;3804.75;38;0.22721950110463196
21291057594;363;27;SUPERIOR;DIVORCIADO;SERVIDOR PUBLICO;PROPRIA;SIM;NAO;1;7906.25;6475.35;35;0.2249375379603158
32965096336;364;47;MEDIO;CASADO;APOSENTADO;PROPRIA;SIM;NAO;1;6031.9;4785.06;78;0.36355661080005885
37990493241;365;21;MEDIO;SOLTEIRO;SERVIDOR PUBLICO;PROPRIA;NAO;NAO;0;2364.25;1948.68;12;0.6748876185743029
66422820865;366;51;SUPERIOR;DIVORCIADO;ASSALARIADO;PROPRIA;SIM;NAO;2;18812.2;15166.99;61;0.26067162247133224
82176861766;367;21;MEDIO;DIVORCIADO;ASSALARIADO;FINANCIADA;SIM;NAO;2;1412.0;1171.24;6;0.7204503100720113
70611316871;368;31;FUNDAM;CASADO;SERVIDOR PUBLICO;ALUGADA;SIM;NAO;1;2185.34;1698.73;10;0.70803625912645
69766262485;369;46;POS;SOLTEIRO;SERVIDOR PUBLICO;ALUGADA;NAO;SIM;3;25666.17;20722.67;76;0.11772967549345562
71674313713;370;47;SUPERIOR;SOLTEIRO;ASSALARIADO;PROPRIA;NAO;NAO;3;27014.67;20778.1;74;0.09356358508849218
76940916470;371;52;SUPERIOR;SOLTEIRO;ASSALARIADO;PROPRIA;NAO;NAO;0;26107.8;20395.66;88;0.061104076338764586
51452553332;372;53;SUPERIOR;CASADO;SERVIDOR PUBLICO;PROPRIA;SIM;NAO;1;27842.74;21774.99;89;0.17801452623171224
32630892741;373;36;SUPERIOR;CASADO;SERVIDOR PUBLICO;PROPRIA;NAO;NAO;2;24653.16;19029.67;60;0.06746282514126184
53915519996;374;28;FUNDAM;SOLTEIRO;SERVIDOR PUBLICO;PROPRIA;NAO;NAO;2;1412.0;1110.04;6;0.3996997767515594
38959484150;375;58;SUPERIOR;SOLTEIRO;SERVIDOR PUBLICO;ALUGADA;NAO;NAO;1;21142.24;17246.06;75;0.11144826567963567
39431390975;376;47;SUPERIOR;CASADO;ASSALARIADO;PROPRIA;SIM;NAO;4;15149.64;12534.36;24;0.25026111622238917
60975936947;377;38;SUPERIOR;CASADO;ASSALARIADO;PROPRIA;SIM;NAO;2;4757.32;3722.07;20;0.814860306186757
90490447121;378;32;MEDIO;SOLTEIRO;SERVIDOR PUBLICO;PROPRIA;SIM;NAO;0;11153.66;9312.76;76;0.0810186369348528
53949157630;379;44;FUNDAM;CASADO;APOSENTADO;PROPRIA;SIM;NAO;1;2474.29;1923.56;29;0.5178940915511079
52275772372;380;42;SUPERIOR;SOLTEIRO;ASSALARIADO;PROPRIA;SIM;NAO;1;15213.69;11706.2;34;0.07445946210048689
82255795439;381;43;POS;CASADO;EMPRESARIO;PROPRIA;SIM;NAO;1;38706.16;32386.02;92;0.07298181499224267
44141415479;382;36;SUPERIOR;SOLTEIRO;AUTONOMO;PROPRIA;NAO;SIM;0;5859.28;4882.29;47;0.3874250928988119
40551849778;383;55;POS;DIVORCIADO;AUTONOMO;FINANCIADA;SIM;SIM;1;15898.24;12459.05;17;0.34959347099695126
40164629851;384;18;MEDIO;SOLTEIRO;ASSALARIADO;PROPRIA;SIM;NAO;0;3348.24;2667.77;7;0.5891197493984417
11827260363;385;36;MEDIO;SOLTEIRO;AUTONOMO;FINANCIADA;SIM;NAO;1;4285.5;3336.18;21;0.4361798992471696
80355850020;386;20;FUNDAM;SOLTEIRO;AUTONOMO;ALUGADA;SIM;SIM;1;2391.22;1821.51;12;0.30234231554280255
73872095912;387;35;SUPERIOR;CASADO;ASSALARIADO;PROPRIA;NAO;NAO;0;18169.17;14368.83;78;0.3367504007806522
89186292335;388;41;POS;CASADO;SERVIDOR PUBLICO;PROPRIA;SIM;NAO;2;38771.68;29663.69;125;0.1094460405811116
42476327135;389;29;SUPERIOR;CASADO;ASSALARIADO;ALUGADA;SIM;NAO;1;6657.72;5391.0;20;0.5166468244870157
93894379645;390;34;MEDIO;SOLTEIRO;ASSALARIADO;ALUGADA;NAO;NAO;1;3677.81;3037.54;25;0.5564938914942004
11681988575;391;21;FUNDAM;CASADO;APOSENTADO;PROPRIA;SIM;NAO;1;1412.0;1130.77;4;0.9064607427483378
72423759570;392;40;SUPERIOR;CASADO;ASSALARIADO;FINANCIADA;NAO;NAO;0;16904.05;13949.69;52;0.216402555958947
90649798356;393;44;SUPERIOR;SOLTEIRO;APOSENTADO;PROPRIA;SIM;NAO;1;18122.54;14594.35;47;0.12826283575157665
74992231933;394;24;MEDIO;CASADO;AUTONOMO;ALUGADA;SIM;NAO;0;3924.29;3228.68;12;0.42759360507698935
73785765172;395;33;SUPERIOR;CASADO;ASSALARIADO;PROPRIA;SIM;NAO;0;18751.5;15018.46;85;0.26290839450071796
77373578872;396;25;MEDIO;SOLTEIRO;ASSALARIADO;PROPRIA;SIM;SIM;2;1805.52;1433.37;1;0.5303211681952718
97287678654;397;40;MEDIO;CASADO;SERVIDOR PUBLICO;PROPRIA;SIM;SIM;1;1412.5;1162.21;17;0.6543147648172634
33274833220;398;41;SUPERIOR;CASADO;SERVIDOR PUBLICO;PROPRIA;SIM;NAO;0;18264.38;15275.71;17;0.12862125933836363
18498012310;399;55;MEDIO;SOLTEIRO;ASSALARIADO;PROPRIA;SIM;SIM;1;2936.45;2264.29;31;0.3859810539174145
83858241694;400;40;MEDIO;VIUVO;APOSENTADO;PROPRIA;NAO;NAO;2;4028.27;3381.8;13;0.39344319425975754
33888835967;401;51;POS;DIVORCIADO;EMPRESARIO;ALUGADA;SIM;NAO;1;35220.37;28450.94;93;0.10157425638345192
32034449010;402;25;MEDIO;SOLTEIRO;AUTONOMO;PROPRIA;SIM;NAO;0;2591.46;2161.9;6;0.6833820093873648
55217654785;403;28;POS;CASADO;AUTONOMO;PROPRIA;SIM;SIM;2;13435.65;11102.57;40;0.38696757960392847
99074772869;404;31;MEDIO;CASADO;APOSENTADO;PROPRIA;SIM;NAO;2;4118.28;3132.12;7;0.4838887853661357
59661035343;405;48;SUPERIOR;CASADO;EMPRESARIO;FINANCIADA;SIM;SIM;0;14507.02;11226.79;75;0.02734051762227427
44198110882;406;18;MEDIO;SOLTEIRO;ASSALARIADO;ALUGADA;SIM;SIM;0;1885.1;1455.05;8;0.7357672575507245
99552894926;407;44;SUPERIOR;CASADO;APOSENTADO;PROPRIA;NAO;NAO;1;19578.62;15848.05;23;0.2566052244238812
61820291825;408;49;MEDIO;DIVORCIADO;ASSALARIADO;PROPRIA;NAO;SIM;0;12699.63;10332.37;113;0.10623152232310082
54095938031;409;25;SUPERIOR;CASADO;ASSALARIADO;PROPRIA;SIM;NAO;1;4310.99;3543.59;1;0.732221296390275
53890188325;410;44;POS;SOLTEIRO;ASSALARIADO;FINANCIADA;SIM;NAO;1;37972.48;29904.33;118;0.03965156582579603
39344196041;411;53;MEDIO;SOLTEIRO;ASSALARIADO;PROPRIA;SIM;NAO;1;7050.66;5714.44;43;0.17734315328044553
52669997259;412;22;MEDIO;SOLTEIRO;ASSALARIADO;PROPRIA;NAO;NAO;1;1412.0;1172.1;5;0.7778774812306588
57028413732;413;27;MEDIO;CASADO;AUTONOMO;ALUGADA;SIM;NAO;2;1694.47;1408.04;8;0.9150412413149988
70013553322;414;38;MEDIO;SOLTEIRO;EMPRESARIO;PROPRIA;SIM;NAO;2;6613.93;5039.37;49;0.27102872972686604
96471646513;415;42;SUPERIOR;DIVORCIADO;APOSENTADO;PROPRIA;NAO;NAO;0;9360.16;7857.02;41;0.31941674775677104
72890354693;416;20;MEDIO;SOLTEIRO;APOSENTADO;PROPRIA;NAO;NAO;0;5327.46;4416.56;49;0.3351962964642737
57699340988;417;35;SUPERIOR;CASADO;SERVIDOR PUBLICO;PROPRIA;NAO;NAO;0;16172.84;12464.8;32;0.27459704812008684
56015975369;418;25;POS;DIVORCIADO;APOSENTADO;PROPRIA;SIM;NAO;1;25509.82;20660.91;54;0.21337574919400903
41563354874;419;38;SUPERIOR;CASADO;APOSENTADO;PROPRIA;NAO;NAO;1;9516.98;7564.57;37;0.33622136723652657
98646680497;420;33;SUPERIOR;DIVORCIADO;ASSALARIADO;PROPRIA;SIM;NAO;1;6372.58;5174.04;24;0.4362206589684557
33050522496;421;45;FUNDAM;CASADO;ASSALARIADO;ALUGADA;SIM;NAO;2;3131.29;2436.17;6;0.4793817058526109
61044155613;422;55;FUNDAM;CASADO;ASSALARIADO;PROPRIA;SIM;NAO;3;2303.68;1848.98;26;0.43999072904726927
46931630697;423;48;SUPERIOR;CASADO;SERVIDOR PUBLICO;FINANCIADA;SIM;NAO;1;27661.33;21725.88;70;0.07436990796056306
71536255536;424;30;MEDIO;CASADO;SERVIDOR PUBLICO;PROPRIA;SIM;NAO;2;5085.74;4124.34;54;0.31236755995843574
83045480048;425;40;SUPERIOR;DIVORCIADO;ASSALARIADO;CEDIDA;NAO;NAO;0;29644.95;23917.61;79;0.05925590485811834
44886536091;426;18;MEDIO;SOLTEIRO;ASSALARIADO;FINANCIADA;SIM;NAO;1;7288.6;5653.63;40;0.33698732187074726
56270192211;427;22;MEDIO;SOLTEIRO;AUTONOMO;PROPRIA;SIM;NAO;4;5374.75;4484.36;55;0.40596204993203794
96235218841;428;24;FUNDAM;SOLTEIRO;SERVIDOR PUBLICO;FINANCIADA;SIM;NAO;1;1423.9;1136.82;6;0.7899728850514698
54137779183;429;58;MEDIO;SOLTEIRO;APOSENTADO;ALUGADA;SIM;NAO;3;11230.17;8913.86;70;0.1796411779791824
54458330330;430;47;POS;VIUVO;ASSALARIADO;PROPRIA;SIM;NAO;2;40320.99;32272.09;101;0.1816709551445223
80111462255;431;48;SUPERIOR;SOLTEIRO;SERVIDOR PUBLICO;PROPRIA;SIM;SIM;2;27256.13;22130.4;80;0.0840431865614365
17057148239;432;47;MEDIO;DIVORCIADO;ASSALARIADO;FINANCIADA;SIM;NAO;2;3505.33;2795.88;22;0.40427298015887236
49734913979;433;42;SUPERIOR;CASADO;SERVIDOR PUBLICO;PROPRIA;NAO;SIM;4;10784.66;8471.16;1;0.23616492051307741
14517190365;434;58;SUPERIOR;SOLTEIRO;ASSALARIADO;FINANCIADA;SIM;NAO;0;27417.7;21228.21;71;0.17928330647984841
75168837431;435;58;SUPERIOR;CASADO;EMPRESARIO;FINANCIADA;SIM;NAO;2;19905.43;15601.31;78;0.0471358403145845
11138759747;436;30;FUNDAM;CASADO;SERVIDOR PUBLICO;ALUGADA;SIM;SIM;0;1412.0;1121.43;5;0.5144711694593733
54464930889;437;25;POS;DIVORCIADO;AUTONOMO;PROPRIA;SIM;NAO;0;40019.11;31119.79;44;0.1499425394640226
62345614589;438;69;POS;SOLTEIRO;ASSALARIADO;PROPRIA;NAO;NAO;0;9265.86;7403.3;13;0.3396400515105682
68068286035;439;31;FUNDAM;SOLTEIRO;ASSALARIADO;PROPRIA;SIM;NAO;1;2317.97;1817.04;6;0.6079878458499755
17632614526;440;59;MEDIO;DIVORCIADO;SERVIDOR PUBLICO;ALUGADA;SIM;NAO;3;16565.04;13281.69;72;0.08675050539679262
48155671783;441;47;SUPERIOR;CASADO;AUTONOMO;PROPRIA;SIM;SIM;0;26454.99;20321.75;123;0.01
16373097651;442;18;MEDIO;CASADO;AUTONOMO;PROPRIA;SIM;SIM;2;2417.26;1847.61;5;0.7653943994355191
98686158562;443;30;SUPERIOR;CASADO;SERVIDOR PUBLICO;PROPRIA;SIM;NAO;1;10822.28;8665.2;36;0.17217252831141378
24113662481;444;50;FUNDAM;CASADO;SERVIDOR PUBLICO;PROPRIA;NAO;NAO;0;2826.03;2195.74;52;0.21385558589396572
58891977229;445;52;POS;SOLTEIRO;ASSALARIADO;FINANCIADA;SIM;NAO;3;10091.64;7922.78;28;0.6080584836948943
93548459892;446;18;MEDIO;SOLTEIRO;SERVIDOR PUBLICO;PROPRIA;NAO;NAO;2;3787.68;3008.69;19;0.4942596747528474
57128828184;447;18;FUNDAM;VIUVO;AUTONOMO;PROPRIA;NAO;SIM;2;1412.0;1087.57;3;0.98
31360326476;448;18;MEDIO;CASADO;ASSALARIADO;PROPRIA;SIM;NAO;0;5314.52;4265.5;21;0.4036272801685756
18033961049;449;46;SUPERIOR;VIUVO;ASSALARIADO;PROPRIA;SIM;SIM;3;17432.92;14546.6;53;0.16344987045404158
13433543484;450;56;SUPERIOR;CASADO;APOSENTADO;ALUGADA;NAO;NAO;1;26470.74;21489.6;107;0.0770135489133247
24018925022;451;30;MEDIO;CASADO;AUTONOMO;ALUGADA;SIM;SIM;0;2878.26;2232.14;14;0.5448108731327878
14766156387;452;25;MEDIO;SOLTEIRO;APOSENTADO;ALUGADA;SIM;NAO;1;5568.81;4492.62;23;0.33521748320423467
66345398336;453;55;SUPERIOR;CASADO;ASSALARIADO;PROPRIA;SIM;SIM;2;13081.66;10541.43;68;0.061217998780449784
77768893478;454;31;MEDIO;CASADO;ASSALARIADO;CEDIDA;SIM;NAO;1;2219.56;1843.76;5;0.6075700249902501
92694777095;455;49;SUPERIOR;SOLTEIRO;ASSALARIADO;PROPRIA;NAO;NAO;1;21799.03;17456.5;85;0.11021542486036547
99893629488;456;30;MEDIO;CASADO;AUTONOMO;ALUGADA;NAO;NAO;0;4697.86;3581.35;11;0.3625303897158528
83737076686;457;49;MEDIO;CASADO;ASSALARIADO;PROPRIA;SIM;NAO;1;15890.67;13201.61;79;0.028604194287402393
24510977177;458;29;SUPERIOR;DIVORCIADO;AUTONOMO;ALUGADA;NAO;NAO;2;8629.06;6892.48;24;0.31889471858912216
73954976961;459;46;POS;CASADO;ASSALARIADO;PROPRIA;SIM;NAO;0;36241.33;29909.32;85;0.09153898031749316
32241278512;460;33;SUPERIOR;DIVORCIADO;ASSALARIADO;PROPRIA;NAO;NAO;1;26791.85;21672.33;139;0.048019445213401284
93068070987;461;59;POS;DIVORCIADO;ASSALARIADO;PROPRIA;NAO;NAO;0;40373.06;32179.45;66;0.15226853539181906
99241015771;462;37;SUPERIOR;SOLTEIRO;ASSALARIADO;PROPRIA;SIM;NAO;1;9085.52;7240.9;50;0.21589609246886293
10681888628;463;39;MEDIO;CASADO;AUTONOMO;PROPRIA;SIM;NAO;2;3002.23;2282.23;29;0.363020319972292
18053133186;464;57;SUPERIOR;SOLTEIRO;ASSALARIADO;PROPRIA;NAO;SIM;0;8863.71;7252.19;67;0.37349892851823846
28450471810;465;21;FUNDAM;VIUVO;ASSALARIADO;PROPRIA;SIM;NAO;0;1412.0;1101.27;1;0.8503889673870472
94937976971;466;48;POS;SOLTEIRO;ASSALARIADO;PROPRIA;NAO;NAO;1;23128.96;17885.65;57;0.1376560108483274
38293459989;467;60;POS;SOLTEIRO;ASSALARIADO;PROPRIA;NAO;NAO;0;24516.67;19411.3;63;0.24273962344835548
10352879610;468;38;MEDIO;CASADO;ASSALARIADO;PROPRIA;SIM;SIM;0;2328.44;1935.46;13;0.4016242605300621
32414372076;469;51;SUPERIOR;CASADO;EMPRESARIO;PROPRIA;NAO;NAO;0;15856.1;12111.18;65;0.21074273229328327
10353323261;470;26;MEDIO;SOLTEIRO;AUTONOMO;PROPRIA;NAO;NAO;1;1609.32;1329.11;5;0.98
62223088539;471;42;SUPERIOR;CASADO;EMPRESARIO;FINANCIADA;SIM;NAO;0;28289.17;22285.07;87;0.09607020609375266
56478583326;472;41;FUNDAM;DIVORCIADO;ASSALARIADO;PROPRIA;SIM;NAO;0;1412.0;1138.92;7;0.871407641372927
26617938875;473;32;MEDIO;SOLTEIRO;ASSALARIADO;PROPRIA;NAO;NAO;2;16481.39;13398.91;67;0.1198190673550648
67757174445;474;24;SUPERIOR;SOLTEIRO;ASSALARIADO;PROPRIA;NAO;NAO;3;4667.95;3760.35;17;0.6426487229620963
35897125923;475;38;FUNDAM;SOLTEIRO;AUTONOMO;PROPRIA;NAO;NAO;2;3954.43;3218.36;31;0.30386013650312865
47752185814;476;32;SUPERIOR;VIUVO;ASSALARIADO;ALUGADA;SIM;SIM;2;2686.02;2057.55;7;0.8533408241365007
78557328390;477;49;MEDIO;CASADO;ASSALARIADO;PROPRIA;NAO;NAO;0;17026.65;13026.24;109;0.07191762642755112
41569417416;478;30;POS;CASADO;SERVIDOR PUBLICO;PROPRIA;SIM;NAO;1;14204.04;11386.23;6;0.4442746477413172
49672676421;479;18;MEDIO;DIVORCIADO;ASSALARIADO;PROPRIA;SIM;NAO;0;1885.06;1476.43;2;0.9414371346558505
64283137020;480;56;MEDIO;SOLTEIRO;ASSALARIADO;PROPRIA;SIM;NAO;1;5855.68;4759.17;54;0.227865070125781
71451587661;481;62;SUPERIOR;CASADO;AUTONOMO;PROPRIA;SIM;NAO;2;10906.8;8825.54;42;0.3137611145229722
26875169487;482;40;MEDIO;CASADO;ASSALARIADO;PROPRIA;SIM;SIM;1;2665.02;2172.63;18;0.6035572339682476
36795568494;483;30;FUNDAM;CASADO;ASSALARIADO;FINANCIADA;SIM;NAO;3;3711.0;2895.73;13;0.3616650583541943
23972013614;484;49;MEDIO;CASADO;SERVIDOR PUBLICO;PROPRIA;SIM;NAO;2;5826.4;4452.66;41;0.365389788019416
10828485429;485;44;SUPERIOR;SOLTEIRO;EMPRESARIO;CEDIDA;SIM;NAO;0;10474.2;8451.93;32;0.26130275287473453
16933198122;486;20;SUPERIOR;CASADO;ASSALARIADO;PROPRIA;SIM;NAO;1;4343.35;3437.96;1;0.615562612140844
94756774452;487;56;SUPERIOR;CASADO;SERVIDOR PUBLICO;PROPRIA;SIM;SIM;0;24693.64;20383.48;111;0.13959070249001276
43679392919;488;50;SUPERIOR;CASADO;ASSALARIADO;ALUGADA;SIM;NAO;3;16068.01;13302.65;56;0.2205713610286577
25736279620;489;33;FUNDAM;SOLTEIRO;AUTONOMO;ALUGADA;NAO;SIM;1;1412.0;1113.82;5;0.9408132526479245
29940667540;490;18;FUNDAM;CASADO;APOSENTADO;ALUGADA;SIM;NAO;0;1680.38;1308.94;8;0.663804012332306
72361218867;491;33;SUPERIOR;CASADO;ASSALARIADO;PROPRIA;SIM;NAO;0;8425.77;6406.5;24;0.3570720351675265
95982691831;492;32;SUPERIOR;SOLTEIRO;EMPRESARIO;PROPRIA;NAO;SIM;0;9940.36;8056.0;49;0.18621260132275147
30165750022;493;43;SUPERIOR;SOLTEIRO;ASSALARIADO;PROPRIA;SIM;SIM;0;15431.16;11832.06;83;0.22570691231917728
43599047085;494;42;MEDIO;CASADO;AUTONOMO;ALUGADA;NAO;NAO;1;9245.06;7253.56;65;0.09486361168344493
33972481848;495;20;SUPERIOR;DIVORCIADO;ASSALARIADO;CEDIDA;SIM;SIM;2;10010.59;7687.59;33;0.20348106081248868
37431292814;496;59;SUPERIOR;SOLTEIRO;AUTONOMO;ALUGADA;NAO;SIM;2;11678.77;9123.71;61;0.15850329760277376
66814694641;497;32;SUPERIOR;CASADO;SERVIDOR PUBLICO;PROPRIA;SIM;NAO;1;10064.42;7750.39;8;0.28191632898985086
61281813493;498;50;SUPERIOR;CASADO;APOSENTADO;PROPRIA;SIM;NAO;2;25810.51;19884.84;96;0.11178229955948493
77091412349;499;18;FUNDAM;SOLTEIRO;ASSALARIADO;ALUGADA;NAO;NAO;1;1412.0;1156.57;2;0.8876496711985025
59942943373;500;31;MEDIO;SOLTEIRO;ASSALARIADO;FINANCIADA;NAO;SIM;1;1880.16;1492.89;1;0.9222190054900327
19230021919;501;24;FUNDAM;DIVORCIADO;AUTONOMO;PROPRIA;SIM;NAO;0;3572.04;2983.24;34;0.6572939454478154
86721661332;502;40;FUNDAM;CASADO;ASSALARIADO;PROPRIA;SIM;SIM;1;3385.93;2611.73;74;0.3943361562964999
94980449445;503;35;FUNDAM;SOLTEIRO;EMPRESARIO;FINANCIADA;SIM;NAO;1;4889.27;3942.37;66;0.07718567084710667
45267413566;504;36;MEDIO;SOLTEIRO;ASSALARIADO;PROPRIA;NAO;NAO;1;3735.86;3020.67;16;0.32453779441231445
57195637863;505;35;MEDIO;CASADO;ASSALARIADO;ALUGADA;SIM;NAO;1;3393.17;2587.73;25;0.45960357646127814
67482513256;506;43;SUPERIOR;CASADO;SERVIDOR PUBLICO;PROPRIA;SIM;NAO;0;24404.49;19822.07;87;0.07781281842337981
63089020995;507;18;MEDIO;SOLTEIRO;SERVIDOR PUBLICO;PROPRIA;SIM;SIM;1;2337.29;1923.04;7;0.5178475708652974
55010319684;508;37;MEDIO;DIVORCIADO;ASSALARIADO;PROPRIA;NAO;NAO;2;3701.15;2949.64;35;0.517644898202069
18385322762;509;21;FUNDAM;CASADO;EMPRESARIO;ALUGADA;SIM;SIM;2;2540.75;2072.76;14;0.7627971765950825
21157273226;510;47;SUPERIOR;CASADO;ASSALARIADO;PROPRIA;SIM;NAO;1;6643.77;5258.08;6;0.3799684608300171
51751663623;511;22;SUPERIOR;CASADO;SERVIDOR PUBLICO;PROPRIA;NAO;NAO;1;9701.32;8129.41;9;0.19593222320788453
20940512995;512;57;MEDIO;CASADO;SERVIDOR PUBLICO;PROPRIA;SIM;NAO;3;9467.34;7324.63;65;0.15727367732393416
12143871313;513;41;MEDIO;SOLTEIRO;EMPRESARIO;FINANCIADA;SIM;NAO;4;2492.92;1981.14;22;0.8471776883851321
17191221583;514;39;MEDIO;SOLTEIRO;APOSENTADO;ALUGADA;NAO;SIM;2;2017.98;1570.21;14;0.7345185577318744
21363979367;515;53;SUPERIOR;SOLTEIRO;ASSALARIADO;PROPRIA;NAO;NAO;0;27558.52;21864.39;117;0.1165026284548282
95293286246;516;33;SUPERIOR;CASADO;ASSALARIADO;ALUGADA;SIM;NAO;1;28003.61;22002.81;113;0.1491266712897394
28145324387;517;46;POS;CASADO;AUTONOMO;PROPRIA;SIM;SIM;3;23013.54;18663.01;28;0.18897896010318066
35154896253;518;28;POS;SOLTEIRO;SERVIDOR PUBLICO;ALUGADA;NAO;NAO;2;8888.91;7142.05;17;0.5068212349043246
78234043689;519;19;FUNDAM;CASADO;SERVIDOR PUBLICO;ALUGADA;SIM;NAO;1;1795.02;1492.89;1;0.868645902235031
86834664173;520;41;SUPERIOR;CASADO;ASSALARIADO;FINANCIADA;SIM;NAO;0;30448.8;25531.34;58;0.01
50663896889;521;40;MEDIO;CASADO;ASSALARIADO;PROPRIA;SIM;NAO;1;7540.16;5850.91;38;0.3311230238206907
69976757397;522;51;MEDIO;SOLTEIRO;ASSALARIADO;PROPRIA;SIM;NAO;2;8686.61;7261.86;37;0.2042353725707243
96282827811;523;23;MEDIO;CASADO;ASSALARIADO;ALUGADA;NAO;NAO;1;1412.0;1182.73;3;0.777664395455857
35217046796;524;22;FUNDAM;SOLTEIRO;ASSALARIADO;PROPRIA;SIM;NAO;0;2825.57;2350.13;9;0.5494955667289052
96064670538;525;29;MEDIO;CASADO;SERVIDOR PUBLICO;PROPRIA;SIM;NAO;1;2773.8;2253.16;29;0.46588279725011716
98152580560;526;31;MEDIO;SOLTEIRO;AUTONOMO;PROPRIA;NAO;NAO;0;5491.09;4503.8;36;0.36785626886129064
43462710770;527;41;POS;SOLTEIRO;SERVIDOR PUBLICO;ALUGADA;SIM;SIM;1;27727.49;22547.06;60;0.1616306046162076
70365130866;528;37;FUNDAM;DIVORCIADO;ASSALARIADO;ALUGADA;SIM;SIM;3;5667.79;4597.36;61;0.13579545135091503
85630569659;529;35;MEDIO;DIVORCIADO;AUTONOMO;PROPRIA;SIM;NAO;0;20732.61;16617.83;80;0.06077069966311103
38244077189;530;18;MEDIO;DIVORCIADO;SERVIDOR PUBLICO;PROPRIA;NAO;NAO;2;3174.27;2580.69;15;0.6470946629933452
99132921838;531;35;FUNDAM;SOLTEIRO;SERVIDOR PUBLICO;PROPRIA;SIM;NAO;2;2703.19;2095.93;29;0.54695484760893
85426348033;532;26;SUPERIOR;CASADO;SERVIDOR PUBLICO;PROPRIA;SIM;NAO;0;3031.9;2445.16;4;0.7845679826029167
44099577859;533;22;FUNDAM;DIVORCIADO;EMPRESARIO;ALUGADA;SIM;NAO;1;1412.0;1111.63;8;0.9104358444535564
57594956628;534;47;MEDIO;SOLTEIRO;SERVIDOR PUBLICO;ALUGADA;NAO;NAO;1;3471.71;2903.29;40;0.2846504667078195
77752738179;535;26;FUNDAM;SOLTEIRO;SERVIDOR PUBLICO;ALUGADA;NAO;NAO;0;2764.38;2250.9;1;0.5805423230292794
84978838141;536;36;FUNDAM;CASADO;ASSALARIADO;PROPRIA;SIM;NAO;1;2158.31;1653.33;25;0.8217667275558281
51727239298;537;41;FUNDAM;CASADO;APOSENTADO;PROPRIA;SIM;SIM;1;1496.14;1140.17;7;0.7021743200375978
82596236140;538;36;POS;CASADO;ASSALARIADO;ALUGADA;SIM;NAO;1;24033.09;19014.83;57;0.17594577242399426
67620355930;539;49;POS;SOLTEIRO;EMPRESARIO;PROPRIA;SIM;NAO;2;14682.25;11537.69;38;0.35977728343068244
33367886751;540;53;MEDIO;CASADO;AUTONOMO;PROPRIA;SIM;SIM;0;11373.06;9191.61;77;0.16927709096161386
27323213686;541;18;FUNDAM;CASADO;ASSALARIADO;PROPRIA;SIM;NAO;0;1446.37;1138.36;4;0.7866493895552232
12819166034;542;40;FUNDAM;CASADO;ASSALARIADO;PROPRIA;SIM;NAO;1;4191.94;3471.87;12;0.3386009761016339
23719762639;543;37;MEDIO;SOLTEIRO;EMPRESARIO;PROPRIA;SIM;NAO;2;6932.56;5615.54;53;0.27752400313033576
30484028664;544;35;MEDIO;CASADO;ASSALARIADO;PROPRIA;SIM;SIM;1;6731.64;5309.76;49;0.19376736899235678
92255275383;545;34;MEDIO;SOLTEIRO;SERVIDOR PUBLICO;PROPRIA;NAO;SIM;0;4795.1;3807.78;24;0.27589962586690653
46628341614;546;50;MEDIO;CASADO;APOSENTADO;ALUGADA;NAO;NAO;1;10978.32;8771.23;74;0.21973957972746555
87334552368;547;43;SUPERIOR;CASADO;EMPRESARIO;CEDIDA;SIM;NAO;1;26714.94;21353.81;84;0.07106774308305856
88091333932;548;41;SUPERIOR;SOLTEIRO;EMPRESARIO;PROPRIA;SIM;SIM;0;9386.68;7613.8;58;0.31300421956658336
24842790162;549;18;MEDIO;CASADO;ASSALARIADO;PROPRIA;SIM;NAO;0;6023.35;4817.49;13;0.35679318522688536
13095132675;550;37;FUNDAM;DIVORCIADO;AUTONOMO;ALUGADA;SIM;NAO;4;2729.98;2164.91;17;0.4541995644775059
61195548284;551;49;MEDIO;CASADO;ASSALARIADO;PROPRIA;SIM;NAO;0;3114.84;2610.73;29;0.165309050327574
55150975393;552;31;MEDIO;SOLTEIRO;ASSALARIADO;ALUGADA;SIM;NAO;0;2768.95;2107.74;13;0.6076775857998795
19925245883;553;51;MEDIO;CASADO;EMPRESARIO;ALUGADA;SIM;SIM;2;5719.2;4438.47;43;0.26436086258696667
58229116877;554;33;POS;SOLTEIRO;ASSALARIADO;PROPRIA;SIM;SIM;2;16415.64;13026.11;7;0.3293175926517723
21250348196;555;19;FUNDAM;CASADO;ASSALARIADO;FINANCIADA;SIM;NAO;2;2224.05;1788.37;10;0.8799671908204242
14248844841;556;50;POS;SOLTEIRO;EMPRESARIO;ALUGADA;SIM;SIM;0;24515.08;20220.37;48;0.2621449191805272
95391252680;557;53;POS;CASADO;EMPRESARIO;ALUGADA;NAO;NAO;2;41230.64;34564.57;91;0.11710385649522334
65292528637;558;45;MEDIO;SOLTEIRO;ASSALARIADO;FINANCIADA;SIM;NAO;0;14799.46;12138.41;62;0.12963206343161837
31266691845;559;21;SUPERIOR;CASADO;SERVIDOR PUBLICO;PROPRIA;SIM;SIM;0;5347.0;4403.44;43;0.263219414422531
52687382260;560;54;SUPERIOR;CASADO;SERVIDOR PUBLICO;PROPRIA;SIM;SIM;1;10095.96;8080.51;44;0.22566828602276826
98915275059;561;25;POS;SOLTEIRO;ASSALARIADO;PROPRIA;SIM;SIM;0;9576.15;7979.32;18;0.3238151572474617
65718127386;562;37;POS;SOLTEIRO;ASSALARIADO;ALUGADA;SIM;NAO;0;26234.78;21847.15;36;0.2844097369683935
14040687860;563;59;POS;CASADO;EMPRESARIO;PROPRIA;SIM;SIM;0;47462.79;39501.67;69;0.06347394142943295
12666037159;564;31;POS;SOLTEIRO;ASSALARIADO;ALUGADA;SIM;NAO;1;35782.5;28137.8;111;0.09328984839165866
53736956291;565;38;SUPERIOR;CASADO;SERVIDOR PUBLICO;ALUGADA;NAO;SIM;1;17155.19;14068.45;60;0.13219148480321785
30389333349;566;23;POS;SOLTEIRO;APOSENTADO;ALUGADA;NAO;NAO;2;16068.01;13274.53;9;0.24296520484867262
34562960127;567;43;SUPERIOR;CASADO;ASSALARIADO;PROPRIA;SIM;SIM;2;16072.45;13255.84;73;0.2132177376949482
86811545630;568;49;MEDIO;CASADO;AUTONOMO;ALUGADA;NAO;NAO;4;8887.9;7112.91;53;0.2104337294023046
59973082212;569;29;MEDIO;CASADO;ASSALARIADO;PROPRIA;SIM;NAO;0;2737.78;2232.09;7;0.7869224256519224
36335171027;570;33;MEDIO;CASADO;ASSALARIADO;CEDIDA;SIM;NAO;0;11472.0;9592.59;59;0.2865775861976322
70163655527;571;29;MEDIO;SOLTEIRO;APOSENTADO;PROPRIA;NAO;NAO;0;5832.3;4671.52;29;0.25279724072820864
12316850983;572;28;MEDIO;CASADO;ASSALARIADO;ALUGADA;SIM;NAO;2;2591.83;2175.96;1;0.4280818402790386
11035910921;573;43;SUPERIOR;SOLTEIRO;SERVIDOR PUBLICO;ALUGADA;NAO;SIM;0;12275.58;9567.54;68;0.1856747430617987
68574484614;574;57;SUPERIOR;SOLTEIRO;EMPRESARIO;FINANCIADA;SIM;NAO;1;9895.27;8100.87;27;0.3234829598633983
12228331555;575;23;POS;DIVORCIADO;EMPRESARIO;PROPRIA;SIM;NAO;3;6142.79;4981.24;14;0.5796346558642395
22948144983;576;36;MEDIO;CASADO;SERVIDOR PUBLICO;PROPRIA;SIM;NAO;0;2758.24;2171.82;26;0.5186090511820242
10075290371;577;43;SUPERIOR;CASADO;ASSALARIADO;ALUGADA;SIM;NAO;0;20086.87;15732.51;93;0.09888491397579476
67442271925;578;18;MEDIO;CASADO;SERVIDOR PUBLICO;PROPRIA;NAO;NAO;0;3001.03;2371.07;12;0.5962459875937915
56152385757;579;53;SUPERIOR;CASADO;EMPRESARIO;ALUGADA;SIM;NAO;1;9023.01;7166.38;22;0.4272685914812748
21078561634;580;45;MEDIO;DIVORCIADO;ASSALARIADO;PROPRIA;SIM;NAO;2;9122.94;7416.49;71;0.17146894448239072
90579357690;581;48;SUPERIOR;CASADO;SERVIDOR PUBLICO;FINANCIADA;NAO;NAO;1;10933.9;8903.25;43;0.3909267521874437
69355952848;582;26;FUNDAM;CASADO;AUTONOMO;ALUGADA;NAO;NAO;0;1412.0;1141.12;1;0.8186184377416234
76786566463;583;50;FUNDAM;CASADO;EMPRESARIO;ALUGADA;SIM;NAO;0;1678.61;1346.37;25;0.2598101131187595
19537558764;584;49;POS;CASADO;EMPRESARIO;PROPRIA;NAO;SIM;0;22275.04;17456.86;39;0.1580510078071329
30388991881;585;45;MEDIO;SOLTEIRO;AUTONOMO;PROPRIA;SIM;NAO;0;5993.74;4784.32;16;0.3772679064368831
23932928663;586;37;MEDIO;DIVORCIADO;SERVIDOR PUBLICO;CEDIDA;SIM;NAO;1;9529.95;7455.2;81;0.22037641520641305
66418790521;587;50;SUPERIOR;SOLTEIRO;AUTONOMO;CEDIDA;NAO;NAO;0;26434.55;22177.51;87;0.11603304695748204
96232944782;588;52;SUPERIOR;DIVORCIADO;SERVIDOR PUBLICO;PROPRIA;SIM;NAO;3;22716.39;17921.16;77;0.10785944114929884
69736242338;589;51;MEDIO;SOLTEIRO;ASSALARIADO;PROPRIA;NAO;NAO;1;10426.91;8231.04;61;0.12758524412726313
99448021954;590;43;POS;SOLTEIRO;EMPRESARIO;PROPRIA;SIM;NAO;2;36998.79;28750.51;84;0.07566566966946031
49397374333;591;49;SUPERIOR;CASADO;ASSALARIADO;PROPRIA;SIM;NAO;1;25539.43;19960.36;79;0.08415838093022757
18469350965;592;45;SUPERIOR;CASADO;EMPRESARIO;ALUGADA;SIM;SIM;3;10656.07;8643.46;27;0.32850204926646
93912285018;593;51;POS;SOLTEIRO;ASSALARIADO;PROPRIA;SIM;NAO;0;25171.39;20601.63;60;0.14906159214613737
12432738716;594;42;POS;DIVORCIADO;ASSALARIADO;ALUGADA;NAO;SIM;0;21977.29;18137.72;44;0.15884709353140725
45279857871;595;27;FUNDAM;CASADO;AUTONOMO;CEDIDA;SIM;NAO;0;1412.0;1172.1;1;0.5730499797381517
50026295367;596;46;SUPERIOR;SOLTEIRO;APOSENTADO;PROPRIA;SIM;NAO;2;10004.67;7848.71;48;0.4122444071037916
64054692372;597;30;MEDIO;SOLTEIRO;ASSALARIADO;PROPRIA;SIM;SIM;0;6129.24;5106.65;56;0.4680350448670715
30914642924;598;45;SUPERIOR;DIVORCIADO;ASSALARIADO;PROPRIA;SIM;NAO;0;26914.67;21279.32;81;0.01
21941274687;599;29;POS;CASADO;ASSALARIADO;ALUGADA;SIM;SIM;0;25434.26;19576.22;35;0.20002282314516534
31737343715;600;47;MEDIO;CASADO;ASSALARIADO;PROPRIA;NAO;NAO;1;14546.83;11677.96;67;0.09045888915209171
91079614085;601;53;MEDIO;SOLTEIRO;APOSENTADO;PROPRIA;NAO;NAO;3;12886.06;10314.53;100;0.0773658425685218
15067219328;602;27;SUPERIOR;CASADO;ASSALARIADO;PROPRIA;SIM;SIM;0;18575.25;14498.19;63;0.17475229416669946
98863269144;603;40;SUPERIOR;SOLTEIRO;APOSENTADO;PROPRIA;SIM;NAO;2;33134.08;27206.58;92;0.14792807036719283
68215397392;604;42;SUPERIOR;CASADO;ASSALARIADO;FINANCIADA;SIM;NAO;0;25341.75;20860.46;28;0.10400403440306992
63778049514;605;53;SUPERIOR;CASADO;APOSENTADO;PROPRIA;NAO;NAO;2;22476.22;17375.89;97;0.12025263180385645
12526518115;606;40;MEDIO;SOLTEIRO;SERVIDOR PUBLICO;FINANCIADA;SIM;SIM;0;7504.2;6294.21;30;0.34421215542362615
35668622589;607;48;POS;DIVORCIADO;ASSALARIADO;FINANCIADA;SIM;NAO;1;25985.77;19920.73;32;0.1592162646341606
44552214891;608;59;SUPERIOR;SOLTEIRO;APOSENTADO;ALUGADA;NAO;NAO;2;19127.66;14821.02;60;0.15773713116075855
58313695710;609;45;FUNDAM;SOLTEIRO;EMPRESARIO;PROPRIA;SIM;NAO;3;3786.6;2991.81;30;0.2431955330710136
83039231328;610;18;FUNDAM;VIUVO;ASSALARIADO;PROPRIA;SIM;NAO;2;3090.05;2551.3;26;0.45027651616489456
61056026465;611;41;POS;CASADO;SERVIDOR PUBLICO;PROPRIA;NAO;SIM;1;38095.3;31753.56;70;0.0784614940609565
93483090282;612;23;MEDIO;CASADO;ASSALARIADO;FINANCIADA;NAO;NAO;1;3484.29;2720.36;15;0.5388747143745645
18338127344;613;33;MEDIO;DIVORCIADO;APOSENTADO;FINANCIADA;SIM;SIM;2;5483.64;4472.56;23;0.33629872282736767
57963324138;614;45;MEDIO;CASADO;AUTONOMO;PROPRIA;NAO;NAO;2;13619.24;11331.3;74;0.16064915840961536
28525888432;615;28;MEDIO;SOLTEIRO;ASSALARIADO;PROPRIA;SIM;NAO;0;2767.97;2219.33;8;0.6706957116206704
67051970091;616;30;FUNDAM;DIVORCIADO;APOSENTADO;PROPRIA;SIM;SIM;1;1466.26;1206.63;13;0.4223524433781491
92694722921;617;56;POS;SOLTEIRO;SERVIDOR PUBLICO;FINANCIADA;SIM;NAO;1;43082.95;33282.05;79;0.12362219424524343
85187783211;618;36;MEDIO;SOLTEIRO;AUTONOMO;PROPRIA;SIM;SIM;1;8597.83;6739.4;55;0.1628675349195397
62777597358;619;39;POS;SOLTEIRO;AUTONOMO;PROPRIA;NAO;SIM;2;9479.92;7667.35;28;0.48924498813636347
90331358211;620;20;POS;CASADO;ASSALARIADO;CEDIDA;SIM;NAO;2;9023.25;7408.99;39;0.564884142754313
83876723430;621;47;SUPERIOR;CASADO;SERVIDOR PUBLICO;PROPRIA;SIM;NAO;0;14966.63;12515.83;52;0.16327318276712463
71931656550;622;31;SUPERIOR;CASADO;ASSALARIADO;PROPRIA;NAO;NAO;1;14542.71;12147.26;48;0.20577075409135354
33691068817;623;25;MEDIO;CASADO;ASSALARIADO;PROPRIA;NAO;NAO;0;5826.17;4600.7;6;0.21807103271615902
47259475390;624;30;FUNDAM;CASADO;SERVIDOR PUBLICO;PROPRIA;SIM;NAO;3;5458.72;4227.6;13;0.315928867239016
68862210990;625;35;MEDIO;CASADO;ASSALARIADO;PROPRIA;NAO;SIM;0;6151.32;4978.99;3;0.27884124110923814
41061361256;626;55;POS;DIVORCIADO;AUTONOMO;PROPRIA;SIM;NAO;1;27889.96;22605.64;15;0.14301573572887577
19069437344;627;50;MEDIO;CASADO;EMPRESARIO;ALUGADA;SIM;NAO;1;4810.16;3938.38;32;0.35802789529208967
47681216134;628;34;FUNDAM;SOLTEIRO;ASSALARIADO;PROPRIA;NAO;NAO;1;1738.74;1455.66;18;0.4510617294140368
31371825695;629;39;SUPERIOR;SOLTEIRO;AUTONOMO;PROPRIA;NAO;NAO;1;30098.38;23024.49;51;0.0665696069272643
69160675881;630;37;MEDIO;SOLTEIRO;APOSENTADO;FINANCIADA;SIM;NAO;2;4547.06;3797.41;64;0.17486962768669975
81598480578;631;46;MEDIO;CASADO;SERVIDOR PUBLICO;PROPRIA;SIM;SIM;0;3790.45;2889.62;28;0.3929348124960764
81730785419;632;23;MEDIO;SOLTEIRO;SERVIDOR PUBLICO;ALUGADA;NAO;NAO;1;1412.0;1142.16;9;0.642990464362118
81171989236;633;47;SUPERIOR;CASADO;ASSALARIADO;PROPRIA;NAO;NAO;0;10442.35;8407.58;23;0.34029130465652946
54462165016;634;56;SUPERIOR;SOLTEIRO;AUTONOMO;ALUGADA;SIM;SIM;1;10707.3;8337.71;39;0.22723441950507817
88246975242;635;40;POS;SOLTEIRO;SERVIDOR PUBLICO;PROPRIA;SIM;NAO;1;47091.41;37333.22;70;0.0323416357085476
45420362230;636;40;FUNDAM;CASADO;ASSALARIADO;ALUGADA;SIM;NAO;1;4400.49;3658.14;27;0.07579456312628807
82876265574;637;46;MEDIO;DIVORCIADO;ASSALARIADO;ALUGADA;SIM;NAO;0;6926.43;5663.82;12;0.2980722533192517
68147754591;638;50;MEDIO;SOLTEIRO;APOSENTADO;PROPRIA;SIM;SIM;3;10439.38;8057.21;68;0.1680708499865911
34026945678;639;48;SUPERIOR;VIUVO;SERVIDOR PUBLICO;FINANCIADA;SIM;NAO;1;17732.21;14724.15;35;0.1588653593845587
53599651310;640;47;SUPERIOR;SOLTEIRO;APOSENTADO;ALUGADA;SIM;NAO;0;17476.81;13933.08;60;0.09494271583499722
53149783140;641;56;SUPERIOR;CASADO;SERVIDOR PUBLICO;FINANCIADA;SIM;NAO;2;27949.88;22816.05;109;0.059569053340520435
80118633340;642;42;POS;CASADO;ASSALARIADO;ALUGADA;SIM;NAO;1;24075.41;19634.32;34;0.16204147616973108
47674650393;643;41;SUPERIOR;CASADO;EMPRESARIO;PROPRIA;SIM;NAO;3;14473.63;11266.26;33;0.20785005534026987
51487636615;644;50;FUNDAM;CASADO;ASSALARIADO;PROPRIA;SIM;NAO;2;3993.18;3067.31;40;0.18323176970399235
52615872127;645;65;SUPERIOR;CASADO;APOSENTADO;PROPRIA;NAO;NAO;1;20914.28;17047.35;74;0.08606270682385898
99489699653;646;31;MEDIO;CASADO;ASSALARIADO;PROPRIA;SIM;SIM;1;3283.06;2593.02;6;0.6863365252116809
26042213750;647;27;POS;CASADO;AUTONOMO;PROPRIA;NAO;NAO;2;13990.88;11735.2;61;0.2756611447815943
37139316294;648;50;POS;SOLTEIRO;ASSALARIADO;FINANCIADA;SIM;NAO;2;15162.54;12305.09;35;0.2069029013808531
36451051424;649;39;MEDIO;CASADO;SERVIDOR PUBLICO;ALUGADA;NAO;NAO;3;2992.29;2504.87;16;0.3960237683328461
32387691190;650;27;FUNDAM;CASADO;APOSENTADO;PROPRIA;NAO;NAO;1;4203.78;3391.44;17;0.20197168489428688
34054343348;651;44;POS;DIVORCIADO;ASSALARIADO;PROPRIA;SIM;NAO;1;37295.86;28829.87;101;0.1387948298013006
79065185772;652;39;SUPERIOR;CASADO;ASSALARIADO;FINANCIADA;NAO;NAO;0;9437.66;7682.67;18;0.21158155987525787
74513751515;653;44;SUPERIOR;CASADO;ASSALARIADO;PROPRIA;SIM;NAO;0;9589.64;7347.92;25;0.34753034530009175
21440966243;654;39;MEDIO;CASADO;SERVIDOR PUBLICO;PROPRIA;SIM;SIM;0;3592.97;2978.65;26;0.44667137919650096
43149294870;655;40;MEDIO;CASADO;SERVIDOR PUBLICO;PROPRIA;NAO;NAO;1;11487.66;9401.39;54;0.13160251155534913
31378913128;656;35;SUPERIOR;SOLTEIRO;EMPRESARIO;FINANCIADA;SIM;NAO;0;30209.9;24100.81;87;0.12112947992664597
47166914726;657;54;SUPERIOR;CASADO;SERVIDOR PUBLICO;PROPRIA;SIM;NAO;3;14441.76;11176.53;42;0.2168565697200824
41523781859;658;40;POS;CASADO;APOSENTADO;PROPRIA;SIM;NAO;0;24674.54;20254.95;61;0.1873056766714551
45864972394;659;31;SUPERIOR;DIVORCIADO;AUTONOMO;PROPRIA;NAO;NAO;0;9995.36;8289.88;57;0.2562833599421413
77974283388;660;20;FUNDAM;SOLTEIRO;EMPRESARIO;PROPRIA;SIM;SIM;3;4210.98;3322.67;32;0.3789894382592198
44613088337;661;34;MEDIO;CASADO;APOSENTADO;PROPRIA;SIM;NAO;1;11268.15;8902.68;65;0.20170340443965
52897126452;662;19;MEDIO;CASADO;ASSALARIADO;ALUGADA;NAO;SIM;1;1536.7;1242.34;8;0.8362240782607497
42817293869;663;18;SUPERIOR;CASADO;ASSALARIADO;ALUGADA;SIM;NAO;0;8173.83;6854.88;29;0.25070273776923274
93192719845;664;23;MEDIO;CASADO;EMPRESARIO;ALUGADA;NAO;NAO;0;10204.56;8514.28;55;0.1819624238310383
77729213331;665;49;MEDIO;SOLTEIRO;EMPRESARIO;PROPRIA;SIM;SIM;0;16174.51;13530.67;72;0.05660672867277287
19379081154;666;49;POS;DIVORCIADO;EMPRESARIO;CEDIDA;NAO;NAO;0;37855.13;30322.75;89;0.0759341869485333
42686970521;667;22;MEDIO;CASADO;AUTONOMO;ALUGADA;SIM;NAO;1;8263.97;6591.77;55;0.15283200313289763
96796989447;668;35;POS;CASADO;AUTONOMO;ALUGADA;NAO;NAO;1;38340.53;31726.87;67;0.09210641611629942
94260450352;669;57;MEDIO;SOLTEIRO;ASSALARIADO;PROPRIA;SIM;NAO;2;5943.64;4657.2;75;0.19110460858001313
38782925050;670;40;MEDIO;CASADO;SERVIDOR PUBLICO;ALUGADA;NAO;SIM;1;10810.52;8561.78;51;0.2981766511468945
18710116162;671;42;POS;SOLTEIRO;SERVIDOR PUBLICO;FINANCIADA;SIM;NAO;0;35040.57;28165.63;101;0.16614629300451034
15665930615;672;28;POS;SOLTEIRO;SERVIDOR PUBLICO;PROPRIA;SIM;NAO;4;6512.69;4979.54;3;0.47779849741627684
72040117266;673;35;SUPERIOR;SOLTEIRO;APOSENTADO;PROPRIA;NAO;NAO;0;28900.02;22050.27;100;0.07239462755778472
36291953539;674;19;SUPERIOR;SOLTEIRO;ASSALARIADO;PROPRIA;SIM;NAO;0;10690.53;8936.07;40;0.3468928004451049
66624987114;675;61;SUPERIOR;DIVORCIADO;SERVIDOR PUBLICO;PROPRIA;NAO;NAO;2;14131.35;11654.92;61;0.1919210503507015
42360845913;676;18;MEDIO;CASADO;APOSENTADO;FINANCIADA;NAO;NAO;3;1412.0;1172.68;4;0.7755430384236777
78297662625;677;63;MEDIO;SOLTEIRO;ASSALARIADO;ALUGADA;SIM;NAO;3;19099.18;15359.78;81;0.14008823096541478
33369579783;678;29;POS;CASADO;EMPRESARIO;PROPRIA;SIM;NAO;1;21971.35;18219.48;59;0.24269611662960078
38870632974;679;26;FUNDAM;CASADO;ASSALARIADO;ALUGADA;SIM;NAO;0;1412.0;1080.39;7;0.7152047848155797
38039211734;680;24;MEDIO;CASADO;EMPRESARIO;PROPRIA;NAO;NAO;0;2473.21;1942.78;11;0.35230703965343607
47549864677;681;36;POS;CASADO;AUTONOMO;PROPRIA;SIM;NAO;1;9740.0;7459.4;1;0.6708212039790042
22435595121;682;27;POS;CASADO;EMPRESARIO;PROPRIA;SIM;NAO;0;22862.13;18485.01;49;0.21009536837227707
70597224945;683;43;SUPERIOR;SOLTEIRO;SERVIDOR PUBLICO;PROPRIA;SIM;NAO;2;31750.58;25513.59;98;0.15602015735324293
51757452285;684;59;MEDIO;CASADO;ASSALARIADO;FINANCIADA;NAO;NAO;1;4275.33;3554.55;34;0.3781484073228767
67082453370;685;21;POS;CASADO;ASSALARIADO;PROPRIA;SIM;NAO;0;6441.23;5163.11;5;0.7267225079591316
26049024697;686;32;MEDIO;CASADO;ASSALARIADO;PROPRIA;NAO;NAO;1;6511.26;5218.86;23;0.31390115147407255
75923232116;687;20;MEDIO;CASADO;AUTONOMO;ALUGADA;SIM;SIM;2;7961.16;6528.01;53;0.3426613381459129
50378682016;688;29;POS;CASADO;EMPRESARIO;PROPRIA;NAO;NAO;2;24408.12;18721.11;79;0.10025954662835476
55882195173;689;42;MEDIO;SOLTEIRO;ASSALARIADO;FINANCIADA;SIM;NAO;1;4323.49;3604.77;11;0.43979330493246543
42187419024;690;57;SUPERIOR;SOLTEIRO;APOSENTADO;ALUGADA;SIM;NAO;1;16191.14;13335.2;45;0.12904515482901682
43813393337;691;38;POS;CASADO;AUTONOMO;PROPRIA;NAO;NAO;0;23457.5;18506.88;81;0.19582211769339763
80536629765;692;36;MEDIO;SOLTEIRO;EMPRESARIO;CEDIDA;SIM;NAO;0;8885.46;6982.5;35;0.3045284578478202
50659362192;693;45;MEDIO;CASADO;SERVIDOR PUBLICO;PROPRIA;NAO;NAO;0;5714.28;4381.75;44;0.3395765424953426
30254398721;694;33;SUPERIOR;CASADO;ASSALARIADO;ALUGADA;SIM;NAO;0;16870.42;14088.6;86;0.20445467413888352
22083198614;695;47;POS;CASADO;SERVIDOR PUBLICO;FINANCIADA;SIM;NAO;0;37002.97;29998.68;80;0.06161437667772172
88642733546;696;57;MEDIO;SOLTEIRO;ASSALARIADO;CEDIDA;SIM;SIM;1;6055.24;4951.79;41;0.3528448143089646
12739927078;697;43;POS;SOLTEIRO;AUTONOMO;PROPRIA;NAO;NAO;1;25859.21;20266.62;36;0.05756324564671789
93985182729;698;27;FUNDAM;DIVORCIADO;SERVIDOR PUBLICO;PROPRIA;SIM;NAO;1;3818.18;2918.33;54;0.2721977096651852
45423342483;699;48;POS;SOLTEIRO;EMPRESARIO;PROPRIA;SIM;NAO;1;39033.55;31487.03;122;0.14244010081137615
98431922721;700;54;SUPERIOR;SOLTEIRO;ASSALARIADO;PROPRIA;SIM;NAO;1;9874.14;7518.7;39;0.41240009578529685
72849855096;701;41;SUPERIOR;CASADO;ASSALARIADO;PROPRIA;SIM;NAO;1;9573.16;7747.03;1;0.3512983962209607
67498459945;702;40;POS;CASADO;ASSALARIADO;PROPRIA;NAO;NAO;1;40795.03;31081.03;72;0.10352723427398847
10635642758;703;46;MEDIO;CASADO;APOSENTADO;PROPRIA;SIM;NAO;0;6951.27;5623.48;37;0.1435479399212684
76140796252;704;42;POS;CASADO;AUTONOMO;ALUGADA;SIM;SIM;3;39016.58;32665.73;107;0.018318005038871404
39481427063;705;36;SUPERIOR;CASADO;APOSENTADO;ALUGADA;SIM;SIM;0;25646.27;20622.09;83;0.1293724621611995
76021611447;706;24;MEDIO;CASADO;ASSALARIADO;FINANCIADA;NAO;SIM;1;1842.46;1515.4;1;0.9104124802616506
47837870292;707;41;POS;SOLTEIRO;SERVIDOR PUBLICO;PROPRIA;NAO;NAO;0;21792.62;17995.76;43;0.09527138267196734
84843530360;708;21;POS;DIVORCIADO;AUTONOMO;FINANCIADA;SIM;NAO;2;8537.98;6619.94;31;0.41304587888001193
89027846955;709;31;SUPERIOR;SOLTEIRO;ASSALARIADO;PROPRIA;SIM;NAO;0;17667.55;14259.04;56;0.1195768447600619
86084934570;710;40;MEDIO;CASADO;ASSALARIADO;PROPRIA;NAO;NAO;1;3330.68;2707.71;24;0.36525681299762547
49946915941;711;24;MEDIO;CASADO;ASSALARIADO;FINANCIADA;SIM;NAO;0;2459.81;2006.48;24;0.4813674903806925
26854350477;712;45;MEDIO;CASADO;AUTONOMO;FINANCIADA;NAO;SIM;1;5430.36;4410.74;39;0.40371184600361837
61884642529;713;40;SUPERIOR;CASADO;EMPRESARIO;ALUGADA;NAO;NAO;0;8523.64;6676.77;51;0.2597723154458461
27139923968;714;18;SUPERIOR;CASADO;ASSALARIADO;PROPRIA;SIM;NAO;0;17032.1;14275.67;22;0.1503344099227501
56133377353;715;50;POS;CASADO;SERVIDOR PUBLICO;PROPRIA;SIM;NAO;0;21881.66;17457.12;34;0.2239396121490514
69239574170;716;36;FUNDAM;CASADO;SERVIDOR PUBLICO;FINANCIADA;SIM;SIM;0;1727.28;1338.2;15;0.6276705164645869
63275160986;717;50;SUPERIOR;CASADO;APOSENTADO;FINANCIADA;SIM;SIM;1;5972.54;4871.93;12;0.41326756768631523
54856568997;718;22;FUNDAM;CASADO;ASSALARIADO;PROPRIA;NAO;NAO;1;1941.04;1572.07;3;0.8472380572383521
23940782823;719;42;SUPERIOR;CASADO;EMPRESARIO;FINANCIADA;SIM;NAO;2;24720.26;20261.65;111;0.10069695714183631
76376557770;720;18;SUPERIOR;SOLTEIRO;SERVIDOR PUBLICO;ALUGADA;SIM;NAO;2;5905.39;4652.82;17;0.6617253438877284
80767526738;721;18;FUNDAM;SOLTEIRO;ASSALARIADO;PROPRIA;SIM;NAO;0;2351.21;1871.78;12;0.5396784802868821
24580741465;722;58;MEDIO;SOLTEIRO;ASSALARIADO;FINANCIADA;SIM;NAO;3;8246.25;6356.83;78;0.07159984604196637
46467747021;723;73;SUPERIOR;CASADO;AUTONOMO;CEDIDA;NAO;NAO;1;31413.36;24345.59;73;0.1415150666849051
88954550923;724;38;FUNDAM;SOLTEIRO;EMPRESARIO;PROPRIA;SIM;NAO;1;1566.72;1214.13;24;0.5279051161192059
87681336256;725;56;MEDIO;CASADO;APOSENTADO;PROPRIA;SIM;NAO;1;4226.61;3230.08;50;0.3325030273666121
79788769065;726;31;FUNDAM;DIVORCIADO;SERVIDOR PUBLICO;PROPRIA;SIM;NAO;0;1586.03;1274.88;15;0.48439396589465644
60852646969;727;51;MEDIO;CASADO;SERVIDOR PUBLICO;ALUGADA;NAO;NAO;0;15666.27;12858.69;117;0.09285336207460847
27921482775;728;35;MEDIO;CASADO;EMPRESARIO;ALUGADA;NAO;SIM;1;3560.58;2762.74;33;0.5156321171438148
63189222045;729;69;POS;SOLTEIRO;SERVIDOR PUBLICO;ALUGADA;NAO;NAO;0;25329.97;20440.83;67;0.1973722233672638
10214623969;730;52;MEDIO;CASADO;ASSALARIADO;PROPRIA;SIM;NAO;2;15860.78;13101.79;78;0.13791767643435707
32489568690;731;59;SUPERIOR;SOLTEIRO;SERVIDOR PUBLICO;ALUGADA;SIM;NAO;0;26929.69;21041.85;110;0.08582442846659674
84313034878;732;35;SUPERIOR;SOLTEIRO;ASSALARIADO;FINANCIADA;NAO;NAO;1;5240.77;4162.84;25;0.5794842405870728
21080541586;733;37;FUNDAM;CASADO;SERVIDOR PUBLICO;PROPRIA;SIM;NAO;1;4975.14;4070.97;42;0.4020244026451426
63162246113;734;30;MEDIO;DIVORCIADO;AUTONOMO;CEDIDA;NAO;NAO;1;2737.34;2114.8;50;0.22380321169242096
79165873376;735;35;SUPERIOR;CASADO;APOSENTADO;PROPRIA;SIM;NAO;0;15986.33;13363.45;30;0.1214559303397438
75098366198;736;29;MEDIO;SOLTEIRO;ASSALARIADO;PROPRIA;SIM;NAO;0;1702.22;1387.1;8;0.653196827551774
50682054562;737;32;SUPERIOR;CASADO;ASSALARIADO;PROPRIA;SIM;NAO;1;14472.61;11667.82;51;0.23346797526732455
45075340227;738;27;MEDIO;SOLTEIRO;EMPRESARIO;ALUGADA;SIM;NAO;1;3374.83;2588.56;5;0.3747859041926008
42220883892;739;54;POS;CASADO;EMPRESARIO;FINANCIADA;SIM;SIM;2;25476.35;21163.86;71;0.21620145581964956
19454328697;740;52;MEDIO;SOLTEIRO;ASSALARIADO;PROPRIA;NAO;NAO;2;11787.28;9121.74;74;0.23058872351824355
66128875663;741;35;MEDIO;DIVORCIADO;ASSALARIADO;ALUGADA;SIM;SIM;0;4546.23;3499.89;44;0.2866113772650143
95887625987;742;32;SUPERIOR;CASADO;ASSALARIADO;PROPRIA;SIM;NAO;0;17068.96;13861.42;80;0.19445270428086125
37739543361;743;51;SUPERIOR;DIVORCIADO;ASSALARIADO;PROPRIA;NAO;NAO;0;6651.48;5347.64;17;0.45735729932641717
56125552763;744;42;SUPERIOR;CASADO;SERVIDOR PUBLICO;PROPRIA;SIM;NAO;3;9892.58;8103.95;38;0.2514905975192629
97183640331;745;45;SUPERIOR;CASADO;ASSALARIADO;PROPRIA;SIM;NAO;1;18883.55;15324.46;33;0.2220911015121811
97132877454;746;18;POS;CASADO;SERVIDOR PUBLICO;PROPRIA;NAO;NAO;0;6539.35;5337.43;4;0.8282694537401419
38316669747;747;34;SUPERIOR;CASADO;APOSENTADO;PROPRIA;NAO;SIM;0;17536.1;13657.12;30;0.13972240491489893
79271469815;748;47;SUPERIOR;CASADO;ASSALARIADO;ALUGADA;NAO;NAO;2;9704.62;8134.15;50;0.21672748798589642
75364756760;749;32;MEDIO;CASADO;ASSALARIADO;ALUGADA;NAO;NAO;0;2657.71;2195.39;15;0.6302918245873546
95417665554;750;53;MEDIO;CASADO;SERVIDOR PUBLICO;PROPRIA;SIM;SIM;0;6169.37;5096.21;45;0.27162161522178524
47055672350;751;45;SUPERIOR;CASADO;SERVIDOR PUBLICO;ALUGADA;SIM;NAO;1;22564.1;17727.14;77;0.08900430239657334
87320944716;752;18;MEDIO;CASADO;ASSALARIADO;ALUGADA;SIM;NAO;0;2117.14;1638.3;7;0.734722993941854
31045032656;753;29;MEDIO;CASADO;ASSALARIADO;PROPRIA;NAO;NAO;0;3996.81;3046.7;3;0.32327763847956004
59151697431;754;43;SUPERIOR;VIUVO;SERVIDOR PUBLICO;PROPRIA;NAO;NAO;0;15197.01;12735.79;44;0.1337890033781408
67885281622;755;48;SUPERIOR;CASADO;ASSALARIADO;ALUGADA;NAO;SIM;0;27234.41;20977.81;68;0.05462087241817708
58758741186;756;50;MEDIO;CASADO;SERVIDOR PUBLICO;PROPRIA;SIM;NAO;1;3987.11;3229.11;14;0.44617404846274283
11110481664;757;29;SUPERIOR;SOLTEIRO;SERVIDOR PUBLICO;CEDIDA;NAO;NAO;2;11074.11;9152.5;45;0.27676966339337705
73894359883;758;44;FUNDAM;CASADO;ASSALARIADO;CEDIDA;NAO;NAO;0;5860.07;4818.07;52;0.4006314773389672
35262667747;759;34;FUNDAM;CASADO;ASSALARIADO;ALUGADA;SIM;NAO;1;1412.0;1150.15;16;0.6324182037759613
81932419764;760;38;MEDIO;DIVORCIADO;AUTONOMO;ALUGADA;SIM;NAO;1;3690.25;2998.84;23;0.4159349091812333
82840282923;761;52;POS;CASADO;ASSALARIADO;PROPRIA;SIM;SIM;1;39827.26;31653.24;80;0.0960814089518257
58975426240;762;39;SUPERIOR;SOLTEIRO;EMPRESARIO;PROPRIA;SIM;SIM;1;20360.06;16082.39;37;0.1520856184631382
51781236247;763;44;SUPERIOR;SOLTEIRO;SERVIDOR PUBLICO;PROPRIA;NAO;NAO;0;14145.46;10950.41;60;0.20990743807122333
48299631423;764;24;FUNDAM;CASADO;ASSALARIADO;PROPRIA;SIM;NAO;1;1502.22;1241.16;8;0.5214686833003801
89221649149;765;43;SUPERIOR;CASADO;ASSALARIADO;PROPRIA;SIM;NAO;1;28447.42;22183.43;80;0.10576172171089082
87394663190;766;40;MEDIO;SOLTEIRO;SERVIDOR PUBLICO;PROPRIA;SIM;NAO;1;6235.87;4868.24;6;0.1727608296218166
70728623348;767;34;SUPERIOR;CASADO;ASSALARIADO;FINANCIADA;SIM;NAO;0;6793.94;5163.85;10;0.4273913171894246
74923684043;768;25;MEDIO;CASADO;SERVIDOR PUBLICO;FINANCIADA;SIM;NAO;0;2593.15;2061.36;19;0.8321082765046052
81692294284;769;18;SUPERIOR;SOLTEIRO;SERVIDOR PUBLICO;FINANCIADA;SIM;NAO;0;15558.76;12293.57;54;0.15827450602818166
96131480068;770;32;SUPERIOR;SOLTEIRO;ASSALARIADO;CEDIDA;SIM;NAO;1;6862.0;5628.67;18;0.5564896793107746
81897721620;771;35;SUPERIOR;SOLTEIRO;AUTONOMO;PROPRIA;SIM;NAO;1;24467.02;18611.48;90;0.15671828464264112
62441798180;772;30;MEDIO;CASADO;ASSALARIADO;PROPRIA;SIM;NAO;1;2283.22;1811.19;4;0.7260037879273321
70634046231;773;60;SUPERIOR;SOLTEIRO;SERVIDOR PUBLICO;ALUGADA;NAO;NAO;0;26627.01;20567.21;61;0.11801554671420914
13775387340;774;72;MEDIO;DIVORCIADO;ASSALARIADO;PROPRIA;NAO;NAO;2;6800.87;5395.38;33;0.1789233908548485
99215048626;775;22;MEDIO;CASADO;SERVIDOR PUBLICO;PROPRIA;SIM;NAO;1;4325.38;3560.3;24;0.37176630868938776
11923450067;776;58;SUPERIOR;DIVORCIADO;ASSALARIADO;ALUGADA;SIM;SIM;0;24484.78;18697.48;88;0.0808296193657051
85357359736;777;44;MEDIO;CASADO;ASSALARIADO;PROPRIA;SIM;SIM;2;6656.65;5341.72;58;0.12584282212860765
62458761674;778;35;MEDIO;CASADO;ASSALARIADO;ALUGADA;SIM;NAO;1;3200.19;2519.35;16;0.4165875350891387
75626475712;779;30;SUPERIOR;DIVORCIADO;EMPRESARIO;PROPRIA;NAO;NAO;0;6130.06;4782.46;16;0.3782466847777535
34473932187;780;48;SUPERIOR;SOLTEIRO;ASSALARIADO;PROPRIA;SIM;SIM;1;10925.9;8936.85;37;0.3565555221549091
11669492856;781;18;SUPERIOR;SOLTEIRO;AUTONOMO;PROPRIA;SIM;NAO;2;7156.77;5588.55;21;0.5494140405651657
42767996056;782;42;SUPERIOR;SOLTEIRO;SERVIDOR PUBLICO;ALUGADA;NAO;NAO;1;9322.4;7156.93;25;0.32802349198224956
92360448284;783;43;MEDIO;SOLTEIRO;ASSALARIADO;PROPRIA;SIM;NAO;0;11312.47;8970.68;47;0.16361289896109035
61143175380;784;49;FUNDAM;SOLTEIRO;SERVIDOR PUBLICO;ALUGADA;NAO;SIM;2;8497.2;6727.85;83;0.2874500210200529
67832323811;785;29;POS;CASADO;SERVIDOR PUBLICO;ALUGADA;NAO;NAO;2;20675.88;16656.67;20;0.23585034240890698
37278192532;786;42;SUPERIOR;SOLTEIRO;ASSALARIADO;ALUGADA;NAO;NAO;2;4061.17;3173.36;12;0.7281961336265466
13231340087;787;35;MEDIO;DIVORCIADO;ASSALARIADO;PROPRIA;NAO;SIM;0;4997.99;4041.88;47;0.21610696642011085
40420563162;788;44;SUPERIOR;CASADO;ASSALARIADO;ALUGADA;NAO;NAO;1;11649.51;9099.51;41;0.08038796622778896
75646474716;789;32;SUPERIOR;CASADO;ASSALARIADO;PROPRIA;SIM;NAO;2;10652.39;8136.99;47;0.3445665166778111
85226458358;790;44;FUNDAM;SOLTEIRO;ASSALARIADO;ALUGADA;SIM;NAO;3;2332.34;1831.83;8;0.5309132004030449
55112991963;791;45;POS;DIVORCIADO;ASSALARIADO;ALUGADA;NAO;NAO;1;44905.62;36836.77;70;0.10708776355672493
66318497451;792;55;SUPERIOR;CASADO;ASSALARIADO;PROPRIA;SIM;NAO;1;10647.82;8191.48;52;0.216509060715932
76687045025;793;40;POS;SOLTEIRO;ASSALARIADO;PROPRIA;NAO;NAO;0;16258.83;13496.43;28;0.28490964888570586
81617034251;794;46;MEDIO;CASADO;ASSALARIADO;ALUGADA;NAO;NAO;0;5905.91;4542.24;39;0.3246352710967993
73383520842;795;53;POS;SOLTEIRO;ASSALARIADO;PROPRIA;SIM;NAO;2;41529.65;34448.31;106;0.039146062323260906
12821396271;796;22;SUPERIOR;CASADO;SERVIDOR PUBLICO;PROPRIA;NAO;SIM;0;4851.27;4007.27;7;0.853762569811477
84229361952;797;37;FUNDAM;SOLTEIRO;SERVIDOR PUBLICO;PROPRIA;SIM;NAO;1;1412.0;1165.69;17;0.7517963358165991
21253087993;798;35;FUNDAM;DIVORCIADO;EMPRESARIO;PROPRIA;SIM;NAO;1;4160.25;3443.95;20;0.4408395633781987
13910453966;799;39;MEDIO;SOLTEIRO;EMPRESARIO;PROPRIA;SIM;NAO;1;3899.44;3161.53;24;0.4861268601077945
72146535642;800;18;MEDIO;SOLTEIRO;ASSALARIADO;PROPRIA;SIM;NAO;2;1542.23;1184.44;18;0.6447820403737605
28717233043;801;29;FUNDAM;CASADO;SERVIDOR PUBLICO;FINANCIADA;SIM;NAO;2;1857.18;1471.31;30;0.2847887186876834
17190058365;802;42;POS;CASADO;SERVIDOR PUBLICO;PROPRIA;SIM;NAO;1;37838.01;28928.58;78;0.17080387306142153
68745569430;803;44;FUNDAM;SOLTEIRO;ASSALARIADO;CEDIDA;SIM;NAO;3;6655.22;5482.31;37;0.3611533450638922
58059080713;804;20;MEDIO;CASADO;ASSALARIADO;FINANCIADA;SIM;SIM;0;4680.16;3645.01;78;0.35370613537415213
84727611014;805;28;MEDIO;CASADO;EMPRESARIO;ALUGADA;NAO;SIM;1;5329.55;4228.64;59;0.23457877728378976
67125767797;806;31;MEDIO;DIVORCIADO;ASSALARIADO;PROPRIA;NAO;NAO;1;2782.2;2158.45;19;0.3327319292364703
97224330985;807;44;FUNDAM;DIVORCIADO;SERVIDOR PUBLICO;PROPRIA;SIM;SIM;2;2337.08;1957.59;7;0.7418860997392988
18911112577;808;41;MEDIO;DIVORCIADO;ASSALARIADO;PROPRIA;NAO;NAO;0;2040.46;1588.54;1;0.7149182314826721
35034163862;809;39;SUPERIOR;SOLTEIRO;ASSALARIADO;PROPRIA;SIM;NAO;2;10552.32;8413.91;60;0.40149879234581376
95418427546;810;53;MEDIO;SOLTEIRO;APOSENTADO;CEDIDA;SIM;NAO;0;15872.58;13327.02;85;0.133000001332129
14481474215;811;26;MEDIO;CASADO;SERVIDOR PUBLICO;FINANCIADA;SIM;SIM;0;1412.0;1081.44;6;0.8758368844115891
56148968838;812;30;MEDIO;CASADO;SERVIDOR PUBLICO;PROPRIA;NAO;NAO;1;3037.12;2320.22;23;0.3187948363132448
26062887875;813;47;POS;CASADO;ASSALARIADO;PROPRIA;NAO;NAO;0;37000.8;29054.53;83;0.13706404828961385
90132284750;814;32;FUNDAM;CASADO;ASSALARIADO;ALUGADA;SIM;NAO;0;1680.07;1360.23;1;0.6450071648222019
22390424955;815;27;MEDIO;SOLTEIRO;ASSALARIADO;PROPRIA;NAO;NAO;1;3273.58;2596.34;11;0.6179068772884563
64691798424;816;42;SUPERIOR;DIVORCIADO;ASSALARIADO;PROPRIA;NAO;NAO;0;12424.33;9627.54;4;0.4242709868946603
48795536838;817;56;MEDIO;CASADO;SERVIDOR PUBLICO;PROPRIA;NAO;NAO;0;4669.45;3660.46;42;0.2625534359059102
40511561243;818;39;SUPERIOR;CASADO;ASSALARIADO;PROPRIA;SIM;NAO;2;17132.62;13248.05;53;0.23844777488130048
45356320342;819;28;SUPERIOR;CASADO;ASSALARIADO;PROPRIA;SIM;NAO;3;29630.48;22836.64;79;0.114317697857291
24279743644;820;44;POS;VIUVO;SERVIDOR PUBLICO;FINANCIADA;NAO;NAO;1;23676.24;19130.35;57;0.21900367849304864
79247530367;821;59;MEDIO;CASADO;SERVIDOR PUBLICO;PROPRIA;SIM;NAO;1;3194.51;2630.8;19;0.3064576405284123
68876013810;822;68;SUPERIOR;CASADO;ASSALARIADO;PROPRIA;SIM;NAO;0;19401.53;15200.24;91;0.06661605433332109
66043291097;823;44;MEDIO;CASADO;SERVIDOR PUBLICO;ALUGADA;SIM;SIM;1;8818.12;7023.95;29;0.16931445338310852
18743245514;824;27;POS;DIVORCIADO;ASSALARIADO;PROPRIA;SIM;NAO;3;26431.21;20476.94;23;0.11936773969163107
94556368111;825;36;SUPERIOR;CASADO;ASSALARIADO;PROPRIA;SIM;NAO;1;10770.33;8682.09;36;0.3109869234000579
46434659777;826;26;POS;SOLTEIRO;ASSALARIADO;ALUGADA;SIM;NAO;3;6645.73;5480.41;15;0.8286992979417164
16269196794;827;30;MEDIO;DIVORCIADO;AUTONOMO;PROPRIA;SIM;NAO;0;8569.6;7140.47;90;0.12881219147674766
18016669979;828;53;SUPERIOR;CASADO;EMPRESARIO;ALUGADA;SIM;NAO;1;17388.02;14414.33;24;0.20744628755869038
43819760695;829;28;MEDIO;CASADO;ASSALARIADO;PROPRIA;SIM;NAO;1;2697.15;2128.73;33;0.5810524634399354
59387077896;830;19;SUPERIOR;CASADO;SERVIDOR PUBLICO;PROPRIA;NAO;NAO;1;12297.94;9718.9;25;0.3536857600085515
36683546639;831;49;MEDIO;CASADO;ASSALARIADO;CEDIDA;NAO;NAO;1;6921.89;5736.01;78;0.21578154773937355
91758367857;832;21;SUPERIOR;CASADO;ASSALARIADO;ALUGADA;SIM;NAO;0;8246.29;6628.36;41;0.2704696484179812
71590783925;833;41;SUPERIOR;SOLTEIRO;ASSALARIADO;PROPRIA;NAO;NAO;2;33449.23;26473.22;79;0.05066631727523835
25996780195;834;57;MEDIO;CASADO;SERVIDOR PUBLICO;FINANCIADA;SIM;SIM;0;11050.36;9177.4;80;0.115606977492239
71359765187;835;42;MEDIO;CASADO;ASSALARIADO;PROPRIA;SIM;NAO;0;6809.78;5254.88;15;0.2756066655606056
29842145920;836;67;FUNDAM;SOLTEIRO;SERVIDOR PUBLICO;PROPRIA;SIM;SIM;0;7093.0;5510.31;47;0.11184128292258698
59655758615;837;18;MEDIO;SOLTEIRO;EMPRESARIO;FINANCIADA;NAO;NAO;3;1936.96;1528.54;18;0.6200430614463837
23625274414;838;31;SUPERIOR;CASADO;ASSALARIADO;ALUGADA;NAO;NAO;1;20694.15;17305.15;61;0.11394070850175521
40955055121;839;56;MEDIO;CASADO;AUTONOMO;FINANCIADA;SIM;NAO;3;6790.9;5679.84;67;0.2626432986744013
31785630196;840;42;MEDIO;SOLTEIRO;ASSALARIADO;PROPRIA;NAO;NAO;1;6052.86;4647.96;34;0.3143191291889193
21239326434;841;38;SUPERIOR;CASADO;EMPRESARIO;PROPRIA;NAO;NAO;2;21289.36;17800.52;82;0.0873828746908297
52715916677;842;38;MEDIO;VIUVO;SERVIDOR PUBLICO;PROPRIA;NAO;NAO;2;5465.61;4415.42;29;0.3593870615894891
77538010734;843;46;POS;VIUVO;ASSALARIADO;PROPRIA;NAO;NAO;0;36790.87;28732.21;70;0.025647236175311672
51964172688;844;29;MEDIO;SOLTEIRO;ASSALARIADO;PROPRIA;NAO;NAO;2;1870.96;1453.29;4;0.6771544756438403
28791284056;845;51;SUPERIOR;SOLTEIRO;AUTONOMO;ALUGADA;NAO;NAO;0;26983.36;21221.23;60;0.06957970948690362
78955294951;846;32;SUPERIOR;SOLTEIRO;SERVIDOR PUBLICO;ALUGADA;SIM;NAO;0;13303.03;11040.96;24;0.3030214120283003
27787410363;847;51;POS;VIUVO;ASSALARIADO;PROPRIA;NAO;NAO;1;37705.73;29096.89;80;0.16368497080829703
71678489889;848;18;FUNDAM;CASADO;ASSALARIADO;PROPRIA;SIM;NAO;0;1700.09;1407.03;3;0.9114827522052923
16027247712;849;26;SUPERIOR;CASADO;ASSALARIADO;PROPRIA;NAO;NAO;1;10582.4;8375.53;36;0.3854433468548343
53261410292;850;36;MEDIO;SOLTEIRO;APOSENTADO;PROPRIA;NAO;NAO;0;4631.23;3778.68;44;0.31827782395042337
87115813462;851;42;MEDIO;CASADO;AUTONOMO;ALUGADA;SIM;NAO;0;10457.39;8091.88;103;0.02352266147851806
49947527835;852;19;MEDIO;CASADO;EMPRESARIO;PROPRIA;SIM;NAO;1;3406.33;2666.91;17;0.555309314645594
77746816743;853;52;SUPERIOR;CASADO;ASSALARIADO;PROPRIA;SIM;NAO;0;18597.87;14163.76;62;0.15682101183293554
34237678068;854;18;FUNDAM;VIUVO;ASSALARIADO;PROPRIA;SIM;NAO;0;2028.56;1558.0;13;0.6255726510016923
18835833665;855;53;MEDIO;CASADO;SERVIDOR PUBLICO;PROPRIA;SIM;NAO;3;9073.03;7505.47;38;0.14307050127689874
28950182893;856;45;SUPERIOR;CASADO;ASSALARIADO;PROPRIA;NAO;NAO;3;16774.12;13912.71;63;0.13921647729595835
11429386539;857;36;SUPERIOR;DIVORCIADO;EMPRESARIO;PROPRIA;SIM;NAO;0;29462.89;23959.13;65;0.05771872939195436
55926693166;858;42;MEDIO;CASADO;APOSENTADO;PROPRIA;SIM;SIM;3;4213.72;3223.92;22;0.3241836214815886
41810618581;859;44;MEDIO;CASADO;SERVIDOR PUBLICO;PROPRIA;SIM;SIM;1;5792.13;4708.92;57;0.29862248427057364
31463494315;860;48;POS;CASADO;AUTONOMO;PROPRIA;SIM;NAO;0;40556.33;32003.5;90;0.13094815028968051
79762538314;861;37;POS;SOLTEIRO;ASSALARIADO;PROPRIA;SIM;NAO;1;9808.73;8230.3;18;0.4011042856424605
15573260934;862;22;POS;DIVORCIADO;ASSALARIADO;PROPRIA;SIM;SIM;1;15691.33;12420.4;48;0.31631789472627675
51054323138;863;38;MEDIO;VIUVO;APOSENTADO;PROPRIA;NAO;NAO;2;3914.16;3261.58;29;0.29611172223515225
84472272516;864;19;SUPERIOR;CASADO;AUTONOMO;PROPRIA;SIM;NAO;0;10322.03;8513.68;35;0.12144718010140565
51541946752;865;33;SUPERIOR;CASADO;ASSALARIADO;PROPRIA;NAO;NAO;2;14404.35;11599.11;76;0.189925919888059
45592757637;866;24;SUPERIOR;CASADO;ASSALARIADO;PROPRIA;NAO;NAO;4;9238.16;7359.71;63;0.16947820277759332
13942290468;867;47;SUPERIOR;CASADO;ASSALARIADO;PROPRIA;SIM;NAO;1;28092.99;23390.57;60;0.13703491228175008
88754681244;868;47;POS;CASADO;SERVIDOR PUBLICO;ALUGADA;NAO;NAO;1;24183.13;19122.8;69;0.1913655996276452
41398823768;869;31;FUNDAM;CASADO;ASSALARIADO;ALUGADA;NAO;NAO;2;1412.0;1129.28;6;0.8548487493439234
98476039852;870;34;SUPERIOR;SOLTEIRO;EMPRESARIO;FINANCIADA;NAO;NAO;1;4416.92;3429.14;2;0.5467587624558196
31545822855;871;43;POS;CASADO;APOSENTADO;ALUGADA;SIM;NAO;2;20292.13;15558.84;66;0.22126229848466805
22697467455;872;39;MEDIO;CASADO;SERVIDOR PUBLICO;PROPRIA;SIM;NAO;2;12678.52;9995.83;49;0.17578185554764642
76288554536;873;43;SUPERIOR;CASADO;ASSALARIADO;ALUGADA;SIM;SIM;1;9337.76;7722.96;9;0.19193951994645891
14327367221;874;32;SUPERIOR;DIVORCIADO;ASSALARIADO;ALUGADA;SIM;NAO;1;17206.82;14260.69;57;0.1644100079440799
32646037130;875;44;SUPERIOR;CASADO;ASSALARIADO;ALUGADA;NAO;SIM;0;28982.73;22543.1;74;0.10471824849656677
71121629122;876;53;POS;SOLTEIRO;ASSALARIADO;FINANCIADA;SIM;NAO;1;41421.77;32980.09;117;0.06839231426738727
53322761965;877;54;MEDIO;CASADO;SERVIDOR PUBLICO;FINANCIADA;NAO;NAO;0;2829.1;2278.54;30;0.5293137616887068
28323556396;878;52;POS;CASADO;SERVIDOR PUBLICO;ALUGADA;SIM;NAO;0;15898.19;13043.75;61;0.15077986107712296
78445325130;879;46;SUPERIOR;SOLTEIRO;ASSALARIADO;CEDIDA;NAO;NAO;1;24856.93;19160.6;78;0.09817459085580353
60875240560;880;61;SUPERIOR;SOLTEIRO;APOSENTADO;PROPRIA;SIM;NAO;2;15377.56;12083.47;83;0.2573339955840518
10383299369;881;41;SUPERIOR;SOLTEIRO;APOSENTADO;ALUGADA;SIM;SIM;0;12124.52;9640.66;36;0.07517841781351285
80776017234;882;51;SUPERIOR;CASADO;EMPRESARIO;PROPRIA;NAO;NAO;0;9062.6;7310.23;36;0.25837963793730456
20444023173;883;54;POS;DIVORCIADO;AUTONOMO;ALUGADA;SIM;NAO;2;41053.55;31349.92;79;0.10958522104223184
94712452316;884;42;SUPERIOR;CASADO;SERVIDOR PUBLICO;PROPRIA;NAO;NAO;0;28339.03;22131.53;71;0.11432337772182101
99378461649;885;30;POS;CASADO;EMPRESARIO;PROPRIA;NAO;NAO;3;9181.77;7040.17;19;0.3171891398276267
37677353131;886;51;SUPERIOR;CASADO;SERVIDOR PUBLICO;PROPRIA;SIM;SIM;0;27620.37;21525.84;77;0.12592160519765225
19086316083;887;26;MEDIO;SOLTEIRO;AUTONOMO;PROPRIA;NAO;NAO;2;4360.07;3397.94;19;0.2021716538874134
43473099886;888;40;MEDIO;SOLTEIRO;ASSALARIADO;PROPRIA;SIM;NAO;3;8248.94;6338.15;65;0.19278465536947656
57315529282;889;45;MEDIO;SOLTEIRO;ASSALARIADO;PROPRIA;SIM;NAO;2;12822.84;10625.04;89;0.06648590990706849
77812537381;890;36;POS;CASADO;AUTONOMO;FINANCIADA;SIM;NAO;1;25896.91;21734.87;35;0.201888357252633
11491337747;891;33;MEDIO;SOLTEIRO;ASSALARIADO;FINANCIADA;SIM;NAO;0;3804.49;3111.18;17;0.6468658176387727
91361512089;892;37;MEDIO;SOLTEIRO;ASSALARIADO;PROPRIA;SIM;NAO;3;3386.53;2713.45;15;0.6143284694670047
14518889026;893;23;MEDIO;SOLTEIRO;ASSALARIADO;ALUGADA;NAO;NAO;1;3502.04;2741.45;15;0.2858754055011803
19585116510;894;38;SUPERIOR;SOLTEIRO;ASSALARIADO;FINANCIADA;SIM;NAO;0;18115.42;15202.61;47;0.10356828445902927
85059231758;895;46;MEDIO;CASADO;SERVIDOR PUBLICO;PROPRIA;SIM;SIM;1;6996.78;5576.2;39;0.33551701640028225
39015936150;896;53;POS;CASADO;ASSALARIADO;ALUGADA;SIM;NAO;0;23431.49;18676.26;37;0.13816866342346107
30069563743;897;62;SUPERIOR;CASADO;ASSALARIADO;ALUGADA;SIM;NAO;1;15993.29;12518.59;60;0.19803354432597098
85068532113;898;55;FUNDAM;SOLTEIRO;AUTONOMO;CEDIDA;SIM;NAO;0;1795.41;1377.45;7;0.47505941884813
45832536478;899;44;POS;VIUVO;SERVIDOR PUBLICO;PROPRIA;SIM;NAO;0;35758.71;27617.69;110;0.052926592505842945
10838065176;900;35;SUPERIOR;CASADO;ASSALARIADO;ALUGADA;SIM;SIM;2;23573.51;19266.0;96;0.10884297092047035
89240698827;901;35;SUPERIOR;SOLTEIRO;SERVIDOR PUBLICO;PROPRIA;SIM;SIM;0;13974.23;11043.87;40;0.17163551335135918
59354295468;902;46;POS;DIVORCIADO;AUTONOMO;PROPRIA;SIM;SIM;1;39377.92;30125.58;75;0.11474209738239508
77340858156;903;45;SUPERIOR;CASADO;EMPRESARIO;PROPRIA;NAO;NAO;1;18182.9;14240.08;68;0.13778501869023155
50767234166;904;42;MEDIO;SOLTEIRO;AUTONOMO;PROPRIA;NAO;NAO;1;7463.06;5681.48;63;0.26052938338823894
80543250380;905;50;SUPERIOR;CASADO;SERVIDOR PUBLICO;FINANCIADA;SIM;SIM;3;14487.56;12065.09;16;0.10735502581658021
47077315374;906;20;MEDIO;CASADO;SERVIDOR PUBLICO;PROPRIA;SIM;SIM;3;1607.44;1335.0;9;0.8164218059844471
34429953450;907;43;SUPERIOR;CASADO;ASSALARIADO;FINANCIADA;NAO;NAO;0;6249.65;4939.25;25;0.44334188334771113
48476485261;908;35;MEDIO;SOLTEIRO;ASSALARIADO;PROPRIA;SIM;NAO;0;9451.37;7814.03;54;0.17904219270361774
94834717025;909;40;SUPERIOR;SOLTEIRO;SERVIDOR PUBLICO;PROPRIA;NAO;NAO;0;15410.53;12787.48;71;0.10363037236866403
88899782978;910;56;SUPERIOR;SOLTEIRO;ASSALARIADO;ALUGADA;NAO;SIM;3;15616.95;12399.94;77;0.21986814561684287
10468459462;911;60;MEDIO;CASADO;ASSALARIADO;FINANCIADA;SIM;NAO;0;4177.71;3371.01;38;0.30216028375655
33988629015;912;37;MEDIO;CASADO;ASSALARIADO;PROPRIA;NAO;NAO;2;8467.51;6619.85;68;0.16701361348944946
41859651473;913;45;MEDIO;VIUVO;SERVIDOR PUBLICO;ALUGADA;SIM;NAO;1;4135.46;3334.57;8;0.2922610350578425
11330710127;914;39;MEDIO;SOLTEIRO;ASSALARIADO;PROPRIA;SIM;NAO;1;11208.47;9213.3;59;0.21157604960359738
62913486191;915;52;MEDIO;CASADO;ASSALARIADO;PROPRIA;SIM;NAO;1;4504.29;3773.27;40;0.3137533107187147
95089258216;916;33;SUPERIOR;CASADO;AUTONOMO;ALUGADA;NAO;NAO;1;15318.79;11956.56;64;0.22214777744221614
99858566885;917;27;SUPERIOR;SOLTEIRO;EMPRESARIO;FINANCIADA;SIM;NAO;2;17755.71;14013.8;13;0.28062507828676553
92162750314;918;34;FUNDAM;SOLTEIRO;AUTONOMO;PROPRIA;SIM;SIM;2;2115.67;1693.8;2;0.5181288351616623
41689133472;919;47;SUPERIOR;DIVORCIADO;ASSALARIADO;FINANCIADA;NAO;NAO;1;4891.92;4008.64;21;0.3483015040680547
78452744389;920;64;MEDIO;SOLTEIRO;EMPRESARIO;PROPRIA;SIM;NAO;0;18063.99;15061.56;107;0.16524932529031522
72226689514;921;30;MEDIO;CASADO;ASSALARIADO;PROPRIA;NAO;NAO;1;1412.0;1129.34;8;0.7283159314904344
81611420458;922;26;MEDIO;CASADO;EMPRESARIO;PROPRIA;SIM;NAO;1;5759.81;4490.69;59;0.2780936689658922
87162531819;923;41;SUPERIOR;CASADO;ASSALARIADO;PROPRIA;NAO;NAO;3;4741.47;3921.71;7;0.9379442387470798
69899245653;924;46;MEDIO;SOLTEIRO;SERVIDOR PUBLICO;PROPRIA;SIM;SIM;0;3671.49;2971.14;39;0.4430404745508007
94426399568;925;37;MEDIO;CASADO;ASSALARIADO;PROPRIA;SIM;NAO;0;11140.73;9071.16;58;0.18751675200959086
77146416473;926;31;SUPERIOR;CASADO;EMPRESARIO;PROPRIA;NAO;NAO;0;27500.14;23041.8;106;0.10636874172950664
61573786891;927;49;MEDIO;CASADO;EMPRESARIO;ALUGADA;SIM;NAO;2;10482.33;8051.76;25;0.21983617844704317
17682863288;928;46;MEDIO;CASADO;ASSALARIADO;FINANCIADA;SIM;NAO;1;4515.11;3620.55;16;0.267387423515258
78039610913;929;46;SUPERIOR;DIVORCIADO;ASSALARIADO;PROPRIA;NAO;NAO;4;9728.79;7781.57;56;0.33353927451745136
29678328647;930;48;SUPERIOR;DIVORCIADO;APOSENTADO;ALUGADA;NAO;NAO;1;14530.8;11584.36;52;0.15792834627488916
32937976328;931;54;SUPERIOR;SOLTEIRO;ASSALARIADO;PROPRIA;SIM;NAO;1;27819.55;21821.54;64;0.06413824775678334
95121552684;932;44;MEDIO;SOLTEIRO;SERVIDOR PUBLICO;ALUGADA;NAO;NAO;1;2525.85;2047.16;28;0.5246901299916532
99069869094;933;27;MEDIO;CASADO;APOSENTADO;ALUGADA;SIM;NAO;2;2161.87;1700.53;2;0.8193619688340557
19973864319;934;34;FUNDAM;CASADO;ASSALARIADO;PROPRIA;SIM;NAO;0;1727.11;1319.59;29;0.2832830504328013
92691371241;935;67;POS;CASADO;SERVIDOR PUBLICO;PROPRIA;NAO;NAO;2;36714.63;28730.92;57;0.04615370516784427
53218339460;936;40;SUPERIOR;CASADO;APOSENTADO;ALUGADA;NAO;NAO;2;14739.41;12272.44;47;0.17237347220047314
75539441514;937;52;SUPERIOR;SOLTEIRO;ASSALARIADO;PROPRIA;SIM;NAO;0;25495.79;19641.31;89;0.1008272268540887
94883980357;938;26;MEDIO;CASADO;ASSALARIADO;ALUGADA;NAO;NAO;2;2982.08;2445.88;9;0.7067618308259929
63715042335;939;50;POS;SOLTEIRO;SERVIDOR PUBLICO;FINANCIADA;SIM;NAO;2;37697.86;30804.12;58;0.15525864044890267
63130417033;940;39;MEDIO;DIVORCIADO;SERVIDOR PUBLICO;PROPRIA;SIM;NAO;3;6931.14;5658.31;32;0.2742001533236392
67829491725;941;27;SUPERIOR;DIVORCIADO;ASSALARIADO;PROPRIA;SIM;SIM;2;17484.18;13415.3;29;0.19699132644461498
32277230559;942;28;SUPERIOR;VIUVO;EMPRESARIO;FINANCIADA;SIM;NAO;2;7995.98;6204.76;39;0.35825408451504215
47170047411;943;29;MEDIO;SOLTEIRO;ASSALARIADO;PROPRIA;SIM;NAO;1;3965.24;3322.32;15;0.29390242429983354
67039629091;944;40;SUPERIOR;CASADO;EMPRESARIO;ALUGADA;SIM;NAO;1;6642.2;5175.96;27;0.4037651482284088
41718322916;945;32;POS;DIVORCIADO;SERVIDOR PUBLICO;PROPRIA;SIM;NAO;2;24414.75;19263.2;70;0.1475741838291229
73747330417;946;31;SUPERIOR;SOLTEIRO;SERVIDOR PUBLICO;CEDIDA;SIM;SIM;0;21603.96;17927.14;90;0.05512772129191287
35844242742;947;50;POS;CASADO;AUTONOMO;PROPRIA;SIM;SIM;2;44991.01;36540.96;78;0.0959286640577098
34776687820;948;21;FUNDAM;DIVORCIADO;SERVIDOR PUBLICO;FINANCIADA;SIM;NAO;0;1412.0;1131.32;18;0.7245076240210258
97488570383;949;28;FUNDAM;DIVORCIADO;ASSALARIADO;FINANCIADA;NAO;NAO;1;1872.46;1458.69;13;0.5936544537775901
78135889945;950;49;POS;SOLTEIRO;EMPRESARIO;CEDIDA;SIM;NAO;0;14034.07;11295.16;59;0.31474041244200135
31298266680;951;42;SUPERIOR;SOLTEIRO;ASSALARIADO;PROPRIA;NAO;NAO;2;8659.91;6854.07;48;0.3086483701615051
72812454543;952;55;FUNDAM;SOLTEIRO;APOSENTADO;FINANCIADA;SIM;NAO;2;5429.5;4391.08;45;0.3328977180781966
25255661962;953;42;POS;SOLTEIRO;ASSALARIADO;FINANCIADA;SIM;SIM;1;36338.54;29711.7;81;0.0818785765510121
58233557519;954;32;MEDIO;SOLTEIRO;ASSALARIADO;PROPRIA;NAO;SIM;0;2508.84;1934.55;16;0.6079958963584106
68944822867;955;31;SUPERIOR;CASADO;ASSALARIADO;PROPRIA;SIM;NAO;1;15437.53;12196.54;20;0.1924623830211372
56188758557;956;46;POS;SOLTEIRO;AUTONOMO;PROPRIA;SIM;SIM;0;23201.72;19327.78;54;0.15170482062266455
58333217167;957;36;MEDIO;VIUVO;SERVIDOR PUBLICO;PROPRIA;SIM;NAO;1;5950.09;4786.27;34;0.2887549130252216
39326935197;958;48;POS;SOLTEIRO;ASSALARIADO;PROPRIA;SIM;SIM;4;42239.34;33496.67;90;0.09083551064113918
10681711961;959;52;SUPERIOR;DIVORCIADO;AUTONOMO;PROPRIA;NAO;NAO;4;30453.4;24383.76;107;0.08714386589333521
63718859993;960;36;MEDIO;CASADO;ASSALARIADO;PROPRIA;SIM;NAO;1;3983.74;3090.6;21;0.4566023438791963
15580986680;961;42;MEDIO;CASADO;EMPRESARIO;PROPRIA;SIM;NAO;1;15650.4;12327.33;79;0.05136478314102215
32716134071;962;40;POS;CASADO;ASSALARIADO;ALUGADA;SIM;NAO;2;14515.7;11054.18;21;0.3266442145178251
90388759327;963;50;POS;SOLTEIRO;AUTONOMO;ALUGADA;SIM;SIM;0;25346.86;20396.1;54;0.15795791994812639
55563845055;964;65;SUPERIOR;CASADO;APOSENTADO;PROPRIA;SIM;NAO;0;16131.11;12435.42;62;0.1968981400948395
39618466312;965;70;SUPERIOR;SOLTEIRO;ASSALARIADO;ALUGADA;NAO;SIM;3;17273.87;13650.85;45;0.16611568163607862
41344561096;966;35;SUPERIOR;DIVORCIADO;AUTONOMO;PROPRIA;NAO;NAO;0;19144.07;14740.17;44;0.20392491516183467
80721952484;967;31;MEDIO;SOLTEIRO;SERVIDOR PUBLICO;PROPRIA;SIM;NAO;2;3868.39;3179.4;24;0.37069059063265997
90832938847;968;49;SUPERIOR;SOLTEIRO;ASSALARIADO;ALUGADA;SIM;NAO;0;12458.75;9721.27;57;0.22585402888655198
24553714870;969;48;FUNDAM;CASADO;APOSENTADO;ALUGADA;SIM;NAO;1;1966.64;1597.49;31;0.2784287104362567
62731369653;970;42;MEDIO;VIUVO;APOSENTADO;FINANCIADA;NAO;SIM;2;5212.16;4272.13;37;0.39535997063830985
64219476650;971;36;SUPERIOR;SOLTEIRO;AUTONOMO;ALUGADA;NAO;NAO;0;7872.09;6440.98;46;0.36947739236724336
72587070643;972;31;MEDIO;CASADO;SERVIDOR PUBLICO;FINANCIADA;NAO;NAO;0;2995.96;2494.9;15;0.5872449207694153
57382723766;973;52;SUPERIOR;SOLTEIRO;ASSALARIADO;PROPRIA;SIM;SIM;1;6866.17;5630.56;3;0.45530319161967703
26530471215;974;37;POS;SOLTEIRO;APOSENTADO;PROPRIA;NAO;NAO;0;25476.03;21393.22;51;0.12434664232075132
24183384213;975;51;POS;SOLTEIRO;APOSENTADO;PROPRIA;NAO;NAO;1;38241.15;29615.15;80;0.08400960332947982
90681315335;976;33;MEDIO;CASADO;ASSALARIADO;ALUGADA;NAO;SIM;2;9753.13;7765.93;50;0.12079316949480057
32538416117;977;32;MEDIO;SOLTEIRO;APOSENTADO;PROPRIA;SIM;NAO;1;4674.73;3761.33;38;0.33797103638440956
77850181231;978;50;POS;SOLTEIRO;ASSALARIADO;PROPRIA;NAO;NAO;1;45015.14;34254.98;108;0.10882261739240941
75777646642;979;44;MEDIO;DIVORCIADO;SERVIDOR PUBLICO;CEDIDA;SIM;NAO;4;7643.71;6220.33;24;0.40714677437488306
84814748535;980;20;MEDIO;SOLTEIRO;AUTONOMO;PROPRIA;NAO;NAO;1;6412.6;5108.9;35;0.26841991428028666
24435910819;981;44;POS;SOLTEIRO;ASSALARIADO;PROPRIA;SIM;NAO;1;26259.37;21983.69;47;0.17442104324723445
34042491649;982;21;SUPERIOR;DIVORCIADO;SERVIDOR PUBLICO;CEDIDA;NAO;NAO;2;6446.35;4961.32;1;0.39284599064292525
27656958828;983;64;MEDIO;CASADO;APOSENTADO;FINANCIADA;SIM;SIM;1;8991.08;7476.94;96;0.07136230309050343
13632491615;984;47;SUPERIOR;CASADO;SERVIDOR PUBLICO;PROPRIA;NAO;NAO;1;28253.83;22922.3;89;0.2350221410784226
41964266442;985;46;FUNDAM;SOLTEIRO;SERVIDOR PUBLICO;ALUGADA;SIM;SIM;1;1412.0;1148.38;9;0.353976303509693
62867686685;986;42;SUPERIOR;CASADO;ASSALARIADO;ALUGADA;SIM;SIM;2;7429.74;6028.11;56;0.2879527821189597
67827232797;987;36;FUNDAM;CASADO;ASSALARIADO;PROPRIA;NAO;NAO;3;2581.21;2146.3;22;0.28640800919909826
33285181746;988;46;MEDIO;CASADO;ASSALARIADO;PROPRIA;SIM;NAO;2;7311.93;5967.55;19;0.19425309367474655
44738224788;989;46;SUPERIOR;DIVORCIADO;SERVIDOR PUBLICO;ALUGADA;SIM;NAO;0;14702.36;11222.8;60;0.15064081000213148
20716979087;990;18;MEDIO;DIVORCIADO;ASSALARIADO;PROPRIA;NAO;SIM;1;4465.83;3700.85;22;0.5115887569826215
26647646139;991;18;FUNDAM;CASADO;SERVIDOR PUBLICO;PROPRIA;SIM;SIM;0;3073.65;2368.49;24;0.4450163020149053
65878614937;992;43;FUNDAM;SOLTEIRO;ASSALARIADO;PROPRIA;SIM;NAO;1;3067.45;2362.45;38;0.5182806094720895
89830035157;993;43;POS;DIVORCIADO;ASSALARIADO;PROPRIA;SIM;NAO;2;23754.09;19627.8;12;0.16004351002286396
80592714654;994;39;SUPERIOR;CASADO;APOSENTADO;ALUGADA;NAO;NAO;3;8949.97;7283.91;37;0.28996666958337663
22829359532;995;30;SUPERIOR;SOLTEIRO;ASSALARIADO;PROPRIA;SIM;SIM;1;18530.0;14630.76;56;0.1781307132753256
51696132998;996;35;SUPERIOR;SOLTEIRO;SERVIDOR PUBLICO;PROPRIA;SIM;NAO;3;26909.22;21434.95;103;0.10852968643309141
14749971348;997;40;MEDIO;CASADO;SERVIDOR PUBLICO;PROPRIA;SIM;SIM;1;1909.33;1493.65;15;0.7264572749736471
23441778390;998;44;POS;CASADO;ASSALARIADO;ALUGADA;NAO;NAO;0;38175.09;32058.8;72;0.1327791389010477
20361588035;999;18;FUNDAM;SOLTEIRO;EMPRESARIO;PROPRIA;SIM;SIM;1;1564.57;1200.79;2;0.7755506023486229
49696352621;1000;52;POS;CASADO;EMPRESARIO;ALUGADA;SIM;NAO;0;15436.72;12706.96;31;0.3064379877629382
98718438876;1001;36;SUPERIOR;CASADO;ASSALARIADO;PROPRIA;SIM;NAO;1;16849.65;13342.2;32;0.18127119173651005
87481861852;1002;42;POS;CASADO;ASSALARIADO;PROPRIA;SIM;NAO;3;14333.57;11058.62;37;0.421392006569538
78782976585;1003;26;FUNDAM;SOLTEIRO;APOSENTADO;FINANCIADA;SIM;SIM;0;1970.25;1626.91;8;0.7849855371847915
54272779549;1004;40;SUPERIOR;CASADO;SERVIDOR PUBLICO;PROPRIA;SIM;NAO;0;5235.69;4120.39;31;0.3759393603610326
46416520324;1005;49;POS;CASADO;ASSALARIADO;ALUGADA;NAO;NAO;2;9153.02;7003.92;6;0.4399724499278251
14383496843;1006;49;SUPERIOR;CASADO;EMPRESARIO;PROPRIA;SIM;NAO;1;11808.5;9311.15;48;0.35399534380970465
23923373419;1007;21;MEDIO;VIUVO;ASSALARIADO;FINANCIADA;NAO;NAO;0;3517.11;2854.85;17;0.7603265721868191
17999250849;1008;22;FUNDAM;CASADO;SERVIDOR PUBLICO;FINANCIADA;SIM;NAO;2;1477.79;1226.35;11;0.6935275835987057
83244253969;1009;41;SUPERIOR;SOLTEIRO;ASSALARIADO;PROPRIA;NAO;SIM;1;16318.99;12814.0;19;0.06652844785872837
20721227423;1010;55;MEDIO;SOLTEIRO;SERVIDOR PUBLICO;PROPRIA;SIM;NAO;3;2156.16;1740.3;41;0.31396285198162854
96822980246;1011;42;SUPERIOR;SOLTEIRO;AUTONOMO;PROPRIA;NAO;NAO;4;19364.41;15638.9;32;0.19011751976146252
93620133731;1012;26;FUNDAM;SOLTEIRO;ASSALARIADO;ALUGADA;SIM;NAO;0;1412.0;1174.92;7;0.644487038676475
93791287414;1013;18;FUNDAM;CASADO;ASSALARIADO;FINANCIADA;SIM;NAO;0;1678.7;1300.02;8;0.6061290781017674
76570365896;1014;35;SUPERIOR;CASADO;EMPRESARIO;ALUGADA;SIM;NAO;1;27901.35;22881.6;83;0.055081659378488246
67734176075;1015;35;MEDIO;SOLTEIRO;ASSALARIADO;PROPRIA;SIM;NAO;0;3432.5;2763.99;22;0.450701272380333
86937333073;1016;19;FUNDAM;SOLTEIRO;AUTONOMO;PROPRIA;SIM;NAO;2;2054.38;1691.8;2;0.8049518568438226
91380887623;1017;35;POS;CASADO;ASSALARIADO;FINANCIADA;NAO;NAO;0;23342.39;18825.72;18;0.191485600798694
67980439531;1018;19;SUPERIOR;SOLTEIRO;SERVIDOR PUBLICO;PROPRIA;SIM;NAO;0;11438.92;9441.23;42;0.11261213214060845
11493127841;1019;18;MEDIO;SOLTEIRO;EMPRESARIO;ALUGADA;SIM;NAO;0;2681.68;2079.56;8;0.7861901780618347
32252531426;1020;57;SUPERIOR;CASADO;ASSALARIADO;ALUGADA;SIM;NAO;1;26515.6;20813.88;114;0.14707657768665738
48177314651;1021;27;SUPERIOR;VIUVO;ASSALARIADO;PROPRIA;SIM;NAO;0;6521.65;5458.23;28;0.5442982394213397
44966160362;1022;39;POS;SOLTEIRO;SERVIDOR PUBLICO;PROPRIA;SIM;SIM;0;20137.83;15691.18;69;0.2635530678187825
11367832929;1023;27;MEDIO;SOLTEIRO;ASSALARIADO;PROPRIA;SIM;NAO;0;2396.73;1845.65;5;0.5982061302098467
54425063430;1024;25;FUNDAM;SOLTEIRO;SERVIDOR PUBLICO;ALUGADA;SIM;SIM;0;1679.87;1359.23;6;0.9149358134917217
48866330048;1025;43;SUPERIOR;CASADO;ASSALARIADO;ALUGADA;SIM;NAO;0;3673.23;2866.89;7;0.6614427101525898
63331068077;1026;35;POS;CASADO;ASSALARIADO;ALUGADA;SIM;NAO;3;14825.85;12137.02;47;0.3349711462029346
76056574470;1027;36;FUNDAM;CASADO;ASSALARIADO;PROPRIA;SIM;NAO;0;1420.96;1191.16;13;0.6022030828348569
33060568889;1028;33;MEDIO;CASADO;SERVIDOR PUBLICO;ALUGADA;NAO;NAO;2;2086.89;1590.16;12;0.7068759608531141
73562216677;1029;28;POS;CASADO;ASSALARIADO;PROPRIA;SIM;NAO;1;22480.97;17679.55;105;0.14449235254189097
98044915069;1030;36;FUNDAM;SOLTEIRO;APOSENTADO;ALUGADA;SIM;SIM;0;2430.64;1857.45;21;0.5536205959607096
91254366985;1031;43;MEDIO;CASADO;EMPRESARIO;PROPRIA;NAO;NAO;1;15432.38;12306.53;61;0.07140947047693216
79386614822;1032;35;MEDIO;CASADO;ASSALARIADO;PROPRIA;SIM;NAO;1;5343.95;4456.1;31;0.41701579743082906
24884633330;1033;38;MEDIO;CASADO;ASSALARIADO;PROPRIA;NAO;NAO;2;10077.21;8097.3;72;0.07116261746782702
93618041094;1034;60;POS;CASADO;ASSALARIADO;PROPRIA;NAO;SIM;1;40520.9;32385.88;79;0.07217236306950787
54811550596;1035;52;SUPERIOR;CASADO;AUTONOMO;ALUGADA;SIM;NAO;1;21438.06;17977.41;87;0.17019911733973098
24748353281;1036;35;MEDIO;CASADO;SERVIDOR PUBLICO;PROPRIA;NAO;NAO;2;4584.47;3640.73;13;0.5466623593817523
91391646075;1037;29;POS;CASADO;SERVIDOR PUBLICO;PROPRIA;SIM;NAO;1;25910.14;20467.17;47;0.09180852699318731
67347522072;1038;42;MEDIO;DIVORCIADO;ASSALARIADO;FINANCIADA;SIM;NAO;1;2841.52;2200.91;9;0.5907129260547069
25956636851;1039;53;MEDIO;DIVORCIADO;SERVIDOR PUBLICO;PROPRIA;SIM;NAO;2;13340.56;10671.64;30;0.12704678555780413
87727429669;1040;29;MEDIO;CASADO;APOSENTADO;PROPRIA;SIM;NAO;0;11838.13;9040.01;61;0.24508683624760136
54466985534;1041;22;MEDIO;CASADO;AUTONOMO;PROPRIA;NAO;NAO;0;5516.11;4347.44;41;0.18307281654283444
68247992970;1042;42;MEDIO;CASADO;ASSALARIADO;PROPRIA;SIM;NAO;0;3449.94;2870.94;27;0.4750000458234649
78412691968;1043;44;SUPERIOR;SOLTEIRO;ASSALARIADO;PROPRIA;NAO;NAO;2;10994.9;8468.41;60;0.1756494622827625
91063988843;1044;46;POS;CASADO;APOSENTADO;PROPRIA;SIM;NAO;1;14275.85;11004.84;17;0.372550530991008
18414689424;1045;19;SUPERIOR;CASADO;AUTONOMO;PROPRIA;NAO;NAO;1;4351.62;3315.46;5;0.7959576776599917
61641937217;1046;45;SUPERIOR;SOLTEIRO;AUTONOMO;PROPRIA;SIM;NAO;1;10508.69;8237.32;34;0.28812719862405645
15641265997;1047;34;POS;CASADO;ASSALARIADO;PROPRIA;SIM;NAO;1;23536.42;17930.7;44;0.0931835932157194
99550159751;1048;55;SUPERIOR;CASADO;ASSALARIADO;PROPRIA;NAO;NAO;2;29377.18;24612.2;93;0.13478829675304435
92175518485;1049;46;FUNDAM;CASADO;ASSALARIADO;FINANCIADA;NAO;NAO;1;1412.0;1152.78;4;0.6200347778995923
38826726484;1050;45;POS;DIVORCIADO;SERVIDOR PUBLICO;PROPRIA;SIM;NAO;0;39165.16;32203.61;42;0.16457068305424516
63920676955;1051;29;FUNDAM;SOLTEIRO;APOSENTADO;FINANCIADA;SIM;NAO;0;1569.04;1214.93;17;0.752686181903218
94572695217;1052;31;POS;CASADO;ASSALARIADO;PROPRIA;SIM;SIM;2;12522.82;10166.45;38;0.23594163354259307
65490066667;1053;43;FUNDAM;CASADO;ASSALARIADO;FINANCIADA;SIM;NAO;2;1698.49;1328.26;12;0.6499835027272339
63253040638;1054;19;POS;DIVORCIADO;ASSALARIADO;FINANCIADA;SIM;NAO;0;11594.51;8942.58;29;0.4052950117188938
11542344478;1055;23;SUPERIOR;SOLTEIRO;ASSALARIADO;FINANCIADA;NAO;NAO;0;2678.23;2101.58;1;0.7794558790304064
24671877879;1056;39;SUPERIOR;CASADO;ASSALARIADO;CEDIDA;NAO;NAO;1;14894.8;11697.16;18;0.2099261336165358
64112788076;1057;41;FUNDAM;CASADO;APOSENTADO;ALUGADA;NAO;NAO;0;2146.08;1782.32;17;0.5131805310482022
67566960877;1058;48;MEDIO;SOLTEIRO;SERVIDOR PUBLICO;PROPRIA;SIM;NAO;0;14788.81;11990.44;50;0.18246947610809922
87753442510;1059;26;FUNDAM;CASADO;ASSALARIADO;PROPRIA;SIM;SIM;2;2437.49;1856.34;64;0.2546001522358728
10069131513;1060;34;SUPERIOR;SOLTEIRO;ASSALARIADO;PROPRIA;SIM;NAO;0;10170.58;8058.69;39;0.29520253221257653
37181046934;1061;18;FUNDAM;CASADO;SERVIDOR PUBLICO;CEDIDA;NAO;NAO;2;2113.1;1745.07;9;0.46465757488947423
49287829862;1062;31;FUNDAM;DIVORCIADO;SERVIDOR PUBLICO;ALUGADA;SIM;NAO;1;1412.0;1078.92;7;0.9542391588011374
65074281012;1063;25;FUNDAM;SOLTEIRO;AUTONOMO;FINANCIADA;SIM;NAO;2;2960.89;2278.62;16;0.4240508183607018
61442612247;1064;45;SUPERIOR;CASADO;ASSALARIADO;CEDIDA;SIM;NAO;3;16814.88;13936.77;55;0.1895650736111059
56231498951;1065;31;POS;CASADO;AUTONOMO;PROPRIA;SIM;SIM;0;27324.68;22467.66;51;0.2136823303672217
23214046862;1066;29;POS;DIVORCIADO;SERVIDOR PUBLICO;PROPRIA;NAO;NAO;2;9264.79;7380.6;13;0.40601287065777414
67357643833;1067;28;SUPERIOR;SOLTEIRO;ASSALARIADO;PROPRIA;NAO;NAO;0;12126.76;9685.29;47;0.18398256135021895
63943610870;1068;67;POS;CASADO;SERVIDOR PUBLICO;PROPRIA;SIM;NAO;0;39459.92;31457.96;94;0.10142245963659488
53675616418;1069;54;MEDIO;DIVORCIADO;AUTONOMO;PROPRIA;SIM;SIM;2;7834.5;5996.51;49;0.2238488879188283
84355337015;1070;49;SUPERIOR;DIVORCIADO;SERVIDOR PUBLICO;PROPRIA;NAO;NAO;1;12986.47;10307.4;58;0.14997377018669383
47259447397;1071;44;MEDIO;DIVORCIADO;SERVIDOR PUBLICO;PROPRIA;SIM;NAO;1;5782.53;4695.89;81;0.26295191607771873
58585872592;1072;46;SUPERIOR;DIVORCIADO;AUTONOMO;PROPRIA;SIM;NAO;0;15508.84;12465.29;11;0.15577427658385815
66944712297;1073;49;MEDIO;DIVORCIADO;EMPRESARIO;ALUGADA;SIM;NAO;1;12999.99;10019.06;84;0.071660501961302
12660594484;1074;49;MEDIO;CASADO;SERVIDOR PUBLICO;FINANCIADA;SIM;NAO;0;16197.15;13196.33;88;0.08768025993212
99311451315;1075;18;MEDIO;CASADO;APOSENTADO;PROPRIA;SIM;NAO;1;2004.1;1559.61;4;0.98
89213087877;1076;51;MEDIO;CASADO;EMPRESARIO;PROPRIA;NAO;SIM;0;6805.5;5286.78;62;0.15766177646640608
97989188133;1077;26;SUPERIOR;SOLTEIRO;ASSALARIADO;ALUGADA;SIM;NAO;1;16890.74;13211.4;36;0.2060358747792007
95416872235;1078;41;SUPERIOR;CASADO;SERVIDOR PUBLICO;PROPRIA;NAO;NAO;0;11583.81;8839.21;33;0.26938326466052254
19390971357;1079;37;SUPERIOR;SOLTEIRO;SERVIDOR PUBLICO;PROPRIA;SIM;NAO;0;18491.96;15025.16;28;0.10850824648291857
34991855027;1080;38;FUNDAM;SOLTEIRO;ASSALARIADO;FINANCIADA;NAO;SIM;2;1659.9;1364.93;13;0.7017236244289494
18559812739;1081;39;POS;CASADO;ASSALARIADO;FINANCIADA;SIM;NAO;1;8313.38;6346.8;26;0.4698495646546863
10155654845;1082;57;POS;CASADO;EMPRESARIO;FINANCIADA;SIM;NAO;0;39159.81;30320.98;108;0.014225006343560664
60488816163;1083;31;MEDIO;SOLTEIRO;ASSALARIADO;FINANCIADA;NAO;NAO;2;11676.76;9297.43;47;0.16340409503559494
12738728579;1084;28;SUPERIOR;SOLTEIRO;AUTONOMO;FINANCIADA;NAO;SIM;2;4954.6;3974.65;1;0.7454557439230193
22425093773;1085;31;FUNDAM;CASADO;ASSALARIADO;PROPRIA;NAO;NAO;0;2120.87;1705.14;13;0.7552175585263622
56977011881;1086;41;POS;DIVORCIADO;EMPRESARIO;PROPRIA;SIM;NAO;0;14947.88;12083.92;9;0.13359958556500492
10756735473;1087;42;POS;CASADO;ASSALARIADO;PROPRIA;SIM;NAO;0;13320.91;10776.7;35;0.3276178302009143
82730473750;1088;39;SUPERIOR;VIUVO;ASSALARIADO;PROPRIA;SIM;NAO;0;27657.61;21023.43;46;0.13107557275617962
98427861861;1089;18;MEDIO;SOLTEIRO;ASSALARIADO;PROPRIA;SIM;NAO;2;2188.39;1668.56;2;0.5793184591698197
17183084612;1090;22;SUPERIOR;CASADO;AUTONOMO;PROPRIA;SIM;NAO;0;17434.34;14499.54;81;0.16087678223215196
24487259482;1091;19;SUPERIOR;CASADO;ASSALARIADO;FINANCIADA;SIM;SIM;1;5297.27;4446.58;15;0.8833588868042717
47016923553;1092;36;MEDIO;CASADO;ASSALARIADO;PROPRIA;NAO;NAO;1;5647.01;4425.76;43;0.2877553762136071
27518338167;1093;41;SUPERIOR;CASADO;ASSALARIADO;PROPRIA;SIM;NAO;1;12913.35;10180.39;24;0.3904331291077934
47354189224;1094;24;MEDIO;CASADO;ASSALARIADO;PROPRIA;NAO;NAO;1;6969.02;5757.16;43;0.32884302139787847
87870783515;1095;44;SUPERIOR;SOLTEIRO;ASSALARIADO;FINANCIADA;SIM;NAO;2;16437.56;13177.69;55;0.21385050587151283
61363470416;1096;52;POS;CASADO;AUTONOMO;PROPRIA;SIM;NAO;1;36921.8;28756.69;70;0.097587897896378
54512969110;1097;51;FUNDAM;SOLTEIRO;APOSENTADO;ALUGADA;SIM;NAO;0;7283.8;6075.56;23;0.1421071299897188
30435650571;1098;20;MEDIO;CASADO;EMPRESARIO;PROPRIA;NAO;SIM;1;8613.64;7080.45;31;0.33220886714129283
69134265518;1099;26;MEDIO;CASADO;APOSENTADO;PROPRIA;NAO;NAO;0;4367.51;3418.64;27;0.2459307151229888
70064912150;1100;58;POS;CASADO;ASSALARIADO;PROPRIA;SIM;SIM;1;24834.79;19188.92;91;0.18275504944335846
35722810997;1101;36;SUPERIOR;SOLTEIRO;EMPRESARIO;PROPRIA;SIM;NAO;2;27448.12;20955.76;64;0.07556146521623398
27784753055;1102;22;FUNDAM;DIVORCIADO;ASSALARIADO;FINANCIADA;SIM;NAO;0;1412.0;1125.69;1;0.9122751792707783
81320172785;1103;35;SUPERIOR;CASADO;APOSENTADO;PROPRIA;SIM;NAO;0;5789.79;4501.99;13;0.9133746022126914
28763489082;1104;33;MEDIO;SOLTEIRO;ASSALARIADO;PROPRIA;NAO;NAO;1;2028.16;1660.3;12;0.49796166567477407
92923183236;1105;28;MEDIO;SOLTEIRO;SERVIDOR PUBLICO;PROPRIA;SIM;SIM;1;1640.6;1308.69;4;0.8694662313593287
41242342180;1106;43;SUPERIOR;CASADO;SERVIDOR PUBLICO;ALUGADA;SIM;NAO;1;24670.62;20410.44;83;0.11814041440515292
41214252521;1107;30;SUPERIOR;SOLTEIRO;ASSALARIADO;ALUGADA;SIM;NAO;4;18801.95;15724.12;86;0.26688747640667926
19053718588;1108;45;SUPERIOR;CASADO;EMPRESARIO;FINANCIADA;SIM;NAO;1;5442.21;4405.88;11;0.44046792115143624
97468539049;1109;25;FUNDAM;CASADO;ASSALARIADO;PROPRIA;NAO;NAO;1;3035.9;2316.05;20;0.4001110448724832
95138731114;1110;55;POS;CASADO;ASSALARIADO;ALUGADA;NAO;NAO;0;38235.66;31587.16;113;0.039994775686669315
76831844520;1111;46;SUPERIOR;SOLTEIRO;APOSENTADO;ALUGADA;NAO;NAO;1;6495.78;5362.11;34;0.283633139049549
12873571929;1112;35;POS;CASADO;APOSENTADO;FINANCIADA;SIM;NAO;0;24866.03;20003.66;64;0.16894468119189732
14268123554;1113;40;SUPERIOR;CASADO;AUTONOMO;ALUGADA;SIM;NAO;1;20718.02;15761.25;99;0.15365606939837673
46693328964;1114;55;POS;SOLTEIRO;ASSALARIADO;PROPRIA;SIM;NAO;0;14002.48;11474.77;46;0.34040145500270114
70252196075;1115;48;SUPERIOR;CASADO;ASSALARIADO;ALUGADA;NAO;SIM;0;7102.54;5929.34;44;0.3565732693513438
62690087849;1116;43;SUPERIOR;CASADO;SERVIDOR PUBLICO;CEDIDA;SIM;NAO;1;9304.96;7301.54;27;0.16285432727890337
95526869014;1117;52;SUPERIOR;CASADO;ASSALARIADO;ALUGADA;NAO;NAO;1;22482.03;18404.13;78;0.11499291226787013
55631884577;1118;22;MEDIO;VIUVO;EMPRESARIO;PROPRIA;NAO;NAO;2;1908.36;1466.87;3;0.9020764838325952
52021460022;1119;57;MEDIO;CASADO;SERVIDOR PUBLICO;PROPRIA;NAO;NAO;2;9619.13;7422.13;40;0.1376277491609016
24836655923;1120;41;POS;SOLTEIRO;ASSALARIADO;ALUGADA;SIM;NAO;0;50363.23;42031.36;88;0.05967723658658162
34951949668;1121;37;MEDIO;CASADO;SERVIDOR PUBLICO;PROPRIA;SIM;NAO;0;2336.88;1871.93;9;0.6506676364598648
68037645273;1122;25;FUNDAM;CASADO;APOSENTADO;ALUGADA;SIM;NAO;0;1412.0;1122.63;5;0.9195613357814882
18095854860;1123;18;FUNDAM;CASADO;ASSALARIADO;ALUGADA;NAO;NAO;1;1822.81;1465.76;6;0.7497195708391724
29643112434;1124;46;MEDIO;CASADO;ASSALARIADO;PROPRIA;NAO;NAO;0;4833.41;3754.82;19;0.3077254698274291
23911070557;1125;51;SUPERIOR;CASADO;EMPRESARIO;ALUGADA;NAO;SIM;0;8114.58;6673.04;37;0.412071260522448
43648694258;1126;34;POS;CASADO;SERVIDOR PUBLICO;PROPRIA;SIM;NAO;1;13081.68;10856.8;27;0.3276525218116265
65894075710;1127;45;SUPERIOR;DIVORCIADO;ASSALARIADO;ALUGADA;SIM;NAO;2;29238.76;23374.93;102;0.15636972691068202
68132574412;1128;45;SUPERIOR;DIVORCIADO;ASSALARIADO;CEDIDA;NAO;SIM;0;17986.26;14861.04;42;0.2096992291062519
70196884379;1129;34;SUPERIOR;CASADO;EMPRESARIO;ALUGADA;NAO;NAO;0;15287.17;12535.43;76;0.22758854702088524
87894297449;1130;45;SUPERIOR;VIUVO;ASSALARIADO;PROPRIA;SIM;NAO;2;16034.01;12255.21;37;0.10529201938092136
20116369193;1131;36;SUPERIOR;CASADO;APOSENTADO;ALUGADA;NAO;NAO;0;7609.33;6247.4;15;0.5315334459728913
18357341334;1132;37;MEDIO;CASADO;AUTONOMO;FINANCIADA;NAO;NAO;0;5796.01;4682.73;28;0.32296984513854793
38577963619;1133;49;SUPERIOR;CASADO;SERVIDOR PUBLICO;PROPRIA;SIM;NAO;2;25055.58;21004.8;104;0.14908431830176883
46441277436;1134;40;POS;SOLTEIRO;SERVIDOR PUBLICO;PROPRIA;NAO;NAO;2;23029.09;18613.11;42;0.1713351405604519
35167381938;1135;26;MEDIO;SOLTEIRO;SERVIDOR PUBLICO;PROPRIA;SIM;NAO;1;3193.47;2563.03;28;0.442988152738175
45424826840;1136;46;MEDIO;CASADO;ASSALARIADO;PROPRIA;NAO;NAO;0;15205.0;11609.89;88;0.13476586920183972
24659139341;1137;46;FUNDAM;CASADO;ASSALARIADO;PROPRIA;SIM;NAO;0;2349.12;1954.95;6;0.7327261751832955
10317767692;1138;29;FUNDAM;SOLTEIRO;ASSALARIADO;ALUGADA;SIM;NAO;1;4606.97;3841.87;16;0.4939226582448627
14751599217;1139;36;SUPERIOR;DIVORCIADO;ASSALARIADO;PROPRIA;SIM;NAO;4;10447.66;8405.09;26;0.26876973045579267
74481127679;1140;21;MEDIO;CASADO;ASSALARIADO;PROPRIA;NAO;NAO;1;3973.7;3237.23;35;0.365058471766852
71040899469;1141;28;FUNDAM;SOLTEIRO;SERVIDOR PUBLICO;FINANCIADA;NAO;SIM;1;2943.72;2461.61;27;0.5603509297395612
54454555822;1142;49;MEDIO;CASADO;EMPRESARIO;PROPRIA;SIM;NAO;2;7098.45;5405.37;7;0.2884913288768545
95691851229;1143;19;MEDIO;SOLTEIRO;ASSALARIADO;ALUGADA;SIM;NAO;0;7304.42;5986.51;33;0.32236158248081836
39018947093;1144;39;POS;DIVORCIADO;ASSALARIADO;PROPRIA;SIM;SIM;0;14391.99;11833.32;27;0.3241225359703823
33046265253;1145;30;SUPERIOR;CASADO;APOSENTADO;PROPRIA;SIM;NAO;3;12042.99;9909.79;50;0.15142329801136287
39923380226;1146;33;MEDIO;CASADO;AUTONOMO;CEDIDA;SIM;NAO;1;2006.84;1614.43;6;0.5564019668781008
98772570250;1147;23;MEDIO;CASADO;APOSENTADO;PROPRIA;SIM;NAO;1;3935.58;3254.11;43;0.29738063488127975
59056683532;1148;42;SUPERIOR;CASADO;ASSALARIADO;ALUGADA;SIM;NAO;1;9509.77;7908.81;18;0.1830864115562733
13726813025;1149;38;SUPERIOR;CASADO;ASSALARIADO;PROPRIA;SIM;NAO;1;4413.13;3453.82;19;0.7860903956066233
73499817925;1150;24;SUPERIOR;SOLTEIRO;EMPRESARIO;PROPRIA;NAO;NAO;1;3914.3;3016.63;15;0.40055722875992555
67916828196;1151;41;MEDIO;CASADO;ASSALARIADO;FINANCIADA;NAO;SIM;1;3997.41;3326.24;32;0.5048541383288673
90929122528;1152;18;FUNDAM;CASADO;SERVIDOR PUBLICO;PROPRIA;NAO;SIM;1;2238.76;1773.15;1;0.7225876191485705
70069441712;1153;30;POS;CASADO;ASSALARIADO;PROPRIA;SIM;SIM;2;9011.68;6957.92;18;0.38341360896247473
87582951428;1154;46;FUNDAM;DIVORCIADO;SERVIDOR PUBLICO;PROPRIA;SIM;NAO;3;1797.15;1504.01;20;0.42439398760509445
73082042062;1155;38;SUPERIOR;CASADO;EMPRESARIO;PROPRIA;NAO;NAO;3;10719.75;8484.79;14;0.29455941966541677
88067028452;1156;36;FUNDAM;CASADO;SERVIDOR PUBLICO;PROPRIA;SIM;NAO;3;3043.59;2340.13;26;0.35836766309509743
11183518733;1157;53;SUPERIOR;DIVORCIADO;ASSALARIADO;FINANCIADA;SIM;NAO;0;24774.36;20731.84;71;0.1776415192336454
49278716757;1158;35;SUPERIOR;SOLTEIRO;EMPRESARIO;FINANCIADA;SIM;NAO;0;4020.23;3095.49;13;0.5164662731471448
76496776332;1159;41;FUNDAM;SOLTEIRO;AUTONOMO;FINANCIADA;NAO;NAO;1;2093.55;1654.08;20;0.8162990671711462
45841717898;1160;28;POS;CASADO;ASSALARIADO;PROPRIA;NAO;SIM;1;41749.24;32849.83;77;0.045458276216335795
80021997419;1161;29;FUNDAM;DIVORCIADO;AUTONOMO;PROPRIA;SIM;SIM;0;3951.82;3040.6;40;0.519171223555696
10968134378;1162;21;MEDIO;CASADO;ASSALARIADO;PROPRIA;SIM;SIM;0;12327.41;9658.28;68;0.03326455803355914
41596056774;1163;51;POS;CASADO;APOSENTADO;ALUGADA;SIM;SIM;1;24962.35;20587.27;30;0.35411500811403107
56992472296;1164;46;MEDIO;SOLTEIRO;APOSENTADO;PROPRIA;SIM;NAO;1;2771.61;2315.81;22;0.49839824379011105
57362590371;1165;44;MEDIO;SOLTEIRO;AUTONOMO;ALUGADA;SIM;NAO;1;16659.12;13476.47;84;0.06618850396468105
35594362658;1166;37;SUPERIOR;CASADO;ASSALARIADO;ALUGADA;SIM;NAO;0;6008.4;4640.16;16;0.45117129160647934
94727194511;1167;25;MEDIO;SOLTEIRO;EMPRESARIO;PROPRIA;SIM;NAO;2;3367.0;2636.0;26;0.5430821015842275
47455967433;1168;52;MEDIO;CASADO;ASSALARIADO;PROPRIA;NAO;SIM;2;5815.75;4521.76;31;0.4109978700254733
86761369313;1169;56;SUPERIOR;CASADO;AUTONOMO;PROPRIA;NAO;NAO;2;23600.02;18193.16;52;0.055535902872868935
70382846049;1170;42;SUPERIOR;CASADO;SERVIDOR PUBLICO;PROPRIA;NAO;NAO;0;13793.37;11312.26;64;0.16116053263620386
61859260385;1171;27;FUNDAM;CASADO;SERVIDOR PUBLICO;CEDIDA;SIM;NAO;2;3682.47;3031.77;63;0.23905926094986402
67252760292;1172;23;FUNDAM;SOLTEIRO;ASSALARIADO;PROPRIA;NAO;SIM;0;1412.0;1178.45;7;0.7509622080826208
55122957154;1173;54;MEDIO;SOLTEIRO;ASSALARIADO;PROPRIA;SIM;SIM;0;4684.83;3755.21;24;0.3620381196699202
49457135048;1174;49;SUPERIOR;CASADO;ASSALARIADO;PROPRIA;NAO;NAO;0;14647.75;12024.44;69;0.1758287699849
30022261838;1175;43;SUPERIOR;DIVORCIADO;ASSALARIADO;PROPRIA;NAO;SIM;0;11561.52;9284.81;21;0.2692977003251834
58293176376;1176;37;MEDIO;VIUVO;ASSALARIADO;FINANCIADA;NAO;SIM;0;2614.98;2108.65;19;0.4170366642736192
35670847155;1177;18;SUPERIOR;CASADO;ASSALARIADO;PROPRIA;NAO;SIM;1;6186.74;5122.25;20;0.3939918777651907
83739869084;1178;44;MEDIO;CASADO;APOSENTADO;ALUGADA;NAO;NAO;1;13609.28;11213.96;145;0.04281525480602202
60999554447;1179;30;SUPERIOR;CASADO;AUTONOMO;FINANCIADA;NAO;SIM;2;6400.45;5205.84;13;0.5554741928975673
75945155562;1180;36;MEDIO;CASADO;EMPRESARIO;PROPRIA;SIM;NAO;0;4907.53;3837.11;40;0.05603921464146994
66611671111;1181;18;FUNDAM;SOLTEIRO;ASSALARIADO;PROPRIA;NAO;NAO;0;1412.0;1093.98;3;0.7906545429976582
59559970920;1182;50;POS;CASADO;EMPRESARIO;ALUGADA;NAO;NAO;0;27266.24;22257.52;58;0.05670649111368113
68956587732;1183;28;MEDIO;SOLTEIRO;APOSENTADO;PROPRIA;SIM;SIM;0;6662.75;5397.44;44;0.41639314925520965
44314381465;1184;31;FUNDAM;SOLTEIRO;ASSALARIADO;PROPRIA;SIM;SIM;4;1412.0;1099.51;11;0.6257069213661755
89427598546;1185;55;MEDIO;SOLTEIRO;APOSENTADO;PROPRIA;SIM;SIM;0;15012.32;11614.55;116;0.08943091675285844
67540259458;1186;28;MEDIO;DIVORCIADO;ASSALARIADO;FINANCIADA;NAO;NAO;0;2789.05;2122.53;14;0.6942970510025417
93365615774;1187;36;MEDIO;CASADO;ASSALARIADO;PROPRIA;SIM;SIM;0;2447.83;1944.99;8;0.48630096271255435
48142333912;1188;39;MEDIO;VIUVO;APOSENTADO;ALUGADA;SIM;NAO;0;17548.48;13491.08;100;0.13393549234277186
70134142695;1189;56;POS;CASADO;SERVIDOR PUBLICO;ALUGADA;SIM;NAO;0;23515.32;18697.73;31;0.21010613283721902
36536590674;1190;39;MEDIO;CASADO;ASSALARIADO;CEDIDA;NAO;NAO;0;2710.35;2124.64;19;0.45736172391684254
46841334346;1191;63;POS;DIVORCIADO;ASSALARIADO;ALUGADA;SIM;SIM;2;42297.48;35270.86;63;0.20718929511597245
99543090119;1192;45;POS;CASADO;APOSENTADO;PROPRIA;SIM;NAO;0;15611.48;13029.39;41;0.2560746391518727
17739360770;1193;26;POS;CASADO;EMPRESARIO;PROPRIA;NAO;NAO;0;28694.38;22752.63;45;0.086215168989438
54920268538;1194;18;MEDIO;SOLTEIRO;SERVIDOR PUBLICO;ALUGADA;NAO;SIM;0;4539.43;3499.83;56;0.2455859230168931
78942046313;1195;50;SUPERIOR;SOLTEIRO;EMPRESARIO;PROPRIA;SIM;NAO;1;27529.02;21212.17;91;0.061610999492085476
19684976350;1196;32;MEDIO;CASADO;ASSALARIADO;CEDIDA;NAO;NAO;1;2386.07;1907.07;6;0.7341261656326102
12162165569;1197;18;MEDIO;SOLTEIRO;ASSALARIADO;PROPRIA;NAO;NAO;0;1818.25;1400.31;4;0.904553446840253
25349723929;1198;37;FUNDAM;SOLTEIRO;APOSENTADO;FINANCIADA;NAO;SIM;1;1412.0;1124.16;1;0.8766094758550743
58139046495;1199;38;MEDIO;CASADO;SERVIDOR PUBLICO;PROPRIA;NAO;NAO;0;4102.11;3342.23;22;0.62633640213951
67458575637;1200;43;SUPERIOR;DIVORCIADO;SERVIDOR PUBLICO;PROPRIA;SIM;NAO;2;35021.48;29220.72;64;0.10002392496732201
31494769846;1201;33;MEDIO;DIVORCIADO;ASSALARIADO;ALUGADA;NAO;SIM;0;2882.06;2366.61;1;0.3877244663130808
34158337824;1202;56;POS;CASADO;ASSALARIADO;PROPRIA;NAO;SIM;1;40494.99;31791.79;78;0.13818516195985034
23556121680;1203;62;SUPERIOR;CASADO;ASSALARIADO;PROPRIA;NAO;NAO;1;22212.15;17797.66;76;0.14230281977350626
93445512290;1204;53;SUPERIOR;CASADO;AUTONOMO;PROPRIA;SIM;NAO;2;17035.72;13074.07;29;0.2503429681088407
90818895484;1205;59;FUNDAM;CASADO;ASSALARIADO;FINANCIADA;SIM;NAO;0;4822.68;3781.29;46;0.3165363669802427
89998480436;1206;38;MEDIO;SOLTEIRO;SERVIDOR PUBLICO;PROPRIA;NAO;NAO;2;3671.36;3016.44;2;0.4953377002234469
82993168476;1207;39;MEDIO;CASADO;SERVIDOR PUBLICO;ALUGADA;NAO;NAO;0;3609.83;2915.9;19;0.49810977028877335
97457879219;1208;31;SUPERIOR;CASADO;ASSALARIADO;PROPRIA;NAO;NAO;1;8603.53;7094.09;46;0.1068944128992031
15077129255;1209;40;POS;DIVORCIADO;EMPRESARIO;PROPRIA;SIM;SIM;1;26039.8;19953.13;23;0.20980536344269657
81120274997;1210;34;MEDIO;SOLTEIRO;ASSALARIADO;PROPRIA;NAO;SIM;0;1806.45;1421.82;5;0.7454674327929798
33543828980;1211;24;MEDIO;DIVORCIADO;ASSALARIADO;PROPRIA;SIM;NAO;1;8451.68;6792.31;63;0.2245823464731307
92182289625;1212;31;FUNDAM;SOLTEIRO;ASSALARIADO;PROPRIA;SIM;NAO;0;5264.61;4386.84;27;0.3972110037346972
33055080879;1213;53;MEDIO;SOLTEIRO;EMPRESARIO;PROPRIA;NAO;NAO;1;17785.65;14015.88;82;0.10786969395490323
88482065349;1214;33;MEDIO;CASADO;ASSALARIADO;ALUGADA;SIM;SIM;1;3253.42;2597.68;23;0.674659187242717
36977152686;1215;41;MEDIO;CASADO;APOSENTADO;PROPRIA;SIM;SIM;0;3356.9;2659.78;27;0.6475778167994805
76215911195;1216;37;MEDIO;CASADO;SERVIDOR PUBLICO;PROPRIA;NAO;NAO;1;5496.83;4454.37;75;0.23183397730970653
72815788973;1217;30;POS;CASADO;SERVIDOR PUBLICO;PROPRIA;NAO;SIM;0;39987.56;31082.89;53;0.08279201165860214
42949545596;1218;18;MEDIO;SOLTEIRO;EMPRESARIO;ALUGADA;NAO;NAO;0;2644.05;2061.8;38;0.5885371607967711
89155563112;1219;43;MEDIO;SOLTEIRO;ASSALARIADO;ALUGADA;SIM;NAO;0;6210.83;4839.51;6;0.30231360045562616
81063454242;1220;41;SUPERIOR;DIVORCIADO;SERVIDOR PUBLICO;PROPRIA;SIM;NAO;4;17205.79;14109.12;70;0.10066080772212739
47014513431;1221;40;FUNDAM;CASADO;AUTONOMO;PROPRIA;SIM;NAO;3;1412.0;1107.32;5;0.98
13313520035;1222;40;SUPERIOR;CASADO;APOSENTADO;PROPRIA;SIM;SIM;0;22618.06;18077.87;105;0.14239959576175623
14062145616;1223;25;MEDIO;CASADO;AUTONOMO;PROPRIA;NAO;NAO;0;9118.96;7614.24;44;0.16718507182931142
14123856481;1224;45;POS;CASADO;ASSALARIADO;PROPRIA;NAO;NAO;1;5644.36;4297.33;4;0.8861060612784701
68220971881;1225;50;MEDIO;SOLTEIRO;ASSALARIADO;PROPRIA;SIM;NAO;1;7868.7;6310.54;67;0.19160449037849184
83674514514;1226;31;MEDIO;CASADO;SERVIDOR PUBLICO;ALUGADA;SIM;NAO;1;5470.27;4186.03;28;0.233394123006401
69121136943;1227;68;MEDIO;DIVORCIADO;APOSENTADO;PROPRIA;SIM;NAO;4;11268.55;8796.78;87;0.23179924073047417
66991731695;1228;38;SUPERIOR;CASADO;SERVIDOR PUBLICO;ALUGADA;SIM;SIM;3;14639.66;11507.42;49;0.161107629179021
80671699491;1229;37;MEDIO;SOLTEIRO;ASSALARIADO;PROPRIA;NAO;SIM;1;1412.0;1181.29;2;0.8692060665555797
53950336894;1230;37;MEDIO;SOLTEIRO;AUTONOMO;PROPRIA;NAO;SIM;0;8998.12;6973.22;58;0.15340803082845983
96059830095;1231;36;POS;CASADO;ASSALARIADO;ALUGADA;NAO;NAO;1;6650.65;5506.98;6;0.7539228944527328
32214477079;1232;40;SUPERIOR;DIVORCIADO;ASSALARIADO;ALUGADA;NAO;NAO;2;19907.62;16276.87;43;0.16458088787961114
78065735716;1233;47;MEDIO;SOLTEIRO;SERVIDOR PUBLICO;PROPRIA;SIM;NAO;1;8044.37;6472.55;63;0.16450115485734115
23941914260;1234;43;MEDIO;CASADO;EMPRESARIO;PROPRIA;SIM;NAO;0;11672.54;9196.04;68;0.10413593912034565
95046688722;1235;19;SUPERIOR;CASADO;SERVIDOR PUBLICO;PROPRIA;SIM;NAO;1;11024.74;8971.01;19;0.3474016784308205
32850932467;1236;52;MEDIO;CASADO;SERVIDOR PUBLICO;ALUGADA;SIM;NAO;1;8367.45;6533.2;60;0.1377762133201549
50541430224;1237;18;FUNDAM;SOLTEIRO;AUTONOMO;ALUGADA;NAO;NAO;4;1769.44;1368.39;9;0.5429932024859677
78440269340;1238;37;MEDIO;CASADO;APOSENTADO;ALUGADA;SIM;NAO;0;6652.56;5440.76;22;0.22741887538773514
97845351250;1239;31;MEDIO;CASADO;ASSALARIADO;ALUGADA;NAO;NAO;0;2284.67;1772.19;1;0.98
30837319519;1240;67;MEDIO;DIVORCIADO;ASSALARIADO;PROPRIA;SIM;NAO;1;11196.59;9164.11;31;0.1470637062181825
87647176635;1241;40;SUPERIOR;SOLTEIRO;ASSALARIADO;PROPRIA;SIM;NAO;0;4789.17;3808.02;8;0.5725438771941581
34869612829;1242;18;SUPERIOR;DIVORCIADO;ASSALARIADO;PROPRIA;SIM;NAO;2;5078.78;4148.02;6;0.5547751470503046
42855124261;1243;34;POS;SOLTEIRO;SERVIDOR PUBLICO;PROPRIA;SIM;SIM;2;9060.98;7410.79;1;0.3766570896791348
31471746189;1244;18;MEDIO;SOLTEIRO;ASSALARIADO;PROPRIA;NAO;NAO;0;2528.87;2099.03;4;0.6664647423401449
22850250968;1245;28;MEDIO;SOLTEIRO;ASSALARIADO;PROPRIA;NAO;NAO;0;3104.19;2495.75;37;0.5959840964999458
61592931966;1246;48;SUPERIOR;DIVORCIADO;SERVIDOR PUBLICO;ALUGADA;SIM;NAO;3;9198.46;7150.52;51;0.339820807108081
59699328744;1247;52;SUPERIOR;CASADO;EMPRESARIO;PROPRIA;SIM;NAO;2;26817.67;21501.4;94;0.10296382539607751
77446352330;1248;32;SUPERIOR;DIVORCIADO;ASSALARIADO;PROPRIA;SIM;NAO;0;30243.61;23195.25;65;0.17199699355420295
71225427422;1249;22;MEDIO;CASADO;ASSALARIADO;PROPRIA;NAO;NAO;1;2269.03;1787.19;14;0.5715907487233389
40936169842;1250;43;MEDIO;SOLTEIRO;ASSALARIADO;PROPRIA;NAO;NAO;0;5908.58;4600.13;8;0.3963760129300847
74893660353;1251;41;SUPERIOR;CASADO;ASSALARIADO;PROPRIA;NAO;NAO;4;5810.05;4480.25;17;0.45616704447041456
28559213753;1252;27;MEDIO;DIVORCIADO;ASSALARIADO;ALUGADA;SIM;NAO;3;3623.61;2804.46;30;0.12750038101902486
93564399868;1253;44;SUPERIOR;SOLTEIRO;ASSALARIADO;ALUGADA;SIM;NAO;1;23893.77;20029.7;139;0.1051486276369464
71197827341;1254;47;POS;CASADO;APOSENTADO;PROPRIA;SIM;NAO;3;37341.07;31277.42;75;0.08912865469901324
75240444678;1255;28;FUNDAM;VIUVO;ASSALARIADO;FINANCIADA;SIM;NAO;2;3099.25;2539.01;4;0.4856157553731014
58958967535;1256;44;POS;CASADO;ASSALARIADO;PROPRIA;SIM;SIM;0;26382.72;21800.05;21;0.2078263581553867
66082260132;1257;39;SUPERIOR;SOLTEIRO;ASSALARIADO;PROPRIA;NAO;NAO;2;17817.91;14153.77;82;0.27029105418508886
33531929312;1258;25;SUPERIOR;CASADO;ASSALARIADO;PROPRIA;SIM;NAO;1;9028.11;7409.79;46;0.24750330903068224
59458324855;1259;48;SUPERIOR;DIVORCIADO;ASSALARIADO;CEDIDA;SIM;SIM;0;27835.31;23369.9;81;0.16079605910723002
46426694547;1260;39;MEDIO;SOLTEIRO;SERVIDOR PUBLICO;PROPRIA;SIM;SIM;0;6624.84;5246.83;49;0.25855321632791306
12755291271;1261;41;SUPERIOR;CASADO;AUTONOMO;FINANCIADA;SIM;SIM;0;15157.25;11857.46;58;0.09277606184883809
60888426744;1262;45;MEDIO;CASADO;ASSALARIADO;PROPRIA;NAO;SIM;2;2900.65;2396.3;31;0.4004232793512502
82179631234;1263;47;MEDIO;CASADO;SERVIDOR PUBLICO;FINANCIADA;SIM;SIM;3;12501.98;9848.59;51;0.1820576052547782
61057837028;1264;25;MEDIO;DIVORCIADO;ASSALARIADO;PROPRIA;SIM;SIM;0;5464.04;4249.08;28;0.48786661739199116
27824019587;1265;31;SUPERIOR;CASADO;ASSALARIADO;FINANCIADA;NAO;NAO;2;23089.18;18012.89;125;0.041936958243542
12486782232;1266;38;SUPERIOR;DIVORCIADO;APOSENTADO;PROPRIA;SIM;NAO;1;26286.63;21903.95;64;0.11297914799450595
82218092625;1267;38;SUPERIOR;CASADO;ASSALARIADO;ALUGADA;SIM;NAO;0;16118.96;12730.49;31;0.15055085152682085
96357840619;1268;36;FUNDAM;CASADO;ASSALARIADO;PROPRIA;SIM;SIM;0;4211.6;3468.75;42;0.32011135438734273
55553847771;1269;31;SUPERIOR;SOLTEIRO;AUTONOMO;PROPRIA;SIM;NAO;1;10543.59;8398.06;43;0.2965504954713471
91238028573;1270;47;SUPERIOR;CASADO;ASSALARIADO;PROPRIA;SIM;SIM;0;20626.21;16554.3;52;0.22153753117435687
78376385360;1271;18;FUNDAM;CASADO;ASSALARIADO;PROPRIA;NAO;NAO;1;1860.42;1444.92;20;0.34940641592224286
41876391529;1272;30;MEDIO;SOLTEIRO;ASSALARIADO;PROPRIA;SIM;SIM;2;1690.42;1383.07;14;0.6344601937289714
64377315147;1273;42;MEDIO;SOLTEIRO;ASSALARIADO;ALUGADA;SIM;SIM;0;2682.62;2075.66;19;0.4388532099254283
88125158292;1274;71;MEDIO;CASADO;APOSENTADO;PROPRIA;SIM;NAO;0;22133.15;17798.81;95;0.09668667490184235
29936323384;1275;39;SUPERIOR;CASADO;ASSALARIADO;FINANCIADA;SIM;NAO;1;9913.03;8065.62;58;0.3370313353630553
98027059864;1276;59;MEDIO;CASADO;ASSALARIADO;FINANCIADA;SIM;NAO;0;13986.59;11566.3;71;0.12096960967511756
56051089176;1277;42;SUPERIOR;DIVORCIADO;AUTONOMO;PROPRIA;SIM;NAO;0;15567.33;13027.67;55;0.1914863419075093
10567724366;1278;25;FUNDAM;CASADO;AUTONOMO;ALUGADA;SIM;NAO;0;1412.0;1121.2;7;0.8759075925189995
16184482474;1279;47;SUPERIOR;CASADO;EMPRESARIO;PROPRIA;SIM;NAO;0;24704.65;18896.01;79;0.17160944091094857
24535021289;1280;43;MEDIO;CASADO;SERVIDOR PUBLICO;CEDIDA;SIM;NAO;0;4684.94;3705.17;26;0.4050367355788845
52175788135;1281;43;MEDIO;CASADO;ASSALARIADO;PROPRIA;NAO;NAO;1;3508.97;2754.04;51;0.42943916439707397
68187810134;1282;59;MEDIO;CASADO;EMPRESARIO;ALUGADA;SIM;NAO;0;2249.6;1884.93;14;0.32747229926572397
86155034970;1283;30;MEDIO;CASADO;EMPRESARIO;ALUGADA;SIM;SIM;0;6504.25;5017.73;60;0.36601649663721125
77910851330;1284;57;POS;CASADO;ASSALARIADO;ALUGADA;NAO;NAO;1;37134.6;30531.94;48;0.14160822651396524
95340023951;1285;51;SUPERIOR;SOLTEIRO;APOSENTADO;PROPRIA;SIM;NAO;3;17911.57;14117.45;32;0.09927354264018903
22379276955;1286;18;SUPERIOR;CASADO;ASSALARIADO;PROPRIA;NAO;SIM;0;8054.62;6295.06;35;0.3912499743178021
68144683788;1287;53;MEDIO;CASADO;SERVIDOR PUBLICO;PROPRIA;SIM;NAO;2;16911.66;13505.17;86;0.02087035261988958
15973266663;1288;48;SUPERIOR;SOLTEIRO;ASSALARIADO;PROPRIA;SIM;NAO;0;17954.73;14721.6;39;0.24276810087342465
94635415845;1289;55;SUPERIOR;SOLTEIRO;ASSALARIADO;PROPRIA;SIM;NAO;2;30534.11;24462.48;24;0.0762593773755362
15792420616;1290;35;SUPERIOR;CASADO;ASSALARIADO;ALUGADA;NAO;NAO;4;28358.35;21687.27;39;0.13828400756315692
91940670423;1291;43;SUPERIOR;DIVORCIADO;ASSALARIADO;PROPRIA;NAO;NAO;0;17861.24;13757.26;54;0.20603632351573287
81350735780;1292;62;SUPERIOR;CASADO;ASSALARIADO;PROPRIA;SIM;NAO;3;29326.9;22710.09;86;0.0899918484217802
21947239049;1293;32;SUPERIOR;SOLTEIRO;ASSALARIADO;ALUGADA;SIM;SIM;1;10977.37;8975.23;11;0.24285613717348759
78925345124;1294;40;MEDIO;CASADO;ASSALARIADO;ALUGADA;NAO;SIM;1;4060.9;3366.38;26;0.37865956157317665
46282623798;1295;46;SUPERIOR;DIVORCIADO;APOSENTADO;ALUGADA;SIM;NAO;2;6224.23;5212.72;14;0.5584145882455034
85660738235;1296;51;SUPERIOR;CASADO;ASSALARIADO;PROPRIA;NAO;SIM;3;18746.73;15401.65;40;0.2622662009250183
24554889985;1297;37;POS;SOLTEIRO;AUTONOMO;FINANCIADA;NAO;NAO;3;39558.33;32791.93;82;0.1372174745444631
68885167072;1298;44;SUPERIOR;CASADO;SERVIDOR PUBLICO;PROPRIA;SIM;NAO;1;20410.88;16419.4;101;0.08823256402294079
96028648677;1299;47;SUPERIOR;CASADO;ASSALARIADO;FINANCIADA;SIM;NAO;1;9431.25;7844.96;22;0.3918741274073027
41887711360;1300;48;FUNDAM;DIVORCIADO;ASSALARIADO;PROPRIA;SIM;NAO;1;3653.4;2992.69;11;0.4209432237531291
71218221277;1301;36;SUPERIOR;SOLTEIRO;ASSALARIADO;FINANCIADA;SIM;NAO;1;30181.3;23917.04;108;0.04107106105075782
59492947571;1302;37;SUPERIOR;CASADO;SERVIDOR PUBLICO;PROPRIA;NAO;SIM;1;3398.12;2723.36;8;0.7731851985725092
77170289092;1303;47;POS;CASADO;SERVIDOR PUBLICO;ALUGADA;SIM;NAO;2;39753.99;30441.46;96;0.08023008134376292
64581437853;1304;30;SUPERIOR;SOLTEIRO;SERVIDOR PUBLICO;FINANCIADA;NAO;NAO;2;9177.7;6999.91;44;0.45084206132192733
53420577965;1305;29;SUPERIOR;DIVORCIADO;ASSALARIADO;PROPRIA;SIM;NAO;1;5728.83;4630.74;14;0.3307761564561822
59698629918;1306;18;MEDIO;CASADO;ASSALARIADO;ALUGADA;SIM;SIM;0;1736.58;1432.04;5;0.6360055487215232
47511385067;1307;44;MEDIO;SOLTEIRO;SERVIDOR PUBLICO;ALUGADA;SIM;NAO;1;3055.34;2435.11;27;0.4667038167269992
85716233143;1308;30;MEDIO;SOLTEIRO;SERVIDOR PUBLICO;FINANCIADA;SIM;NAO;1;2920.82;2265.45;2;0.3072381949230836
54877174732;1309;37;SUPERIOR;CASADO;SERVIDOR PUBLICO;ALUGADA;SIM;NAO;0;17446.62;13870.32;43;0.2956846926004201
51590547931;1310;43;MEDIO;CASADO;ASSALARIADO;FINANCIADA;SIM;NAO;0;1712.33;1339.04;21;0.5790396100739359
96831279138;1311;49;SUPERIOR;CASADO;SERVIDOR PUBLICO;PROPRIA;SIM;SIM;0;23998.4;20141.84;73;0.11589301735043438
75247232846;1312;32;FUNDAM;VIUVO;SERVIDOR PUBLICO;ALUGADA;SIM;NAO;1;1412.0;1159.42;4;0.7729981394957262
78152822551;1313;52;MEDIO;CASADO;ASSALARIADO;PROPRIA;SIM;NAO;1;5646.31;4488.21;14;0.3701559010384082
20326147383;1314;40;MEDIO;CASADO;ASSALARIADO;PROPRIA;NAO;NAO;0;3486.17;2735.38;25;0.1875184365639881
76617946151;1315;38;FUNDAM;VIUVO;SERVIDOR PUBLICO;PROPRIA;SIM;NAO;2;5217.75;3995.05;43;0.3165179680308956
89340776660;1316;37;MEDIO;SOLTEIRO;SERVIDOR PUBLICO;PROPRIA;SIM;NAO;1;6881.49;5335.65;18;0.18510360842919432
80741651784;1317;24;POS;CASADO;EMPRESARIO;PROPRIA;SIM;NAO;0;15820.34;13050.5;27;0.29635371057480603
10258676434;1318;18;MEDIO;SOLTEIRO;ASSALARIADO;PROPRIA;NAO;NAO;3;3045.69;2452.47;28;0.4421697570180387
96980435585;1319;62;SUPERIOR;DIVORCIADO;APOSENTADO;PROPRIA;SIM;NAO;2;27042.65;20579.55;108;0.09194910745327578
98933239222;1320;26;MEDIO;CASADO;ASSALARIADO;CEDIDA;NAO;SIM;2;16086.05;13489.71;82;0.10117022844999436
69375459415;1321;31;MEDIO;CASADO;SERVIDOR PUBLICO;PROPRIA;NAO;SIM;1;10464.74;8372.25;44;0.15790134514308818
39475268783;1322;44;SUPERIOR;CASADO;SERVIDOR PUBLICO;FINANCIADA;SIM;SIM;1;30521.26;24779.5;82;0.10246166881865336
22225351031;1323;18;MEDIO;SOLTEIRO;SERVIDOR PUBLICO;FINANCIADA;SIM;NAO;1;2674.88;2220.15;19;0.6688858903518264
70871817974;1324;42;SUPERIOR;SOLTEIRO;ASSALARIADO;PROPRIA;SIM;NAO;0;15697.82;11984.42;69;0.2119193112614623
65433233752;1325;33;MEDIO;SOLTEIRO;SERVIDOR PUBLICO;PROPRIA;SIM;NAO;3;1541.22;1258.41;2;0.6983764062561257
16487873795;1326;55;SUPERIOR;SOLTEIRO;SERVIDOR PUBLICO;ALUGADA;NAO;NAO;0;16066.43;13421.48;51;0.021058596214182185
19213367886;1327;52;SUPERIOR;CASADO;AUTONOMO;PROPRIA;SIM;NAO;0;15522.22;12626.93;36;0.15263201896528097
92587866181;1328;19;FUNDAM;CASADO;APOSENTADO;PROPRIA;SIM;SIM;0;3329.35;2648.3;38;0.4143614203411165
87796956217;1329;41;MEDIO;CASADO;ASSALARIADO;CEDIDA;NAO;NAO;1;6422.96;4910.74;52;0.2589065195864792
54776926339;1330;43;FUNDAM;CASADO;ASSALARIADO;FINANCIADA;NAO;SIM;2;3709.6;3081.49;64;0.23886838744084513
19446050258;1331;27;MEDIO;CASADO;AUTONOMO;ALUGADA;SIM;NAO;3;6236.77;5104.49;23;0.1946851065318832
32568821271;1332;23;SUPERIOR;DIVORCIADO;ASSALARIADO;ALUGADA;SIM;NAO;4;5794.33;4631.07;26;0.5836323109145031
54456164180;1333;42;POS;DIVORCIADO;ASSALARIADO;ALUGADA;NAO;SIM;0;24633.52;19712.28;76;0.19107479096186125
34929339052;1334;27;FUNDAM;SOLTEIRO;ASSALARIADO;PROPRIA;SIM;NAO;0;1451.09;1133.87;2;0.98
58053465771;1335;18;MEDIO;CASADO;ASSALARIADO;PROPRIA;SIM;NAO;0;1412.0;1112.7;1;0.7768541760709651
86354513126;1336;35;SUPERIOR;CASADO;ASSALARIADO;FINANCIADA;SIM;NAO;1;9699.21;7931.65;29;0.31324783402082235
59876769660;1337;45;SUPERIOR;DIVORCIADO;AUTONOMO;ALUGADA;SIM;SIM;1;15931.91;13377.75;71;0.11287442963733438
11845228484;1338;18;MEDIO;CASADO;SERVIDOR PUBLICO;ALUGADA;SIM;NAO;0;3487.52;2856.66;17;0.44841163066918477
32474649139;1339;37;SUPERIOR;CASADO;AUTONOMO;PROPRIA;NAO;NAO;0;22996.57;17712.86;73;0.08109837170151103
36285066995;1340;50;POS;DIVORCIADO;ASSALARIADO;ALUGADA;SIM;SIM;1;37245.98;30391.58;67;0.17044009150425277
12665133345;1341;33;SUPERIOR;SOLTEIRO;SERVIDOR PUBLICO;PROPRIA;NAO;NAO;0;12736.55;10158.35;69;0.18301312691285213
11822419065;1342;31;MEDIO;CASADO;ASSALARIADO;ALUGADA;NAO;NAO;0;7108.6;5404.56;27;0.2537314777622065
68143563533;1343;34;MEDIO;CASADO;ASSALARIADO;ALUGADA;SIM;NAO;4;2245.87;1782.7;12;0.7906870763577183
25777878458;1344;39;MEDIO;CASADO;ASSALARIADO;PROPRIA;SIM;SIM;0;3402.98;2755.41;30;0.5260282963628317
26224739184;1345;37;SUPERIOR;CASADO;SERVIDOR PUBLICO;PROPRIA;NAO;NAO;1;6391.4;5161.58;15;0.5642944936328148
46975877998;1346;43;SUPERIOR;CASADO;ASSALARIADO;ALUGADA;SIM;NAO;1;14284.85;11397.5;68;0.20708420702922284
46912129293;1347;42;SUPERIOR;SOLTEIRO;ASSALARIADO;PROPRIA;SIM;NAO;1;17849.28;14582.4;61;0.05100269645636782
86683825033;1348;44;MEDIO;SOLTEIRO;ASSALARIADO;FINANCIADA;SIM;NAO;2;10158.78;7852.14;45;0.3009723090547024
39418613756;1349;28;MEDIO;CASADO;AUTONOMO;FINANCIADA;SIM;NAO;0;2306.68;1805.98;8;0.742806789208531
49020252782;1350;56;MEDIO;CASADO;AUTONOMO;ALUGADA;NAO;NAO;2;17337.77;14494.87;68;0.08272343880850441
32026871851;1351;23;SUPERIOR;SOLTEIRO;EMPRESARIO;PROPRIA;SIM;NAO;0;3996.58;3070.82;12;0.7553893438993652
68556265981;1352;33;FUNDAM;CASADO;ASSALARIADO;ALUGADA;NAO;NAO;2;3706.91;3000.96;9;0.2678987130441701
58850529093;1353;57;SUPERIOR;SOLTEIRO;ASSALARIADO;ALUGADA;SIM;SIM;1;16136.12;13096.58;68;0.19837210784411602
54094928343;1354;38;SUPERIOR;CASADO;SERVIDOR PUBLICO;CEDIDA;NAO;NAO;1;6536.07;5265.97;1;0.3264123070672607
63412726819;1355;28;MEDIO;CASADO;SERVIDOR PUBLICO;PROPRIA;SIM;NAO;1;4884.16;3751.78;19;0.2848748244876572
91920641132;1356;25;FUNDAM;SOLTEIRO;ASSALARIADO;PROPRIA;SIM;SIM;1;1634.23;1320.36;13;0.5163857015243964
23785454838;1357;39;MEDIO;CASADO;SERVIDOR PUBLICO;PROPRIA;NAO;NAO;3;2206.79;1817.59;8;0.7796916995861595
52914080853;1358;27;SUPERIOR;SOLTEIRO;ASSALARIADO;FINANCIADA;NAO;NAO;0;15110.44;12339.79;40;0.1561116335430066
12872714929;1359;45;SUPERIOR;VIUVO;ASSALARIADO;PROPRIA;SIM;NAO;1;15056.76;12437.54;50;0.08476236333064867
80210782874;1360;32;POS;SOLTEIRO;EMPRESARIO;FINANCIADA;SIM;NAO;0;15595.4;12727.88;46;0.3361460694257717
19939988378;1361;36;FUNDAM;DIVORCIADO;ASSALARIADO;PROPRIA;SIM;NAO;0;1913.92;1462.14;9;0.7706794493372667
53321448022;1362;36;SUPERIOR;CASADO;SERVIDOR PUBLICO;PROPRIA;SIM;NAO;0;11318.32;8771.76;54;0.2908548213340377
80493948429;1363;18;SUPERIOR;CASADO;SERVIDOR PUBLICO;ALUGADA;SIM;SIM;3;9626.78;7668.05;17;0.25377342531139313
71498276438;1364;27;FUNDAM;CASADO;SERVIDOR PUBLICO;PROPRIA;NAO;NAO;0;2123.51;1706.04;53;0.417467669793672
80660035227;1365;43;FUNDAM;DIVORCIADO;SERVIDOR PUBLICO;PROPRIA;SIM;SIM;1;2306.92;1876.09;12;0.3341254370384503
47256595566;1366;22;SUPERIOR;CASADO;AUTONOMO;ALUGADA;SIM;NAO;0;26003.31;20162.62;90;0.20288062517967498
68119167361;1367;31;POS;VIUVO;APOSENTADO;FINANCIADA;NAO;SIM;2;10175.39;8535.36;2;0.4710642088801034
68925381020;1368;18;FUNDAM;CASADO;SERVIDOR PUBLICO;CEDIDA;NAO;NAO;0;1412.0;1154.43;8;0.37834261454893026
63229625854;1369;46;SUPERIOR;SOLTEIRO;ASSALARIADO;PROPRIA;SIM;NAO;2;35725.5;27450.46;61;0.055155946849272816
20829189443;1370;47;SUPERIOR;VIUVO;ASSALARIADO;PROPRIA;SIM;NAO;2;16786.98;13566.43;65;0.2153286523761671
66171133778;1371;26;MEDIO;SOLTEIRO;AUTONOMO;PROPRIA;SIM;SIM;1;1698.41;1377.6;10;0.98
50914753593;1372;43;SUPERIOR;CASADO;APOSENTADO;CEDIDA;SIM;NAO;2;18375.15;14472.71;59;0.2739667571385599
17723249522;1373;27;MEDIO;DIVORCIADO;APOSENTADO;PROPRIA;NAO;NAO;2;2449.82;2051.31;19;0.7405902656882832
33944657425;1374;34;FUNDAM;CASADO;ASSALARIADO;ALUGADA;SIM;NAO;2;4373.91;3332.27;42;0.33574898163698613
53493549627;1375;59;POS;CASADO;ASSALARIADO;PROPRIA;SIM;NAO;1;25217.25;20193.21;37;0.2748852642244516
84868775890;1376;20;MEDIO;DIVORCIADO;ASSALARIADO;ALUGADA;SIM;SIM;0;2123.96;1780.73;8;0.8310438629894675
39729833762;1377;36;FUNDAM;SOLTEIRO;ASSALARIADO;CEDIDA;NAO;NAO;2;6211.1;4836.47;37;0.47721886574902617
10075374218;1378;47;MEDIO;CASADO;ASSALARIADO;FINANCIADA;NAO;NAO;1;6442.9;5177.87;43;0.3325480628077268
36650676956;1379;36;MEDIO;CASADO;ASSALARIADO;PROPRIA;SIM;SIM;0;5847.02;4621.35;75;0.1548869551109126
21836064177;1380;55;MEDIO;CASADO;SERVIDOR PUBLICO;FINANCIADA;SIM;NAO;0;3652.96;2840.11;48;0.41252146804241785
70227245716;1381;45;SUPERIOR;CASADO;SERVIDOR PUBLICO;PROPRIA;NAO;NAO;1;23433.38;17985.94;89;0.15322131580660678
75593970097;1382;30;SUPERIOR;CASADO;ASSALARIADO;PROPRIA;NAO;NAO;1;17608.85;14374.84;43;0.2514803761363884
78058879064;1383;25;FUNDAM;SOLTEIRO;APOSENTADO;PROPRIA;SIM;SIM;3;1412.0;1178.96;2;0.7189682504805414
29179063267;1384;29;SUPERIOR;CASADO;SERVIDOR PUBLICO;PROPRIA;SIM;NAO;2;19375.17;15392.52;83;0.19139130191029927
17984475070;1385;27;POS;CASADO;ASSALARIADO;PROPRIA;SIM;NAO;1;14910.94;11542.6;26;0.27526310572433255
81171097715;1386;31;SUPERIOR;SOLTEIRO;SERVIDOR PUBLICO;ALUGADA;NAO;NAO;0;15100.12;12374.58;64;0.20679320144156388
32830276751;1387;23;SUPERIOR;CASADO;EMPRESARIO;ALUGADA;SIM;NAO;1;6971.1;5686.99;22;0.5238474252790501
53587880949;1388;42;SUPERIOR;SOLTEIRO;ASSALARIADO;PROPRIA;SIM;NAO;0;27812.01;22765.19;93;0.06686754155950439
51379530586;1389;20;MEDIO;CASADO;SERVIDOR PUBLICO;PROPRIA;SIM;NAO;2;1602.92;1308.8;9;0.8073004708960256
71060886758;1390;22;FUNDAM;CASADO;EMPRESARIO;FINANCIADA;SIM;NAO;3;4589.41;3815.99;11;0.2836609509299107
26023842036;1391;42;POS;SOLTEIRO;AUTONOMO;ALUGADA;SIM;NAO;2;21985.05;17914.05;77;0.08449611310141117
60478538137;1392;57;SUPERIOR;SOLTEIRO;ASSALARIADO;FINANCIADA;SIM;SIM;1;33171.6;27825.04;62;0.14675275583036484
46077130121;1393;56;SUPERIOR;DIVORCIADO;ASSALARIADO;PROPRIA;NAO;NAO;2;30367.48;25298.26;51;0.10877306558235066
34435147495;1394;48;SUPERIOR;CASADO;AUTONOMO;PROPRIA;SIM;NAO;0;10798.02;8806.22;32;0.3908928200403047
75586668261;1395;50;POS;DIVORCIADO;ASSALARIADO;FINANCIADA;NAO;NAO;0;25904.92;20736.32;16;0.13868837470530643
19999781237;1396;33;POS;VIUVO;EMPRESARIO;PROPRIA;NAO;SIM;2;10237.06;7904.16;14;0.4845430629481365
28976886692;1397;48;POS;CASADO;SERVIDOR PUBLICO;PROPRIA;SIM;NAO;1;25328.97;21102.21;41;0.24115360730017504
60147797265;1398;44;SUPERIOR;CASADO;ASSALARIADO;PROPRIA;SIM;NAO;3;17242.07;13629.76;78;0.23087889657857663
63696057083;1399;36;POS;SOLTEIRO;AUTONOMO;PROPRIA;SIM;NAO;1;15951.82;13030.08;41;0.24480356931070754
14074485871;1400;34;FUNDAM;DIVORCIADO;ASSALARIADO;ALUGADA;SIM;SIM;1;1657.77;1331.46;24;0.47554425858712435
21873546014;1401;18;MEDIO;DIVORCIADO;AUTONOMO;PROPRIA;SIM;NAO;2;14485.11;11957.28;64;0.0303108974157323
16752022577;1402;54;POS;CASADO;AUTONOMO;PROPRIA;SIM;NAO;2;37383.19;29637.13;77;0.13620687194630246
82813188172;1403;41;SUPERIOR;CASADO;SERVIDOR PUBLICO;PROPRIA;SIM;NAO;2;17453.12;14175.66;73;0.09845406917500409
22355538586;1404;45;MEDIO;DIVORCIADO;AUTONOMO;PROPRIA;SIM;NAO;1;3372.22;2767.17;15;0.438607547235424
57934478262;1405;42;SUPERIOR;CASADO;ASSALARIADO;PROPRIA;SIM;SIM;2;9941.01;8142.05;45;0.301095478285865
92038457037;1406;27;POS;DIVORCIADO;ASSALARIADO;FINANCIADA;SIM;NAO;1;14964.89;11796.75;38;0.37447293857361547
47968930180;1407;18;MEDIO;DIVORCIADO;SERVIDOR PUBLICO;ALUGADA;NAO;SIM;0;2442.66;1942.25;1;0.5817951260469207
27660335345;1408;26;MEDIO;CASADO;ASSALARIADO;PROPRIA;SIM;NAO;0;2386.31;1863.64;12;0.5575871090386164
85573838266;1409;20;MEDIO;CASADO;EMPRESARIO;PROPRIA;SIM;NAO;1;7496.48;5869.48;31;0.2992973616300787
76720951353;1410;26;FUNDAM;CASADO;AUTONOMO;PROPRIA;NAO;NAO;3;1755.04;1340.41;14;0.7763288112731784
52666618774;1411;41;SUPERIOR;SOLTEIRO;ASSALARIADO;PROPRIA;SIM;NAO;0;19788.56;16216.72;37;0.20591450230632596
20474062152;1412;47;POS;CASADO;SERVIDOR PUBLICO;PROPRIA;SIM;NAO;1;37318.64;31187.86;85;0.13948989345038365
16849293438;1413;35;SUPERIOR;SOLTEIRO;ASSALARIADO;PROPRIA;NAO;SIM;0;14639.41;11418.08;78;0.16346094739331266
61343799123;1414;50;POS;CASADO;SERVIDOR PUBLICO;FINANCIADA;SIM;NAO;1;42996.52;34125.45;91;0.0965487872137362
67315464014;1415;35;SUPERIOR;CASADO;SERVIDOR PUBLICO;PROPRIA;SIM;NAO;0;9499.2;7572.21;43;0.3998230774867428
47584929675;1416;41;SUPERIOR;CASADO;SERVIDOR PUBLICO;ALUGADA;NAO;NAO;0;4347.57;3408.99;1;0.8475304714138557
65025083425;1417;55;SUPERIOR;CASADO;EMPRESARIO;PROPRIA;SIM;NAO;2;26807.65;22504.6;94;0.09745745653059672
50583085521;1418;53;SUPERIOR;CASADO;ASSALARIADO;ALUGADA;NAO;NAO;0;28813.68;23126.69;69;0.15531463478101037
11273322517;1419;22;MEDIO;CASADO;SERVIDOR PUBLICO;PROPRIA;NAO;NAO;0;5059.39;4010.29;51;0.33759802510726294
72125131946;1420;18;MEDIO;CASADO;EMPRESARIO;ALUGADA;NAO;NAO;0;2855.46;2194.24;14;0.6112993276710771
44677568424;1421;31;SUPERIOR;SOLTEIRO;APOSENTADO;PROPRIA;NAO;NAO;0;18983.85;15674.52;52;0.2189766000446279
41484987224;1422;43;FUNDAM;SOLTEIRO;AUTONOMO;PROPRIA;NAO;NAO;1;4266.14;3342.01;41;0.20763008632571892
19950182514;1423;38;SUPERIOR;CASADO;AUTONOMO;FINANCIADA;NAO;NAO;0;28609.95;22869.98;106;0.05234867105373246
95375618496;1424;43;POS;CASADO;AUTONOMO;ALUGADA;NAO;NAO;0;46220.46;38383.63;37;0.08121213053423745
29176731990;1425;23;MEDIO;CASADO;AUTONOMO;PROPRIA;NAO;NAO;2;1412.0;1185.73;3;0.7451491257296767
43811259254;1426;36;MEDIO;CASADO;ASSALARIADO;PROPRIA;SIM;NAO;3;1581.41;1324.72;1;0.89461039791332
90185079342;1427;47;MEDIO;DIVORCIADO;ASSALARIADO;PROPRIA;SIM;NAO;1;18930.56;14845.95;88;0.14215505533146736
21014254412;1428;18;FUNDAM;CASADO;EMPRESARIO;FINANCIADA;NAO;SIM;0;1412.0;1074.77;1;0.9151133173785959
44641422729;1429;31;SUPERIOR;DIVORCIADO;SERVIDOR PUBLICO;PROPRIA;SIM;NAO;1;9678.88;7557.41;2;0.4120923614408624
21735477130;1430;18;FUNDAM;CASADO;SERVIDOR PUBLICO;ALUGADA;SIM;NAO;0;1989.14;1662.52;1;0.554890794496418
14560035478;1431;28;FUNDAM;VIUVO;ASSALARIADO;ALUGADA;SIM;NAO;0;4858.36;3760.24;25;0.32110396608660513
59698722111;1432;31;POS;SOLTEIRO;SERVIDOR PUBLICO;PROPRIA;SIM;NAO;1;14365.96;12046.6;39;0.23765806734360354
56981046183;1433;33;SUPERIOR;SOLTEIRO;SERVIDOR PUBLICO;ALUGADA;SIM;SIM;0;9481.68;7932.63;49;0.25675113493131274
10069171637;1434;37;FUNDAM;CASADO;ASSALARIADO;PROPRIA;NAO;NAO;1;4267.59;3431.74;66;0.3518945993717806
97980043935;1435;53;MEDIO;SOLTEIRO;ASSALARIADO;ALUGADA;NAO;NAO;1;17199.53;13897.75;94;0.13817663724640894
17822619321;1436;30;MEDIO;SOLTEIRO;ASSALARIADO;PROPRIA;SIM;NAO;2;13759.84;11219.23;51;0.10122767200939198
22622981330;1437;47;SUPERIOR;CASADO;SERVIDOR PUBLICO;PROPRIA;NAO;NAO;0;19011.97;15086.76;35;0.2794545729233511
15413618548;1438;45;MEDIO;CASADO;ASSALARIADO;PROPRIA;SIM;NAO;0;4385.12;3431.18;17;0.5677307332695871
78037766090;1439;49;SUPERIOR;SOLTEIRO;APOSENTADO;FINANCIADA;NAO;NAO;2;15220.47;11767.01;59;0.2087021667792647
75650920047;1440;46;FUNDAM;CASADO;APOSENTADO;PROPRIA;SIM;NAO;0;3505.27;2929.38;57;0.37901688444904963
52190873676;1441;21;FUNDAM;SOLTEIRO;APOSENTADO;PROPRIA;SIM;NAO;2;1622.88;1302.59;4;0.8833616711706077
72768442065;1442;55;SUPERIOR;DIVORCIADO;ASSALARIADO;FINANCIADA;NAO;NAO;0;29260.95;23299.06;53;0.056137154753384266
50211358775;1443;58;MEDIO;CASADO;ASSALARIADO;ALUGADA;NAO;NAO;0;5949.54;4710.65;20;0.27877756879429166
55477765419;1444;43;FUNDAM;SOLTEIRO;ASSALARIADO;PROPRIA;SIM;NAO;2;6006.58;4651.04;40;0.3212568676015393
44473663384;1445;22;FUNDAM;CASADO;ASSALARIADO;ALUGADA;SIM;NAO;0;2621.83;2044.41;1;0.8590116458647801
67520360554;1446;46;SUPERIOR;CASADO;ASSALARIADO;FINANCIADA;SIM;NAO;1;29036.44;23515.48;81;0.12195064124750361
58581337378;1447;30;FUNDAM;CASADO;ASSALARIADO;ALUGADA;NAO;NAO;1;2407.01;1988.27;30;0.2727714499375481
11051098436;1448;43;SUPERIOR;SOLTEIRO;AUTONOMO;FINANCIADA;SIM;NAO;0;7018.56;5429.75;26;0.48468663388050076
54351988037;1449;22;MEDIO;CASADO;ASSALARIADO;PROPRIA;SIM;NAO;2;2641.19;2161.47;9;0.7399343524716011
42161819579;1450;28;SUPERIOR;DIVORCIADO;ASSALARIADO;PROPRIA;SIM;SIM;0;5970.27;4641.62;41;0.5978677635281744
50262644297;1451;52;MEDIO;CASADO;ASSALARIADO;ALUGADA;NAO;NAO;1;7459.62;5972.89;22;0.31449124679604923
40121140733;1452;31;SUPERIOR;CASADO;ASSALARIADO;PROPRIA;NAO;SIM;0;9170.46;7398.28;55;0.25851187552038524
15379266731;1453;33;FUNDAM;DIVORCIADO;EMPRESARIO;PROPRIA;SIM;NAO;2;2150.04;1777.17;6;0.6215725493084046
33385929756;1454;33;MEDIO;SOLTEIRO;ASSALARIADO;CEDIDA;NAO;SIM;1;5759.38;4453.04;43;0.35713324419479286
35926127836;1455;49;SUPERIOR;SOLTEIRO;SERVIDOR PUBLICO;ALUGADA;SIM;NAO;0;34153.36;27245.73;41;0.07619478524396875
50585079325;1456;37;MEDIO;CASADO;SERVIDOR PUBLICO;FINANCIADA;SIM;NAO;1;2203.36;1750.4;5;0.6410933002103725
70766855268;1457;54;SUPERIOR;SOLTEIRO;APOSENTADO;PROPRIA;SIM;NAO;1;6399.29;5143.07;9;0.4970186715379445
39626078478;1458;27;SUPERIOR;SOLTEIRO;EMPRESARIO;PROPRIA;SIM;NAO;3;8383.58;6756.27;47;0.33174581609775944
50627345641;1459;53;POS;CASADO;SERVIDOR PUBLICO;ALUGADA;SIM;NAO;1;22772.91;18592.04;48;0.2798462531760719
66330598442;1460;44;MEDIO;SOLTEIRO;APOSENTADO;CEDIDA;NAO;NAO;0;7333.83;5845.14;40;0.25093047548038555
55226284563;1461;31;SUPERIOR;SOLTEIRO;ASSALARIADO;PROPRIA;SIM;NAO;2;15813.24;13111.43;38;0.1589212317356808
33221058567;1462;56;MEDIO;CASADO;APOSENTADO;FINANCIADA;NAO;SIM;0;5154.89;4044.98;35;0.3619434559692879
82516960265;1463;41;MEDIO;CASADO;SERVIDOR PUBLICO;PROPRIA;NAO;NAO;4;14446.31;11289.64;82;0.0669289096406036
87142144928;1464;28;MEDIO;CASADO;EMPRESARIO;PROPRIA;SIM;NAO;1;2769.61;2294.16;39;0.4046985530694316
67479953482;1465;26;FUNDAM;CASADO;ASSALARIADO;PROPRIA;NAO;NAO;1;1412.0;1126.21;3;0.8423741004871736
23249957316;1466;54;POS;SOLTEIRO;SERVIDOR PUBLICO;ALUGADA;SIM;SIM;1;37604.55;29458.2;46;0.13271285654539366
61394525895;1467;18;MEDIO;SOLTEIRO;SERVIDOR PUBLICO;FINANCIADA;NAO;SIM;1;1558.6;1210.63;1;0.98
51665122668;1468;35;SUPERIOR;CASADO;APOSENTADO;ALUGADA;NAO;NAO;0;16759.07;12932.83;48;0.06861854205029404
83495048955;1469;37;MEDIO;SOLTEIRO;ASSALARIADO;PROPRIA;SIM;NAO;0;2880.28;2222.58;9;0.9797310424601207
90786627083;1470;32;FUNDAM;CASADO;SERVIDOR PUBLICO;ALUGADA;NAO;NAO;3;2245.84;1720.35;21;0.3067961983146843
59662344513;1471;38;FUNDAM;CASADO;APOSENTADO;FINANCIADA;SIM;NAO;0;5376.54;4127.99;39;0.346918954380527
21492614814;1472;26;SUPERIOR;SOLTEIRO;EMPRESARIO;PROPRIA;NAO;NAO;0;5997.41;4934.45;21;0.3523612155874646
48096150744;1473;27;MEDIO;CASADO;ASSALARIADO;PROPRIA;NAO;SIM;1;2221.9;1703.98;10;0.7162542392942233
23287229964;1474;51;SUPERIOR;CASADO;ASSALARIADO;PROPRIA;SIM;NAO;2;17025.81;13698.71;60;0.3167095259756667
29280561824;1475;37;POS;CASADO;SERVIDOR PUBLICO;PROPRIA;SIM;NAO;2;26830.45;20393.98;36;0.25546425410713297
68925672511;1476;45;SUPERIOR;CASADO;SERVIDOR PUBLICO;PROPRIA;NAO;NAO;0;9411.4;7640.23;35;0.2705123673467667
79742687793;1477;40;MEDIO;CASADO;AUTONOMO;CEDIDA;NAO;NAO;2;3360.94;2669.84;10;0.4923400476203903
57241070151;1478;31;MEDIO;DIVORCIADO;APOSENTADO;ALUGADA;NAO;NAO;0;2889.65;2416.22;21;0.32513399450376923
55355162446;1479;23;SUPERIOR;CASADO;AUTONOMO;ALUGADA;NAO;NAO;1;7489.74;5949.62;17;0.4929535496047604
23535165118;1480;35;MEDIO;CASADO;APOSENTADO;ALUGADA;SIM;SIM;1;11168.89;8504.92;55;0.13635746071890337
73654381498;1481;49;POS;SOLTEIRO;APOSENTADO;PROPRIA;SIM;SIM;0;9636.47;7794.55;1;0.6005954853179176
18694484465;1482;53;SUPERIOR;CASADO;ASSALARIADO;PROPRIA;NAO;NAO;1;25579.5;20918.83;97;0.10670268692110624
27350168495;1483;53;SUPERIOR;CASADO;SERVIDOR PUBLICO;PROPRIA;NAO;NAO;0;9296.99;7150.91;46;0.21249895110116546
21673041470;1484;53;SUPERIOR;CASADO;ASSALARIADO;PROPRIA;SIM;SIM;0;27665.49;21371.76;109;0.10920902223912567
59459553518;1485;42;SUPERIOR;SOLTEIRO;SERVIDOR PUBLICO;ALUGADA;SIM;NAO;0;14109.0;11272.38;35;0.11486185998093912
33393011385;1486;50;POS;CASADO;APOSENTADO;PROPRIA;SIM;SIM;2;22584.18;18439.85;59;0.22320359677235124
33137262860;1487;18;FUNDAM;CASADO;AUTONOMO;PROPRIA;SIM;SIM;2;7817.74;6061.92;40;0.06016819015088487
53934194445;1488;32;MEDIO;VIUVO;ASSALARIADO;ALUGADA;NAO;SIM;0;3292.87;2656.91;21;0.44873858780224923
41711760064;1489;39;MEDIO;VIUVO;EMPRESARIO;PROPRIA;SIM;SIM;0;8555.59;6934.2;33;0.1879621553746513
46147873551;1490;56;MEDIO;SOLTEIRO;SERVIDOR PUBLICO;FINANCIADA;NAO;NAO;1;6830.7;5549.86;36;0.3070801901999513
58493288119;1491;46;POS;SOLTEIRO;EMPRESARIO;PROPRIA;SIM;NAO;2;27986.7;23096.33;24;0.12958088296769818
99187284446;1492;29;POS;DIVORCIADO;ASSALARIADO;CEDIDA;SIM;NAO;4;23819.32;19600.48;73;0.2360836408799088
26032120219;1493;55;MEDIO;CASADO;ASSALARIADO;PROPRIA;NAO;SIM;0;12273.23;9431.22;79;0.27341637135412544
54728580244;1494;55;POS;SOLTEIRO;ASSALARIADO;ALUGADA;NAO;NAO;0;39313.06;32075.03;70;0.11364070132759366
99066060437;1495;46;SUPERIOR;CASADO;SERVIDOR PUBLICO;PROPRIA;SIM;SIM;0;10073.92;8083.99;38;0.28351130268343994
15458923684;1496;42;SUPERIOR;CASADO;ASSALARIADO;ALUGADA;SIM;NAO;1;9908.45;7646.92;43;0.37102827259740123
78451052430;1497;31;MEDIO;SOLTEIRO;ASSALARIADO;ALUGADA;SIM;NAO;0;4053.3;3363.67;25;0.22272557463201478
43110688963;1498;19;SUPERIOR;SOLTEIRO;APOSENTADO;FINANCIADA;NAO;NAO;0;6600.03;5081.5;40;0.1763073393809563
67817528586;1499;42;POS;SOLTEIRO;SERVIDOR PUBLICO;ALUGADA;SIM;NAO;2;27845.73;22977.54;89;0.17717634782943664
44126932962;1500;18;FUNDAM;CASADO;ASSALARIADO;ALUGADA;SIM;NAO;3;2239.55;1780.07;3;0.5232124401064685
12766987264;1501;38;MEDIO;SOLTEIRO;EMPRESARIO;FINANCIADA;SIM;NAO;1;4515.77;3526.94;31;0.26528095832398546
57992714493;1502;27;FUNDAM;SOLTEIRO;ASSALARIADO;PROPRIA;SIM;NAO;2;6278.51;5099.44;56;0.33008261044772524
98897260518;1503;54;POS;CASADO;ASSALARIADO;PROPRIA;NAO;NAO;0;45741.83;37828.45;93;0.15871386764816114
36223482959;1504;51;POS;SOLTEIRO;ASSALARIADO;PROPRIA;SIM;SIM;1;22222.1;17041.84;70;0.10606833504302407
83471962544;1505;35;SUPERIOR;CASADO;EMPRESARIO;ALUGADA;NAO;NAO;0;20430.71;16483.44;33;0.18134743708229967
29063094068;1506;34;POS;CASADO;SERVIDOR PUBLICO;PROPRIA;SIM;SIM;0;26386.29;21434.79;84;0.2758842367875024
94941980426;1507;34;SUPERIOR;DIVORCIADO;SERVIDOR PUBLICO;PROPRIA;SIM;SIM;3;9475.19;7947.97;46;0.3083017509081049
31336741027;1508;42;SUPERIOR;DIVORCIADO;AUTONOMO;ALUGADA;SIM;NAO;0;9350.0;7810.41;44;0.32539605473103367
50733023196;1509;41;SUPERIOR;CASADO;ASSALARIADO;PROPRIA;NAO;NAO;1;10810.42;8428.71;43;0.32967502861579473
60861588836;1510;41;MEDIO;SOLTEIRO;SERVIDOR PUBLICO;CEDIDA;SIM;SIM;1;3380.47;2688.5;15;0.30586502743643856
62228941997;1511;42;MEDIO;SOLTEIRO;EMPRESARIO;PROPRIA;NAO;NAO;0;4615.36;3731.05;8;0.28139865471112946
76622254745;1512;35;MEDIO;CASADO;ASSALARIADO;CEDIDA;NAO;NAO;0;2703.53;2264.34;10;0.40098549759183877
70285857571;1513;27;FUNDAM;VIUVO;SERVIDOR PUBLICO;PROPRIA;SIM;NAO;0;1412.0;1169.53;2;0.7543341365105447
53032599575;1514;63;SUPERIOR;CASADO;EMPRESARIO;PROPRIA;NAO;NAO;0;23613.39;18242.75;64;0.14139868003658976
39631752888;1515;25;POS;CASADO;ASSALARIADO;PROPRIA;SIM;NAO;2;22828.94;19110.22;67;0.18053363009225104
86463550280;1516;41;SUPERIOR;CASADO;ASSALARIADO;ALUGADA;NAO;NAO;1;26574.31;21958.77;46;0.15542009987962796
94859516749;1517;41;FUNDAM;CASADO;ASSALARIADO;PROPRIA;NAO;NAO;4;3677.48;2951.93;17;0.18254804980015876
19329179152;1518;18;MEDIO;SOLTEIRO;ASSALARIADO;ALUGADA;SIM;NAO;0;3096.55;2583.56;1;0.7062980695438985
46028953887;1519;65;SUPERIOR;CASADO;ASSALARIADO;CEDIDA;SIM;NAO;0;13854.37;11098.18;47;0.0808036526976472
52554214755;1520;28;MEDIO;CASADO;EMPRESARIO;FINANCIADA;NAO;NAO;0;2262.85;1843.05;1;0.429418855970163
66421941929;1521;58;MEDIO;CASADO;ASSALARIADO;ALUGADA;SIM;NAO;2;14375.95;11109.09;55;0.1278495629207009
73751222263;1522;39;MEDIO;SOLTEIRO;SERVIDOR PUBLICO;PROPRIA;NAO;SIM;4;2389.9;1838.8;14;0.4619890230914068
31743823529;1523;41;MEDIO;SOLTEIRO;ASSALARIADO;FINANCIADA;SIM;SIM;2;9691.28;7861.54;71;0.11105224165526704
60954841374;1524;56;POS;CASADO;AUTONOMO;PROPRIA;NAO;NAO;2;38769.71;29882.17;76;0.043771357272903565
51874774775;1525;35;SUPERIOR;CASADO;APOSENTADO;PROPRIA;SIM;NAO;0;10789.3;8334.46;63;0.2551863511726311
63970611584;1526;55;SUPERIOR;SOLTEIRO;ASSALARIADO;ALUGADA;SIM;NAO;1;16674.56;13292.81;50;0.20181167796269803
41952022342;1527;46;POS;CASADO;SERVIDOR PUBLICO;ALUGADA;SIM;SIM;2;26344.33;21194.84;56;0.27668850387084887
61984490122;1528;64;SUPERIOR;SOLTEIRO;SERVIDOR PUBLICO;CEDIDA;NAO;NAO;1;15228.58;12549.23;79;0.10550729956259228
88390379394;1529;28;FUNDAM;CASADO;EMPRESARIO;PROPRIA;SIM;NAO;0;3432.9;2753.7;18;0.44000791951460977
94865021862;1530;25;SUPERIOR;SOLTEIRO;APOSENTADO;PROPRIA;SIM;NAO;1;10641.28;8680.5;25;0.40579009808336974
64588565245;1531;37;SUPERIOR;SOLTEIRO;ASSALARIADO;ALUGADA;NAO;NAO;0;17986.95;13729.82;53;0.28811369337723164
60236012758;1532;30;SUPERIOR;SOLTEIRO;AUTONOMO;PROPRIA;SIM;NAO;1;7767.22;5999.56;41;0.26353045295744143
29642323042;1533;34;FUNDAM;SOLTEIRO;APOSENTADO;FINANCIADA;NAO;NAO;2;2652.89;2139.82;15;0.5283054418892205
66827942281;1534;44;SUPERIOR;CASADO;APOSENTADO;PROPRIA;SIM;SIM;0;15071.23;12471.15;85;0.19324450205514446
63468138295;1535;55;SUPERIOR;CASADO;ASSALARIADO;PROPRIA;SIM;NAO;3;16020.34;12432.55;53;0.15127859794408022
51786029245;1536;48;SUPERIOR;CASADO;APOSENTADO;PROPRIA;SIM;NAO;1;20448.96;15767.34;99;0.08075735738329644
95862046334;1537;50;SUPERIOR;CASADO;ASSALARIADO;FINANCIADA;NAO;NAO;3;14876.5;11499.03;49;0.19316629414271375
17750156536;1538;37;MEDIO;DIVORCIADO;ASSALARIADO;PROPRIA;NAO;NAO;0;2636.9;2177.61;3;0.5310573612829632
62081579556;1539;43;SUPERIOR;SOLTEIRO;AUTONOMO;PROPRIA;SIM;NAO;1;17077.58;13067.37;68;0.15574725748119642
94978875383;1540;25;MEDIO;SOLTEIRO;ASSALARIADO;PROPRIA;SIM;NAO;0;6540.95;5112.14;28;0.4134782480666377
69588979843;1541;38;SUPERIOR;CASADO;APOSENTADO;PROPRIA;NAO;NAO;1;6208.04;5176.66;24;0.46922516692944205
91545755239;1542;51;POS;CASADO;APOSENTADO;ALUGADA;NAO;SIM;0;38096.92;31669.4;72;0.08065233483593348
10063729816;1543;31;POS;CASADO;AUTONOMO;PROPRIA;SIM;NAO;3;13261.0;10930.01;39;0.31651740809307766
46410469573;1544;55;SUPERIOR;SOLTEIRO;ASSALARIADO;PROPRIA;SIM;NAO;3;19476.76;15205.3;30;0.23545214330835404
95912274756;1545;23;FUNDAM;CASADO;ASSALARIADO;FINANCIADA;SIM;SIM;2;1412.0;1145.18;1;0.6672081638350392
30726893784;1546;45;FUNDAM;CASADO;SERVIDOR PUBLICO;ALUGADA;SIM;NAO;0;4242.57;3282.92;19;0.24771403286870308
43229348572;1547;29;POS;CASADO;ASSALARIADO;CEDIDA;NAO;NAO;0;8473.77;6903.83;20;0.33941609537962136
82284047434;1548;49;SUPERIOR;SOLTEIRO;ASSALARIADO;ALUGADA;SIM;SIM;0;9156.13;7415.18;38;0.26926184527975705
97933771591;1549;62;SUPERIOR;CASADO;AUTONOMO;PROPRIA;NAO;SIM;1;27804.62;22397.8;58;0.19502086864535276
60864064884;1550;47;MEDIO;CASADO;ASSALARIADO;PROPRIA;SIM;NAO;3;3457.12;2786.14;33;0.20861262195002228
33678046696;1551;24;MEDIO;CASADO;AUTONOMO;ALUGADA;SIM;SIM;1;1562.97;1280.31;3;0.9600336791938544
69864610256;1552;60;MEDIO;SOLTEIRO;EMPRESARIO;CEDIDA;SIM;NAO;0;3992.76;3106.28;25;0.28578831791378617
28988541261;1553;18;FUNDAM;DIVORCIADO;AUTONOMO;ALUGADA;SIM;NAO;3;3297.66;2732.76;19;0.3970872797743191
68465911997;1554;18;FUNDAM;CASADO;ASSALARIADO;FINANCIADA;SIM;SIM;1;2554.4;2058.43;23;0.595696769691038
30820851679;1555;26;SUPERIOR;SOLTEIRO;EMPRESARIO;ALUGADA;SIM;NAO;0;17984.42;14679.44;32;0.17032616347355653
70516937855;1556;42;SUPERIOR;CASADO;AUTONOMO;PROPRIA;NAO;NAO;3;16815.84;13541.43;29;0.1804188391099723
74612529466;1557;31;MEDIO;SOLTEIRO;ASSALARIADO;PROPRIA;NAO;NAO;1;5600.33;4314.02;41;0.3434409007191055
89229481848;1558;49;MEDIO;CASADO;ASSALARIADO;CEDIDA;NAO;NAO;0;8790.53;6845.69;63;0.22056360748449239
67977721773;1559;18;MEDIO;CASADO;ASSALARIADO;ALUGADA;SIM;NAO;1;5054.23;3877.33;15;0.5909057511904174
82492183380;1560;38;FUNDAM;DIVORCIADO;AUTONOMO;ALUGADA;SIM;NAO;0;2124.74;1749.67;12;0.6376057514206371
49627714216;1561;51;SUPERIOR;CASADO;SERVIDOR PUBLICO;PROPRIA;NAO;NAO;0;13742.04;11020.24;41;0.1479710754708024
57078354716;1562;61;SUPERIOR;CASADO;SERVIDOR PUBLICO;PROPRIA;SIM;NAO;2;14625.91;11404.46;51;0.17176028199284168
62117780871;1563;31;MEDIO;CASADO;EMPRESARIO;ALUGADA;NAO;NAO;3;4896.43;3787.13;27;0.2333052240928644
84013241787;1564;59;SUPERIOR;DIVORCIADO;AUTONOMO;PROPRIA;NAO;NAO;0;15346.51;11717.05;19;0.10535063368818383
55064122345;1565;29;MEDIO;CASADO;ASSALARIADO;PROPRIA;SIM;NAO;1;2678.15;2164.17;42;0.5070350952275335
96947381425;1566;26;FUNDAM;CASADO;AUTONOMO;ALUGADA;NAO;NAO;1;6665.77;5368.2;85;0.14357681366853509
69211826247;1567;37;POS;CASADO;EMPRESARIO;PROPRIA;SIM;NAO;0;15657.23;12260.88;8;0.4769398085280902
28528316257;1568;46;MEDIO;CASADO;APOSENTADO;PROPRIA;SIM;NAO;1;14043.75;11093.43;65;0.11917391084116721
84842197072;1569;41;MEDIO;DIVORCIADO;ASSALARIADO;ALUGADA;SIM;NAO;0;3974.95;3105.3;33;0.28371505492890065
95879815074;1570;52;POS;SOLTEIRO;ASSALARIADO;CEDIDA;SIM;NAO;0;11978.82;9998.1;35;0.2149396487795454
93321698061;1571;39;SUPERIOR;SOLTEIRO;ASSALARIADO;PROPRIA;NAO;NAO;2;8645.05;6764.89;39;0.30291175709852286
43447342079;1572;40;POS;SOLTEIRO;ASSALARIADO;FINANCIADA;NAO;NAO;2;40136.28;32863.03;72;0.15688440398039294
76952721973;1573;30;MEDIO;CASADO;ASSALARIADO;PROPRIA;SIM;NAO;2;2859.24;2377.02;22;0.5929036911701223
18039569968;1574;28;MEDIO;CASADO;ASSALARIADO;PROPRIA;SIM;NAO;0;3215.33;2590.61;13;0.5871425335730578
21444188230;1575;61;MEDIO;SOLTEIRO;ASSALARIADO;ALUGADA;SIM;NAO;0;7946.57;6658.15;17;0.290447815945755
19088334856;1576;59;SUPERIOR;SOLTEIRO;ASSALARIADO;FINANCIADA;SIM;NAO;0;20761.94;17404.75;93;0.14841701251757175
30542398397;1577;57;SUPERIOR;SOLTEIRO;ASSALARIADO;PROPRIA;NAO;SIM;0;24841.27;19458.05;86;0.12092514164662674
68836020342;1578;41;MEDIO;SOLTEIRO;ASSALARIADO;PROPRIA;SIM;NAO;1;3426.56;2838.96;55;0.39222874600680646
73397658481;1579;56;SUPERIOR;SOLTEIRO;AUTONOMO;PROPRIA;SIM;NAO;2;9623.06;7629.3;18;0.4252972571988265
92339443819;1580;38;MEDIO;SOLTEIRO;ASSALARIADO;CEDIDA;NAO;NAO;1;3808.3;3186.3;11;0.26112983550210045
58926660892;1581;37;POS;CASADO;ASSALARIADO;ALUGADA;SIM;NAO;2;25045.18;19922.52;61;0.200705071520073
25885717798;1582;53;SUPERIOR;CASADO;AUTONOMO;FINANCIADA;NAO;NAO;1;16899.82;13807.75;65;0.15034047795869032
61985023245;1583;45;POS;SOLTEIRO;ASSALARIADO;PROPRIA;SIM;NAO;1;14364.04;11461.35;38;0.298212977080139
97536192764;1584;37;MEDIO;CASADO;ASSALARIADO;PROPRIA;SIM;NAO;1;7191.48;5996.54;22;0.26349394994438075
73356658952;1585;24;MEDIO;CASADO;ASSALARIADO;ALUGADA;SIM;NAO;1;1735.78;1416.69;6;0.98
82135488869;1586;51;SUPERIOR;SOLTEIRO;ASSALARIADO;PROPRIA;NAO;SIM;0;20784.77;17313.42;72;0.05440923791503128
39853756440;1587;23;MEDIO;SOLTEIRO;EMPRESARIO;FINANCIADA;SIM;NAO;0;4307.01;3330.13;12;0.5502641917655043
82460268670;1588;58;SUPERIOR;SOLTEIRO;ASSALARIADO;PROPRIA;NAO;NAO;1;13527.34;10928.05;79;0.25233848949467313
69117221432;1589;35;POS;CASADO;EMPRESARIO;PROPRIA;SIM;NAO;1;23559.9;19242.15;61;0.06318924102713665
20263491912;1590;25;FUNDAM;CASADO;SERVIDOR PUBLICO;ALUGADA;NAO;NAO;0;2114.77;1631.44;36;0.3104374534320469
78868124788;1591;39;MEDIO;CASADO;APOSENTADO;CEDIDA;NAO;NAO;1;4289.49;3522.53;12;0.4575401251632399
72112951579;1592;26;MEDIO;SOLTEIRO;ASSALARIADO;ALUGADA;SIM;NAO;0;2164.52;1790.22;3;0.9629255605178264
51412837749;1593;39;POS;SOLTEIRO;ASSALARIADO;PROPRIA;NAO;NAO;3;42352.5;33410.21;118;0.17701898981840053
56218416439;1594;51;SUPERIOR;DIVORCIADO;SERVIDOR PUBLICO;FINANCIADA;SIM;NAO;2;32515.14;25750.21;88;0.08771072649827516
35763553278;1595;31;POS;CASADO;AUTONOMO;ALUGADA;SIM;NAO;3;10312.65;7886.19;20;0.5448983459727811
87936083723;1596;21;MEDIO;CASADO;APOSENTADO;PROPRIA;SIM;NAO;1;6117.5;4934.83;22;0.3539153428877232
30386689475;1597;52;SUPERIOR;SOLTEIRO;AUTONOMO;PROPRIA;NAO;SIM;0;15029.2;11491.54;49;0.09610229875238432
27665664976;1598;43;SUPERIOR;CASADO;SERVIDOR PUBLICO;PROPRIA;NAO;NAO;1;24971.3;20096.15;53;0.13968603398300952
41345593975;1599;50;POS;CASADO;APOSENTADO;PROPRIA;SIM;SIM;1;36479.63;28457.59;86;0.08482385066158274
71671792138;1600;22;MEDIO;DIVORCIADO;EMPRESARIO;PROPRIA;NAO;SIM;0;2938.29;2280.68;7;0.8174812130774112
95634060613;1601;40;SUPERIOR;CASADO;ASSALARIADO;ALUGADA;SIM;SIM;1;16113.22;13203.39;67;0.261131200443999
53874947653;1602;43;MEDIO;VIUVO;SERVIDOR PUBLICO;FINANCIADA;SIM;NAO;1;9148.28;7538.3;66;0.2667446127034866
82099816114;1603;20;POS;CASADO;ASSALARIADO;PROPRIA;NAO;SIM;2;25966.25;20834.92;41;0.1331631882253927
14349460082;1604;59;POS;CASADO;SERVIDOR PUBLICO;PROPRIA;NAO;NAO;1;24049.75;18539.26;48;0.22080467147931843
27411311822;1605;52;SUPERIOR;CASADO;ASSALARIADO;ALUGADA;SIM;NAO;1;25995.94;20345.81;81;0.10438556729633591
99563290675;1606;42;SUPERIOR;CASADO;ASSALARIADO;PROPRIA;SIM;NAO;3;8232.91;6322.49;50;0.2754749397249647
89725029136;1607;57;POS;CASADO;ASSALARIADO;PROPRIA;NAO;NAO;0;39274.26;32336.46;72;0.08529249410004272
74042676238;1608;41;SUPERIOR;SOLTEIRO;AUTONOMO;ALUGADA;NAO;NAO;2;5815.52;4745.73;13;0.5726654968929761
92710455842;1609;56;FUNDAM;SOLTEIRO;EMPRESARIO;PROPRIA;SIM;NAO;0;6646.2;5514.64;51;0.13579046932589728
19293710654;1610;38;MEDIO;CASADO;APOSENTADO;PROPRIA;NAO;NAO;0;5490.56;4391.38;30;0.2602509500775898
87734817226;1611;24;MEDIO;CASADO;ASSALARIADO;ALUGADA;NAO;NAO;1;2309.47;1869.15;11;0.7118955118517253
83923315410;1612;31;MEDIO;SOLTEIRO;ASSALARIADO;CEDIDA;SIM;NAO;1;6206.44;4828.24;35;0.29347322211233906
36646250066;1613;18;MEDIO;CASADO;AUTONOMO;FINANCIADA;SIM;SIM;0;10054.8;7685.73;61;0.3611436289423737
35177830025;1614;44;SUPERIOR;SOLTEIRO;SERVIDOR PUBLICO;ALUGADA;SIM;NAO;2;19597.52;16005.66;71;0.06279282743824212
66419058814;1615;43;MEDIO;SOLTEIRO;SERVIDOR PUBLICO;CEDIDA;NAO;NAO;0;6062.29;4701.27;31;0.1586505766512998
45736355667;1616;34;SUPERIOR;CASADO;EMPRESARIO;PROPRIA;SIM;NAO;0;9448.4;7204.28;35;0.23417437683873119
10212614963;1617;30;MEDIO;CASADO;APOSENTADO;FINANCIADA;SIM;NAO;2;1533.43;1257.73;1;0.6329006508546392
99266724722;1618;27;MEDIO;DIVORCIADO;APOSENTADO;ALUGADA;SIM;NAO;0;5804.77;4448.14;43;0.34187903281059584
72773366197;1619;29;FUNDAM;CASADO;EMPRESARIO;PROPRIA;NAO;SIM;1;2478.12;2019.85;33;0.34113169051906855
43938211737;1620;34;MEDIO;SOLTEIRO;APOSENTADO;ALUGADA;SIM;NAO;3;3574.04;2825.87;30;0.4151916189534179
45254173841;1621;50;POS;SOLTEIRO;EMPRESARIO;PROPRIA;SIM;NAO;0;16211.57;12814.35;40;0.2812506496795215
61849894544;1622;50;MEDIO;SOLTEIRO;ASSALARIADO;PROPRIA;SIM;SIM;1;16371.34;13309.21;85;0.0736328146642572
27985413959;1623;40;MEDIO;SOLTEIRO;ASSALARIADO;PROPRIA;SIM;SIM;0;6326.55;5194.0;32;0.28117049840315855
96218933779;1624;24;SUPERIOR;CASADO;SERVIDOR PUBLICO;ALUGADA;SIM;NAO;2;2683.9;2241.61;1;0.8156124577148796
34251087969;1625;50;POS;DIVORCIADO;EMPRESARIO;PROPRIA;SIM;SIM;2;39347.94;30522.5;94;0.11754885524267085
72289769995;1626;29;SUPERIOR;SOLTEIRO;ASSALARIADO;FINANCIADA;SIM;SIM;2;5498.11;4324.21;5;0.47270109016565076
35961648718;1627;42;SUPERIOR;DIVORCIADO;AUTONOMO;CEDIDA;SIM;SIM;3;18408.75;14275.7;70;0.23513660992210797
73066258549;1628;28;SUPERIOR;CASADO;SERVIDOR PUBLICO;FINANCIADA;SIM;SIM;0;9086.91;7308.55;45;0.1906323826747338
15270929984;1629;45;SUPERIOR;CASADO;SERVIDOR PUBLICO;ALUGADA;SIM;NAO;0;21774.49;17031.19;66;0.06384829235214112
84996351558;1630;42;MEDIO;DIVORCIADO;ASSALARIADO;CEDIDA;SIM;SIM;1;6182.68;5149.49;48;0.17207523405785882
87264323274;1631;34;FUNDAM;SOLTEIRO;AUTONOMO;PROPRIA;NAO;NAO;1;1479.96;1162.69;9;0.6117849495926929
80925246587;1632;39;POS;CASADO;ASSALARIADO;ALUGADA;NAO;NAO;3;25817.97;19774.66;75;0.22603078123502485
72317263997;1633;43;POS;SOLTEIRO;AUTONOMO;ALUGADA;NAO;NAO;2;15077.51;11664.04;55;0.263705216163547
80213533065;1634;34;FUNDAM;CASADO;APOSENTADO;ALUGADA;SIM;SIM;1;2969.49;2347.38;25;0.5637178581374496
67863239446;1635;25;FUNDAM;SOLTEIRO;AUTONOMO;ALUGADA;SIM;SIM;1;2007.4;1578.64;10;0.6578276259914619
14177593326;1636;49;SUPERIOR;SOLTEIRO;ASSALARIADO;ALUGADA;SIM;NAO;1;17958.04;14331.65;50;0.12472368158254052
59866520438;1637;42;SUPERIOR;CASADO;APOSENTADO;ALUGADA;NAO;NAO;1;15724.27;12677.32;74;0.28544761250068273
25250411838;1638;59;SUPERIOR;SOLTEIRO;ASSALARIADO;ALUGADA;SIM;NAO;0;25361.45;20789.94;90;0.07360593684557795
99894315460;1639;18;MEDIO;SOLTEIRO;ASSALARIADO;CEDIDA;SIM;NAO;2;1412.0;1115.94;2;0.8935006824020781
95790677081;1640;31;FUNDAM;CASADO;ASSALARIADO;ALUGADA;SIM;NAO;1;2001.01;1651.24;10;0.4876350740524448
26242422336;1641;33;MEDIO;CASADO;AUTONOMO;PROPRIA;SIM;SIM;0;8138.77;6784.11;46;0.2924248427156756
50976635222;1642;30;MEDIO;SOLTEIRO;ASSALARIADO;ALUGADA;NAO;NAO;2;2174.58;1672.36;15;0.8294534091044277
98737867688;1643;46;MEDIO;CASADO;APOSENTADO;FINANCIADA;SIM;NAO;1;4401.87;3399.18;28;0.33770394144229093
94416884280;1644;47;SUPERIOR;CASADO;SERVIDOR PUBLICO;FINANCIADA;SIM;NAO;0;9612.03;7318.22;48;0.22244891851753934
83898076182;1645;60;FUNDAM;CASADO;EMPRESARIO;PROPRIA;NAO;NAO;0;19817.16;15736.59;54;0.16256598071512413
47910024262;1646;18;MEDIO;SOLTEIRO;ASSALARIADO;ALUGADA;SIM;NAO;2;2884.36;2267.12;8;0.41258012324603416
19316655314;1647;30;SUPERIOR;CASADO;SERVIDOR PUBLICO;PROPRIA;SIM;NAO;0;22042.74;18016.96;57;0.09522640786615125
80779538084;1648;26;FUNDAM;SOLTEIRO;AUTONOMO;PROPRIA;SIM;NAO;0;2956.29;2480.81;36;0.46045462556916045
16124170061;1649;25;MEDIO;CASADO;ASSALARIADO;ALUGADA;SIM;NAO;1;4203.22;3360.33;1;0.4834322190709329
63883215110;1650;28;MEDIO;CASADO;SERVIDOR PUBLICO;PROPRIA;SIM;NAO;3;3274.14;2735.38;25;0.41624983324689663
91348892965;1651;59;SUPERIOR;SOLTEIRO;ASSALARIADO;FINANCIADA;NAO;NAO;1;24359.24;19845.93;111;0.08530744894215311
29188871575;1652;18;SUPERIOR;CASADO;EMPRESARIO;PROPRIA;SIM;NAO;0;17496.82;14146.8;25;0.08110998630573502
60352847069;1653;60;SUPERIOR;SOLTEIRO;SERVIDOR PUBLICO;PROPRIA;SIM;NAO;2;14683.07;12294.79;62;0.1166171178067222
11762678542;1654;39;SUPERIOR;CASADO;ASSALARIADO;PROPRIA;SIM;SIM;0;15845.15;13252.51;51;0.16095097635788227
34336683238;1655;62;MEDIO;CASADO;APOSENTADO;PROPRIA;NAO;NAO;2;14322.06;11840.55;137;0.10402683714327196
61964197462;1656;32;FUNDAM;VIUVO;SERVIDOR PUBLICO;PROPRIA;SIM;NAO;1;2740.47;2094.02;4;0.8105685671234195
68587391272;1657;36;MEDIO;CASADO;SERVIDOR PUBLICO;PROPRIA;NAO;NAO;1;7205.46;5646.69;58;0.18367295597304573
22862091761;1658;31;SUPERIOR;SOLTEIRO;APOSENTADO;PROPRIA;NAO;NAO;2;18472.14;14495.72;48;0.3121383823726459
41059047625;1659;32;SUPERIOR;SOLTEIRO;SERVIDOR PUBLICO;PROPRIA;SIM;SIM;0;17695.08;13814.41;70;0.2882161567489142
10261354381;1660;43;MEDIO;DIVORCIADO;ASSALARIADO;PROPRIA;NAO;SIM;0;4232.52;3410.09;40;0.27960484406330155
70586075770;1661;50;MEDIO;CASADO;APOSENTADO;ALUGADA;SIM;SIM;0;7159.58;5511.6;7;0.3139170185951861
15861461722;1662;48;MEDIO;SOLTEIRO;APOSENTADO;ALUGADA;SIM;NAO;0;6014.31;4765.36;30;0.4254664912037348
62669718253;1663;27;MEDIO;SOLTEIRO;SERVIDOR PUBLICO;FINANCIADA;SIM;NAO;1;2982.34;2342.19;1;0.5548483137476955
30569812442;1664;33;SUPERIOR;CASADO;ASSALARIADO;FINANCIADA;NAO;NAO;2;9431.01;7792.14;40;0.25825205160249937
29293221691;1665;18;SUPERIOR;CASADO;ASSALARIADO;PROPRIA;SIM;NAO;1;2298.77;1747.73;4;0.98
66357262660;1666;18;MEDIO;VIUVO;AUTONOMO;PROPRIA;SIM;NAO;1;1440.09;1189.14;6;0.6323564182066881
22641795869;1667;28;MEDIO;CASADO;SERVIDOR PUBLICO;PROPRIA;NAO;NAO;0;8599.2;6849.99;57;0.20301115212055704
89730018843;1668;22;MEDIO;SOLTEIRO;EMPRESARIO;PROPRIA;NAO;SIM;0;3315.96;2562.35;8;0.7918482561024907
71590746620;1669;61;MEDIO;CASADO;APOSENTADO;PROPRIA;SIM;SIM;0;15622.1;12922.62;80;0.11864415524204147
30659838420;1670;18;FUNDAM;CASADO;ASSALARIADO;PROPRIA;NAO;SIM;1;2836.09;2324.69;12;0.3605310538215315
48456451272;1671;44;SUPERIOR;DIVORCIADO;APOSENTADO;FINANCIADA;SIM;NAO;1;16014.71;12259.14;81;0.2880732048442072
81583367045;1672;33;MEDIO;DIVORCIADO;ASSALARIADO;FINANCIADA;NAO;NAO;2;3349.25;2743.03;16;0.8574985281839325
75481270698;1673;36;FUNDAM;SOLTEIRO;ASSALARIADO;PROPRIA;SIM;NAO;0;2588.44;2038.08;5;0.853363059392103
15937013371;1674;18;MEDIO;SOLTEIRO;SERVIDOR PUBLICO;PROPRIA;NAO;NAO;1;2934.0;2438.51;12;0.43468074942446755
11538822541;1675;30;MEDIO;CASADO;SERVIDOR PUBLICO;PROPRIA;SIM;SIM;3;3103.39;2511.6;12;0.5813377302867884
49917882437;1676;18;SUPERIOR;CASADO;SERVIDOR PUBLICO;PROPRIA;SIM;NAO;0;17855.35;13975.31;64;0.13973679053138158
24198988897;1677;26;POS;SOLTEIRO;SERVIDOR PUBLICO;PROPRIA;SIM;NAO;3;39681.37;30996.59;79;0.07633130960563961
47671093840;1678;37;SUPERIOR;VIUVO;SERVIDOR PUBLICO;FINANCIADA;NAO;NAO;2;17351.0;14039.62;52;0.19665226483773923
12112465751;1679;36;SUPERIOR;CASADO;ASSALARIADO;PROPRIA;SIM;NAO;2;26991.58;22596.78;94;0.05507800169460461
64460671163;1680;45;SUPERIOR;DIVORCIADO;SERVIDOR PUBLICO;ALUGADA;NAO;SIM;0;6982.43;5705.1;30;0.5632035006675203
91468156665;1681;61;SUPERIOR;CASADO;SERVIDOR PUBLICO;PROPRIA;NAO;SIM;2;15180.53;11661.13;58;0.20283956753132817
25241330157;1682;27;MEDIO;CASADO;ASSALARIADO;PROPRIA;SIM;NAO;3;1412.0;1139.79;4;0.8850950356921236
91820630189;1683;33;MEDIO;SOLTEIRO;ASSALARIADO;PROPRIA;SIM;SIM;3;5355.55;4415.15;35;0.2161801038362693
46832520363;1684;26;MEDIO;SOLTEIRO;EMPRESARIO;PROPRIA;SIM;NAO;2;2903.58;2266.08;38;0.5189626269868359
53767660371;1685;55;SUPERIOR;DIVORCIADO;EMPRESARIO;FINANCIADA;SIM;NAO;1;26284.6;20971.61;72;0.14633338973132823
55391924652;1686;27;MEDIO;SOLTEIRO;ASSALARIADO;ALUGADA;NAO;NAO;2;2773.6;2218.2;4;0.6797701589307619
61747055119;1687;44;FUNDAM;CASADO;AUTONOMO;ALUGADA;NAO;SIM;1;1461.72;1115.8;13;0.6107726625171739
73127066618;1688;40;MEDIO;SOLTEIRO;AUTONOMO;ALUGADA;NAO;NAO;0;5926.09;4559.18;33;0.393442528616765
93279054665;1689;38;MEDIO;CASADO;ASSALARIADO;FINANCIADA;NAO;SIM;3;5834.71;4894.63;50;0.23466406225084877
82033248221;1690;34;SUPERIOR;SOLTEIRO;SERVIDOR PUBLICO;PROPRIA;SIM;NAO;1;7667.21;6024.71;9;0.46999544327841947
65746097025;1691;59;SUPERIOR;DIVORCIADO;APOSENTADO;PROPRIA;SIM;NAO;1;24331.81;18859.08;52;0.033372524693592115
17755365869;1692;29;MEDIO;CASADO;AUTONOMO;PROPRIA;SIM;NAO;0;6085.8;4846.07;25;0.19306085502354342
66816238593;1693;59;MEDIO;SOLTEIRO;ASSALARIADO;PROPRIA;NAO;NAO;0;9474.13;7634.62;70;0.23004326014274945
10475498940;1694;42;POS;CASADO;ASSALARIADO;ALUGADA;SIM;NAO;0;35363.8;27672.96;59;0.14689016799892085
68852611060;1695;60;POS;VIUVO;AUTONOMO;PROPRIA;SIM;NAO;2;25651.47;21448.31;22;0.1640426921835552
49560247265;1696;51;SUPERIOR;CASADO;SERVIDOR PUBLICO;PROPRIA;SIM;NAO;0;22082.06;17651.89;47;0.13663418475486777
50299675390;1697;47;SUPERIOR;SOLTEIRO;ASSALARIADO;PROPRIA;SIM;NAO;0;27757.17;23097.18;77;0.10331594907319036
67771460447;1698;50;SUPERIOR;CASADO;AUTONOMO;PROPRIA;SIM;NAO;0;27049.16;22396.76;78;0.05640016761614155
27950619374;1699;33;FUNDAM;CASADO;APOSENTADO;PROPRIA;SIM;NAO;1;1412.0;1076.52;3;0.850431794669208
10530651971;1700;39;SUPERIOR;VIUVO;ASSALARIADO;ALUGADA;SIM;SIM;2;9504.28;7272.6;1;0.2602778243654569
79854928020;1701;30;MEDIO;CASADO;SERVIDOR PUBLICO;ALUGADA;SIM;NAO;0;1819.85;1418.5;2;0.7137886460412279
71872323713;1702;52;POS;CASADO;ASSALARIADO;ALUGADA;SIM;NAO;0;23397.4;18268.59;19;0.15324188761002974
82992156595;1703;44;SUPERIOR;CASADO;ASSALARIADO;PROPRIA;SIM;NAO;2;16346.27;13220.54;64;0.1665969256675964
67352512888;1704;28;FUNDAM;VIUVO;SERVIDOR PUBLICO;PROPRIA;SIM;NAO;0;3275.54;2507.37;32;0.44584703256044167
61190052520;1705;44;POS;CASADO;ASSALARIADO;PROPRIA;NAO;SIM;2;23694.51;19268.07;49;0.12994117212234418
92682357424;1706;61;POS;DIVORCIADO;AUTONOMO;PROPRIA;SIM;NAO;3;33851.63;26358.34;104;0.05975206740103842
86074212762;1707;18;MEDIO;DIVORCIADO;APOSENTADO;PROPRIA;NAO;NAO;2;8299.08;6380.96;30;0.30481530212145075
85178111449;1708;25;SUPERIOR;DIVORCIADO;EMPRESARIO;FINANCIADA;SIM;NAO;1;15055.81;12292.88;47;0.12343890203338881
57313364736;1709;33;FUNDAM;SOLTEIRO;SERVIDOR PUBLICO;PROPRIA;NAO;NAO;4;5008.11;4079.22;25;0.4069388033769096
49734123012;1710;29;MEDIO;CASADO;SERVIDOR PUBLICO;PROPRIA;NAO;SIM;2;4119.71;3193.66;53;0.31052015669941074
69880893369;1711;37;POS;CASADO;SERVIDOR PUBLICO;FINANCIADA;SIM;SIM;1;40543.7;33591.35;43;0.0729257294518302
52158322411;1712;39;POS;SOLTEIRO;ASSALARIADO;PROPRIA;NAO;NAO;2;37714.82;29468.89;92;0.09828428385731962
21456293387;1713;23;MEDIO;VIUVO;ASSALARIADO;PROPRIA;SIM;SIM;0;2865.35;2199.52;12;0.6566050685829209
87912970729;1714;35;MEDIO;SOLTEIRO;ASSALARIADO;PROPRIA;SIM;NAO;0;7781.55;6409.83;30;0.10096803917877961
97334217872;1715;36;MEDIO;CASADO;SERVIDOR PUBLICO;PROPRIA;NAO;NAO;1;12718.87;10478.71;91;0.10579506871713
94576592492;1716;21;FUNDAM;CASADO;ASSALARIADO;PROPRIA;SIM;SIM;1;1412.0;1131.49;1;0.7958641968841165
92763160235;1717;53;POS;CASADO;AUTONOMO;PROPRIA;SIM;NAO;0;48480.78;37514.76;58;0.09447510618187399
57989062595;1718;26;SUPERIOR;CASADO;APOSENTADO;PROPRIA;NAO;NAO;2;5928.99;4772.61;1;0.42845773881885474
83370399347;1719;28;FUNDAM;CASADO;EMPRESARIO;FINANCIADA;SIM;NAO;1;1412.0;1104.1;3;0.8399666620925934
90728464112;1720;37;SUPERIOR;CASADO;EMPRESARIO;ALUGADA;SIM;NAO;0;15908.67;12371.83;54;0.27247896009273426
85932666684;1721;50;POS;SOLTEIRO;ASSALARIADO;PROPRIA;NAO;NAO;0;42907.23;33861.96;77;0.08548816910817858
43267777562;1722;49;SUPERIOR;SOLTEIRO;ASSALARIADO;PROPRIA;NAO;NAO;2;27218.82;22287.5;88;0.07579857026824924
76956353741;1723;52;SUPERIOR;CASADO;ASSALARIADO;PROPRIA;NAO;NAO;1;15895.23;12237.33;44;0.2986065579581551
81844296690;1724;47;SUPERIOR;CASADO;ASSALARIADO;PROPRIA;NAO;NAO;0;24026.07;18909.82;82;0.1048762855535446
82177111574;1725;44;MEDIO;CASADO;SERVIDOR PUBLICO;CEDIDA;NAO;SIM;3;2711.36;2203.95;11;0.5368683603835771
24116580964;1726;42;POS;SOLTEIRO;ASSALARIADO;ALUGADA;SIM;NAO;2;40428.39;31591.87;61;0.034872365061569086
65574718767;1727;43;MEDIO;CASADO;SERVIDOR PUBLICO;FINANCIADA;NAO;NAO;1;5229.11;4227.09;4;0.3455633053673824
13840552640;1728;30;MEDIO;VIUVO;ASSALARIADO;ALUGADA;SIM;NAO;0;1412.0;1119.69;4;0.893484693997591
16318475911;1729;56;MEDIO;CASADO;AUTONOMO;PROPRIA;SIM;SIM;2;3464.9;2699.58;5;0.4585728590311577
39886765167;1730;48;MEDIO;CASADO;ASSALARIADO;PROPRIA;NAO;NAO;0;4845.28;3771.99;40;0.20072866319974625
95121218522;1731;41;SUPERIOR;SOLTEIRO;AUTONOMO;FINANCIADA;NAO;SIM;1;13816.44;11049.73;54;0.07012520967901224
61122256732;1732;50;MEDIO;DIVORCIADO;ASSALARIADO;ALUGADA;SIM;SIM;1;3944.03;3286.17;48;0.33984262234088125
50984634482;1733;24;MEDIO;CASADO;ASSALARIADO;PROPRIA;SIM;NAO;1;4130.03;3388.08;18;0.27751579970119467
52278134441;1734;57;SUPERIOR;VIUVO;ASSALARIADO;CEDIDA;NAO;NAO;2;17002.99;13133.8;55;0.11886550286216915
90717547985;1735;49;POS;SOLTEIRO;SERVIDOR PUBLICO;PROPRIA;NAO;NAO;1;39955.47;30761.55;105;0.13351083446437317
19040163723;1736;18;FUNDAM;SOLTEIRO;ASSALARIADO;PROPRIA;SIM;NAO;0;2552.8;2136.3;14;0.7305131670913753
30549470963;1737;18;POS;DIVORCIADO;APOSENTADO;PROPRIA;NAO;NAO;2;14647.84;12214.88;19;0.3196376033871611
10777811413;1738;37;POS;CASADO;APOSENTADO;PROPRIA;NAO;NAO;2;23656.53;18206.37;36;0.26368806109595794
29277460015;1739;33;MEDIO;CASADO;AUTONOMO;PROPRIA;SIM;SIM;1;7943.06;6562.55;54;0.19508897681614445
21416585092;1740;37;SUPERIOR;SOLTEIRO;ASSALARIADO;ALUGADA;SIM;NAO;3;18430.28;14841.09;89;0.16513728277329154
19428082232;1741;18;MEDIO;CASADO;EMPRESARIO;FINANCIADA;SIM;NAO;0;4381.0;3399.05;1;0.7233795373437459
11862422317;1742;41;MEDIO;SOLTEIRO;SERVIDOR PUBLICO;PROPRIA;NAO;NAO;0;4010.18;3145.31;13;0.5618731025653195
47692919165;1743;29;MEDIO;CASADO;APOSENTADO;ALUGADA;NAO;NAO;1;4617.97;3862.4;21;0.4587962084451076
21639346182;1744;40;SUPERIOR;SOLTEIRO;ASSALARIADO;PROPRIA;SIM;NAO;1;25813.9;20551.89;56;0.10907140771544667
88267328855;1745;41;MEDIO;CASADO;ASSALARIADO;PROPRIA;NAO;NAO;2;10407.97;8147.21;40;0.1620299251127028
51763661284;1746;60;FUNDAM;SOLTEIRO;SERVIDOR PUBLICO;ALUGADA;SIM;NAO;1;2930.56;2370.15;50;0.301422905536155
37057365847;1747;46;SUPERIOR;CASADO;ASSALARIADO;PROPRIA;NAO;NAO;0;22743.09;18220.72;87;0.12512300078891767
26091696636;1748;36;SUPERIOR;CASADO;ASSALARIADO;PROPRIA;SIM;NAO;1;13844.96;11551.15;41;0.08649122947402839
53594382321;1749;33;MEDIO;CASADO;SERVIDOR PUBLICO;ALUGADA;SIM;NAO;1;3368.49;2758.57;7;0.5682530544090614
47786154446;1750;33;POS;VIUVO;ASSALARIADO;CEDIDA;SIM;NAO;3;35775.28;29718.65;91;0.09970086670709573
10531456243;1751;37;SUPERIOR;CASADO;SERVIDOR PUBLICO;FINANCIADA;SIM;NAO;0;13073.97;10921.07;16;0.302240776250208
49161728735;1752;63;POS;CASADO;SERVIDOR PUBLICO;ALUGADA;SIM;NAO;2;24166.17;20018.36;60;0.2470067789971958
27688522623;1753;43;MEDIO;CASADO;ASSALARIADO;CEDIDA;NAO;NAO;2;18687.68;14491.12;121;0.10412511184324544
52584846874;1754;45;SUPERIOR;DIVORCIADO;ASSALARIADO;PROPRIA;SIM;SIM;0;18962.07;15232.98;69;0.31542747556056144
69892966925;1755;28;FUNDAM;SOLTEIRO;ASSALARIADO;PROPRIA;SIM;NAO;1;1412.0;1102.69;3;0.7234244664627382
52235276325;1756;35;MEDIO;CASADO;SERVIDOR PUBLICO;PROPRIA;NAO;SIM;0;4551.38;3478.15;10;0.3676247592737139
49621351322;1757;29;FUNDAM;SOLTEIRO;APOSENTADO;PROPRIA;SIM;NAO;0;1412.0;1158.53;1;0.7167263003124666
82443825447;1758;40;POS;CASADO;APOSENTADO;PROPRIA;SIM;SIM;1;15204.26;12724.44;52;0.3714170416977263
59113727832;1759;47;POS;SOLTEIRO;ASSALARIADO;PROPRIA;SIM;NAO;2;39117.61;30335.84;99;0.17442534669358872
75514582753;1760;32;POS;CASADO;APOSENTADO;PROPRIA;SIM;NAO;1;15152.23;11724.53;60;0.2894028423540938
21381953225;1761;38;MEDIO;CASADO;ASSALARIADO;CEDIDA;SIM;NAO;0;6152.87;5025.86;6;0.1892696993410098
36650933224;1762;29;MEDIO;CASADO;ASSALARIADO;PROPRIA;NAO;NAO;1;2436.05;1901.24;4;0.8077012313163471
28543797127;1763;44;SUPERIOR;DIVORCIADO;SERVIDOR PUBLICO;ALUGADA;SIM;NAO;0;27797.14;21876.03;108;0.09196510127230441
86183829675;1764;45;MEDIO;CASADO;APOSENTADO;FINANCIADA;SIM;NAO;0;8994.75;7544.83;19;0.20137317244954656
38525876492;1765;48;POS;CASADO;AUTONOMO;PROPRIA;SIM;NAO;1;41668.56;33006.47;80;0.08453038395579171
30959523027;1766;50;SUPERIOR;SOLTEIRO;SERVIDOR PUBLICO;PROPRIA;SIM;NAO;0;14463.55;11323.76;55;0.14842948967256545
45553595741;1767;37;SUPERIOR;VIUVO;SERVIDOR PUBLICO;PROPRIA;SIM;NAO;1;7470.89;6225.97;29;0.4008541190677071
66026417037;1768;47;SUPERIOR;DIVORCIADO;SERVIDOR PUBLICO;CEDIDA;NAO;NAO;1;10037.74;8246.28;31;0.2907470839120285
13126851995;1769;37;SUPERIOR;CASADO;ASSALARIADO;PROPRIA;SIM;NAO;3;15484.77;12911.89;87;0.24104823235789474
88410995826;1770;52;SUPERIOR;CASADO;AUTONOMO;ALUGADA;SIM;NAO;1;16576.17;13519.71;57;0.23334546606644763
45166784520;1771;45;MEDIO;SOLTEIRO;ASSALARIADO;FINANCIADA;SIM;NAO;0;3610.19;2793.36;47;0.39973098297443654
40095622626;1772;31;MEDIO;CASADO;ASSALARIADO;PROPRIA;NAO;NAO;2;3914.55;3236.15;7;0.4627772430656567
29157473364;1773;30;MEDIO;CASADO;ASSALARIADO;PROPRIA;SIM;NAO;0;2166.33;1683.91;12;0.6081632356042347
30636020686;1774;22;FUNDAM;CASADO;AUTONOMO;FINANCIADA;SIM;NAO;1;1419.03;1149.43;1;0.98
86293714193;1775;24;FUNDAM;DIVORCIADO;APOSENTADO;ALUGADA;SIM;SIM;3;2375.7;1826.85;30;0.41739206919239125
93444723075;1776;55;MEDIO;DIVORCIADO;ASSALARIADO;PROPRIA;SIM;NAO;2;10671.88;8949.78;44;0.06900018457713579
60438456116;1777;39;MEDIO;DIVORCIADO;ASSALARIADO;ALUGADA;NAO;NAO;3;3258.47;2481.76;7;0.39127503402635516
71974327730;1778;48;MEDIO;VIUVO;ASSALARIADO;PROPRIA;SIM;SIM;1;8286.22;6318.07;34;0.1377659132192233
31649279985;1779;36;MEDIO;SOLTEIRO;ASSALARIADO;PROPRIA;NAO;NAO;0;7419.17;5663.5;58;0.18732483155450444
11141161672;1780;24;FUNDAM;CASADO;EMPRESARIO;CEDIDA;NAO;NAO;0;2086.95;1600.56;1;0.588059163219213
57689471458;1781;58;SUPERIOR;SOLTEIRO;ASSALARIADO;ALUGADA;SIM;NAO;2;29839.15;23362.91;88;0.09709738978044617
37573938492;1782;19;SUPERIOR;SOLTEIRO;APOSENTADO;ALUGADA;SIM;SIM;3;5217.9;4056.72;15;0.6059592612914145
39119674739;1783;32;SUPERIOR;SOLTEIRO;SERVIDOR PUBLICO;PROPRIA;SIM;NAO;2;8676.46;6685.43;24;0.3637231757907714
28835196510;1784;42;MEDIO;CASADO;AUTONOMO;PROPRIA;SIM;SIM;2;5323.05;4363.45;38;0.32198179202965677
56678588564;1785;44;SUPERIOR;CASADO;ASSALARIADO;ALUGADA;SIM;NAO;1;11835.65;9663.12;24;0.3108332336064993
20969220540;1786;26;FUNDAM;CASADO;ASSALARIADO;PROPRIA;SIM;NAO;0;1657.03;1374.82;6;0.5796714879763123
16337547538;1787;39;MEDIO;CASADO;SERVIDOR PUBLICO;ALUGADA;SIM;NAO;1;7149.21;5770.97;37;0.3351888400711318
33028268439;1788;40;SUPERIOR;CASADO;APOSENTADO;ALUGADA;NAO;NAO;1;9189.82;7222.97;49;0.4511555174395119
64475728060;1789;53;SUPERIOR;SOLTEIRO;ASSALARIADO;FINANCIADA;SIM;NAO;2;26074.67;21770.28;107;0.10112431968052285
36593263927;1790;42;SUPERIOR;SOLTEIRO;SERVIDOR PUBLICO;PROPRIA;NAO;SIM;2;10517.49;8082.22;29;0.47570454234625514
97459267218;1791;48;SUPERIOR;CASADO;ASSALARIADO;PROPRIA;NAO;NAO;2;25592.85;21298.79;60;0.14559183497314793
31979969835;1792;25;MEDIO;CASADO;EMPRESARIO;PROPRIA;SIM;NAO;1;3728.71;2940.89;10;0.563352054797476
14264488725;1793;18;MEDIO;CASADO;ASSALARIADO;PROPRIA;NAO;NAO;2;5180.69;4019.43;32;0.30485478150679746
95077172920;1794;33;MEDIO;CASADO;EMPRESARIO;PROPRIA;NAO;NAO;0;2643.28;2043.86;24;0.549278814491253
20771541735;1795;49;MEDIO;SOLTEIRO;ASSALARIADO;PROPRIA;SIM;NAO;0;13042.68;10199.69;64;0.08728781183727696
21810084121;1796;43;SUPERIOR;SOLTEIRO;APOSENTADO;PROPRIA;SIM;NAO;0;22759.74;17776.83;106;0.13873608345224803
41217291781;1797;34;MEDIO;CASADO;SERVIDOR PUBLICO;ALUGADA;SIM;NAO;2;4616.39;3786.35;15;0.5033244190093257
60670631128;1798;35;SUPERIOR;SOLTEIRO;ASSALARIADO;ALUGADA;SIM;SIM;0;26070.9;20522.22;85;0.05180273053629311
70721838631;1799;54;POS;CASADO;AUTONOMO;FINANCIADA;SIM;NAO;0;39422.8;31173.78;107;0.07171111626369665
22017518275;1800;48;SUPERIOR;SOLTEIRO;ASSALARIADO;PROPRIA;NAO;SIM;1;22068.36;17971.73;73;0.08107240940040192
35976925067;1801;23;MEDIO;SOLTEIRO;ASSALARIADO;PROPRIA;NAO;NAO;1;2108.0;1701.84;6;0.7484413117604352
88893661885;1802;43;MEDIO;CASADO;ASSALARIADO;PROPRIA;NAO;SIM;1;3056.22;2427.28;15;0.6177919116890422
20430265787;1803;54;POS;CASADO;APOSENTADO;PROPRIA;NAO;NAO;0;27535.94;22696.63;33;0.20813975326634454
90629442297;1804;49;SUPERIOR;DIVORCIADO;AUTONOMO;PROPRIA;SIM;NAO;2;18089.84;14260.45;47;0.2588720015558376
78013183345;1805;41;MEDIO;CASADO;ASSALARIADO;FINANCIADA;NAO;NAO;0;10516.0;8565.22;37;0.17925827213118373
99855396379;1806;18;MEDIO;SOLTEIRO;SERVIDOR PUBLICO;PROPRIA;NAO;NAO;2;3157.73;2505.31;22;0.34394886574968775
79571867977;1807;43;SUPERIOR;SOLTEIRO;ASSALARIADO;PROPRIA;SIM;SIM;0;9952.53;8042.76;21;0.3849576981898725
24086233476;1808;36;SUPERIOR;SOLTEIRO;ASSALARIADO;ALUGADA;SIM;NAO;1;10645.69;8214.7;49;0.1775371218585787
45459191489;1809;61;SUPERIOR;SOLTEIRO;ASSALARIADO;PROPRIA;SIM;SIM;3;31590.92;25338.56;88;0.15934253428258638
12313976366;1810;53;SUPERIOR;CASADO;SERVIDOR PUBLICO;PROPRIA;NAO;NAO;4;26731.86;20649.13;75;0.1247737500145693
46576332978;1811;35;SUPERIOR;CASADO;ASSALARIADO;ALUGADA;SIM;SIM;2;11158.9;8764.96;34;0.4372666554552055
41859924671;1812;34;SUPERIOR;CASADO;EMPRESARIO;PROPRIA;SIM;NAO;1;6091.42;5065.98;21;0.41631241062550645
55438570074;1813;47;SUPERIOR;DIVORCIADO;APOSENTADO;PROPRIA;NAO;NAO;4;16007.27;12846.71;19;0.15941384754338495
99729993515;1814;52;SUPERIOR;CASADO;EMPRESARIO;ALUGADA;NAO;NAO;4;29510.2;24772.49;56;0.050972661855544193
71980385219;1815;46;POS;CASADO;ASSALARIADO;PROPRIA;SIM;SIM;1;36434.47;29924.45;58;0.04474265938148457
85776332712;1816;18;FUNDAM;CASADO;ASSALARIADO;PROPRIA;SIM;NAO;0;1412.0;1095.51;2;0.8855840064316824
65884057497;1817;49;SUPERIOR;CASADO;AUTONOMO;PROPRIA;NAO;NAO;1;14360.87;10982.73;41;0.09846899324749075
81991445165;1818;31;MEDIO;CASADO;AUTONOMO;PROPRIA;NAO;SIM;0;3988.67;3103.32;29;0.5919436179843744
15281955689;1819;40;SUPERIOR;CASADO;SERVIDOR PUBLICO;FINANCIADA;NAO;SIM;0;8339.38;6713.5;28;0.28578922547481345
40588335920;1820;52;SUPERIOR;SOLTEIRO;ASSALARIADO;PROPRIA;SIM;NAO;0;16033.26;13336.13;69;0.2222880170237823
12333825859;1821;53;SUPERIOR;SOLTEIRO;ASSALARIADO;PROPRIA;SIM;NAO;1;14591.41;11614.1;25;0.18870712797450404
44347518797;1822;50;SUPERIOR;CASADO;ASSALARIADO;CEDIDA;SIM;SIM;3;28276.69;22688.36;39;0.12463283744620474
45525917895;1823;19;FUNDAM;CASADO;ASSALARIADO;FINANCIADA;SIM;NAO;1;4811.81;3812.32;35;0.2490759869006478
41458184221;1824;61;MEDIO;CASADO;ASSALARIADO;PROPRIA;NAO;NAO;0;4002.45;3136.48;16;0.5322509470731427
88484471711;1825;31;MEDIO;SOLTEIRO;ASSALARIADO;FINANCIADA;SIM;NAO;3;5206.22;3986.18;64;0.2641210851390436
52291755360;1826;26;MEDIO;SOLTEIRO;SERVIDOR PUBLICO;PROPRIA;NAO;NAO;1;5741.25;4776.97;47;0.3333294012583539
85225234666;1827;46;POS;CASADO;ASSALARIADO;FINANCIADA;NAO;SIM;1;38425.61;29210.54;47;0.15330811969823996
91238129538;1828;28;MEDIO;SOLTEIRO;SERVIDOR PUBLICO;PROPRIA;NAO;NAO;0;2405.23;1889.36;4;0.867003122376042
17828283789;1829;23;MEDIO;CASADO;ASSALARIADO;PROPRIA;NAO;NAO;0;3679.73;3049.94;10;0.5714218684392821
65197061667;1830;42;POS;SOLTEIRO;APOSENTADO;ALUGADA;SIM;NAO;0;23874.46;18167.91;54;0.2131028206672834
59996513683;1831;18;MEDIO;SOLTEIRO;APOSENTADO;ALUGADA;NAO;NAO;0;1637.88;1247.43;5;0.98
22064286123;1832;50;MEDIO;SOLTEIRO;SERVIDOR PUBLICO;ALUGADA;SIM;SIM;2;5750.69;4598.27;28;0.3334572338475478
38966443830;1833;49;MEDIO;SOLTEIRO;ASSALARIADO;FINANCIADA;SIM;SIM;0;6892.37;5597.65;24;0.17612851203959343
90450770773;1834;29;MEDIO;SOLTEIRO;ASSALARIADO;PROPRIA;SIM;NAO;0;3540.96;2847.84;23;0.45959998585996836
96132896926;1835;20;MEDIO;CASADO;ASSALARIADO;PROPRIA;SIM;SIM;1;3120.27;2458.99;20;0.5324774271882335
91332725859;1836;31;FUNDAM;CASADO;SERVIDOR PUBLICO;PROPRIA;SIM;NAO;2;3822.6;3048.48;40;0.329527469520731
27739862887;1837;55;SUPERIOR;SOLTEIRO;ASSALARIADO;PROPRIA;SIM;NAO;1;24402.2;19813.89;89;0.11407780285604943
80983375859;1838;41;FUNDAM;SOLTEIRO;AUTONOMO;FINANCIADA;SIM;SIM;0;8118.64;6216.3;37;0.1798651936471476
28965113625;1839;18;FUNDAM;DIVORCIADO;ASSALARIADO;CEDIDA;SIM;NAO;1;1412.0;1083.07;1;0.8185573281124795
17656263768;1840;50;SUPERIOR;CASADO;ASSALARIADO;ALUGADA;SIM;NAO;0;15834.31;12148.52;72;0.2323995679187914
57680490169;1841;25;MEDIO;CASADO;ASSALARIADO;PROPRIA;NAO;NAO;3;7023.93;5751.56;57;0.16619625255350765
22353496573;1842;40;SUPERIOR;CASADO;SERVIDOR PUBLICO;PROPRIA;SIM;NAO;0;19209.79;15660.81;65;0.1992076571088857
58148074674;1843;40;SUPERIOR;DIVORCIADO;EMPRESARIO;PROPRIA;SIM;NAO;0;14683.28;12078.42;53;0.146079346535741
93229124570;1844;31;SUPERIOR;CASADO;ASSALARIADO;PROPRIA;SIM;NAO;0;11772.39;9881.43;31;0.3036380742438664
22786430925;1845;18;FUNDAM;SOLTEIRO;ASSALARIADO;PROPRIA;NAO;NAO;3;1824.9;1522.61;2;0.7720753922570265
93254443073;1846;47;POS;SOLTEIRO;AUTONOMO;PROPRIA;SIM;NAO;1;22600.66;18691.89;71;0.16049865649497086
38584473796;1847;57;POS;CASADO;SERVIDOR PUBLICO;PROPRIA;NAO;NAO;0;37419.61;28802.34;78;0.09752211888905474
74968673079;1848;43;POS;CASADO;SERVIDOR PUBLICO;PROPRIA;SIM;SIM;0;21090.2;16382.13;65;0.1415493302245753
89612149715;1849;30;MEDIO;SOLTEIRO;SERVIDOR PUBLICO;PROPRIA;SIM;NAO;0;2977.79;2296.98;5;0.6921529527097919
39916278970;1850;41;MEDIO;CASADO;ASSALARIADO;PROPRIA;SIM;NAO;0;4975.52;3872.68;48;0.18932300830222265
11954971998;1851;57;MEDIO;CASADO;ASSALARIADO;PROPRIA;SIM;NAO;2;9600.48;7893.46;66;0.16013586514749945
75452174424;1852;39;SUPERIOR;DIVORCIADO;SERVIDOR PUBLICO;PROPRIA;NAO;NAO;3;6050.1;4941.21;21;0.6214395896938095
11059453442;1853;26;MEDIO;CASADO;EMPRESARIO;PROPRIA;NAO;NAO;0;2563.89;2004.72;10;0.98
71248026350;1854;18;SUPERIOR;VIUVO;EMPRESARIO;FINANCIADA;SIM;NAO;1;4047.76;3303.9;7;0.6976951477476793
45760243044;1855;18;FUNDAM;DIVORCIADO;SERVIDOR PUBLICO;PROPRIA;SIM;NAO;2;2638.99;2087.55;10;0.7546816585676738
92441930084;1856;44;POS;VIUVO;ASSALARIADO;PROPRIA;SIM;NAO;0;25050.78;20417.74;52;0.22647691132275097
58884813227;1857;28;MEDIO;CASADO;APOSENTADO;PROPRIA;NAO;NAO;2;3645.05;2914.04;19;0.5331336273298134
49441791470;1858;52;MEDIO;CASADO;APOSENTADO;ALUGADA;SIM;NAO;1;5430.42;4326.81;6;0.2995860085907775
43553912374;1859;30;MEDIO;CASADO;APOSENTADO;PROPRIA;NAO;NAO;1;2445.37;1998.03;10;0.7568918766688483
94236117535;1860;27;MEDIO;SOLTEIRO;ASSALARIADO;PROPRIA;SIM;NAO;0;3797.47;3022.01;28;0.44903153120088746
95034428171;1861;21;MEDIO;CASADO;SERVIDOR PUBLICO;PROPRIA;NAO;SIM;1;2432.19;2004.43;25;0.41916209638798185
43936776348;1862;45;SUPERIOR;CASADO;SERVIDOR PUBLICO;PROPRIA;SIM;SIM;0;9959.92;8183.36;42;0.36160961237641126
94176135187;1863;58;SUPERIOR;SOLTEIRO;ASSALARIADO;CEDIDA;SIM;SIM;0;22565.19;17256.02;83;0.06851273008824024
61512823356;1864;26;MEDIO;SOLTEIRO;SERVIDOR PUBLICO;PROPRIA;NAO;NAO;1;7482.24;5943.77;7;0.3930630916459858
66684571464;1865;22;FUNDAM;CASADO;SERVIDOR PUBLICO;ALUGADA;SIM;NAO;1;1412.0;1098.8;6;0.98
34550878417;1866;47;MEDIO;CASADO;AUTONOMO;CEDIDA;NAO;NAO;0;2926.05;2284.94;5;0.553683289766139
60487848479;1867;53;MEDIO;CASADO;ASSALARIADO;PROPRIA;NAO;NAO;2;13888.65;11385.05;76;0.144491101709466
45776783518;1868;56;POS;SOLTEIRO;ASSALARIADO;PROPRIA;NAO;NAO;4;40465.01;30979.13;71;0.01
19714876148;1869;49;SUPERIOR;SOLTEIRO;SERVIDOR PUBLICO;ALUGADA;SIM;SIM;0;27055.41;22632.05;89;0.11317374192718722
16034247176;1870;29;MEDIO;SOLTEIRO;SERVIDOR PUBLICO;PROPRIA;SIM;NAO;0;3941.12;3156.84;13;0.37677868154540156
52627243550;1871;30;MEDIO;SOLTEIRO;APOSENTADO;PROPRIA;SIM;NAO;0;4357.47;3510.07;24;0.3512023617668779
70524639935;1872;41;MEDIO;CASADO;ASSALARIADO;FINANCIADA;SIM;NAO;2;9164.47;7220.81;74;0.20137254692368112
75574564878;1873;24;MEDIO;CASADO;ASSALARIADO;ALUGADA;NAO;NAO;1;5356.52;4468.67;29;0.4147684427025378
30525156182;1874;26;MEDIO;SOLTEIRO;ASSALARIADO;ALUGADA;SIM;SIM;0;3092.65;2395.82;5;0.8828355057397003
26747530219;1875;29;MEDIO;VIUVO;ASSALARIADO;PROPRIA;NAO;SIM;1;1851.1;1487.27;29;0.45506981930389767
77027853798;1876;44;MEDIO;CASADO;ASSALARIADO;ALUGADA;NAO;NAO;0;5418.33;4512.42;36;0.2720273309483887
92075999240;1877;49;MEDIO;CASADO;AUTONOMO;ALUGADA;SIM;NAO;1;5486.1;4505.73;54;0.49391704671918807
60475545679;1878;40;MEDIO;SOLTEIRO;ASSALARIADO;PROPRIA;SIM;NAO;0;5272.01;4069.3;50;0.28359983069673106
39822236657;1879;48;SUPERIOR;SOLTEIRO;EMPRESARIO;PROPRIA;NAO;NAO;0;17759.96;13640.91;57;0.21851758215266193
73052367667;1880;46;SUPERIOR;SOLTEIRO;EMPRESARIO;PROPRIA;SIM;SIM;2;11284.64;9134.47;10;0.35713307830986085
25426886093;1881;32;MEDIO;SOLTEIRO;SERVIDOR PUBLICO;PROPRIA;NAO;NAO;0;3828.0;2937.55;13;0.3854563308109235
51896832211;1882;18;FUNDAM;CASADO;ASSALARIADO;FINANCIADA;NAO;NAO;0;1739.43;1442.12;1;0.4637002570764067
56582418822;1883;39;MEDIO;VIUVO;ASSALARIADO;PROPRIA;SIM;NAO;0;1611.93;1343.37;69;0.3140961071827087
13569233785;1884;44;MEDIO;CASADO;AUTONOMO;PROPRIA;SIM;NAO;1;4966.95;4033.79;20;0.6255313899177739
52531311416;1885;45;SUPERIOR;DIVORCIADO;ASSALARIADO;PROPRIA;NAO;NAO;0;30713.65;23699.47;123;0.09431561040755107
74275999252;1886;32;MEDIO;CASADO;APOSENTADO;CEDIDA;NAO;NAO;0;5556.98;4413.92;21;0.4246745209993269
63765663954;1887;46;MEDIO;SOLTEIRO;ASSALARIADO;ALUGADA;SIM;NAO;0;14753.1;11446.34;91;0.08119296889716758
79990762080;1888;36;MEDIO;CASADO;ASSALARIADO;PROPRIA;SIM;NAO;0;8845.35;7267.54;53;0.18252006555611042
39587735257;1889;23;MEDIO;CASADO;AUTONOMO;PROPRIA;SIM;NAO;2;3967.5;3197.48;24;0.5999312279736092
78429585167;1890;20;FUNDAM;SOLTEIRO;ASSALARIADO;PROPRIA;NAO;SIM;1;1412.0;1145.05;6;0.8991816522371892
59724621957;1891;47;FUNDAM;CASADO;ASSALARIADO;PROPRIA;NAO;NAO;0;8246.47;6716.25;104;0.06936152741682836
60512752796;1892;52;SUPERIOR;CASADO;ASSALARIADO;PROPRIA;SIM;NAO;0;18278.32;14123.76;79;0.22257056729747715
12118558149;1893;18;MEDIO;SOLTEIRO;EMPRESARIO;PROPRIA;SIM;SIM;0;4824.58;3834.75;33;0.3953481201440524
39971359540;1894;42;SUPERIOR;DIVORCIADO;AUTONOMO;PROPRIA;SIM;NAO;0;16780.64;13388.21;66;0.14232898795195328
19036058938;1895;41;SUPERIOR;CASADO;AUTONOMO;PROPRIA;SIM;SIM;2;9356.2;7554.24;28;0.3193027487156535
29622694975;1896;18;SUPERIOR;CASADO;EMPRESARIO;PROPRIA;SIM;NAO;2;7543.16;6251.16;16;0.4400709755200365
36954266438;1897;38;SUPERIOR;SOLTEIRO;SERVIDOR PUBLICO;PROPRIA;SIM;NAO;1;9894.38;8188.58;36;0.274539864727865
32851540447;1898;31;POS;CASADO;SERVIDOR PUBLICO;FINANCIADA;NAO;NAO;2;28508.28;22684.39;49;0.19194080991697254
19261176810;1899;43;SUPERIOR;CASADO;APOSENTADO;PROPRIA;SIM;NAO;1;16220.33;12756.36;73;0.21512200357416308
99890920892;1900;27;MEDIO;SOLTEIRO;SERVIDOR PUBLICO;PROPRIA;SIM;SIM;2;3961.19;3288.75;1;0.515915943607749
30537825391;1901;36;FUNDAM;CASADO;EMPRESARIO;ALUGADA;SIM;NAO;2;4213.94;3224.19;30;0.19546759940274122
56295632747;1902;34;POS;CASADO;ASSALARIADO;ALUGADA;SIM;NAO;0;37553.06;28957.88;94;0.10478356020034481
88982187972;1903;23;FUNDAM;CASADO;AUTONOMO;PROPRIA;SIM;NAO;0;3012.45;2445.05;21;0.5599918703217609
72343959767;1904;40;POS;CASADO;EMPRESARIO;PROPRIA;SIM;SIM;0;40274.09;31921.23;66;0.0715517893464167
97721268514;1905;33;FUNDAM;CASADO;ASSALARIADO;ALUGADA;SIM;NAO;1;1957.62;1547.16;16;0.3833147120203981
59021619890;1906;34;POS;DIVORCIADO;AUTONOMO;PROPRIA;SIM;NAO;0;22854.64;17938.98;67;0.16915962389890304
91839699313;1907;26;FUNDAM;CASADO;AUTONOMO;FINANCIADA;SIM;NAO;1;1412.0;1131.79;7;0.8727708976831232
24913025650;1908;41;FUNDAM;DIVORCIADO;ASSALARIADO;ALUGADA;SIM;SIM;1;7429.18;6193.07;56;0.23752879001777044
80062715498;1909;47;MEDIO;CASADO;EMPRESARIO;ALUGADA;SIM;NAO;1;9678.41;7705.56;99;0.17242339152979955
24411767138;1910;29;SUPERIOR;DIVORCIADO;EMPRESARIO;PROPRIA;SIM;NAO;3;29965.52;23527.08;96;0.04874566192462215
84431870696;1911;56;SUPERIOR;CASADO;SERVIDOR PUBLICO;PROPRIA;SIM;NAO;1;15605.17;12440.03;28;0.13778541402133526
71744435031;1912;28;FUNDAM;DIVORCIADO;ASSALARIADO;PROPRIA;NAO;NAO;1;1412.0;1155.38;5;0.7311730728281982
66543614461;1913;35;FUNDAM;CASADO;EMPRESARIO;ALUGADA;SIM;NAO;0;1412.0;1115.65;4;0.9039191831613888
99154123010;1914;30;SUPERIOR;VIUVO;ASSALARIADO;ALUGADA;SIM;SIM;0;11564.61;9460.43;63;0.15847669458853073
28233397854;1915;20;SUPERIOR;DIVORCIADO;EMPRESARIO;PROPRIA;NAO;SIM;0;10346.43;8152.5;35;0.406779430512759
41288438427;1916;32;FUNDAM;SOLTEIRO;ASSALARIADO;PROPRIA;SIM;NAO;4;2544.03;2062.06;1;0.4392629382605366
33372749297;1917;26;FUNDAM;CASADO;SERVIDOR PUBLICO;PROPRIA;SIM;NAO;1;2275.28;1781.95;8;0.6653405167596078
19617584624;1918;26;MEDIO;CASADO;APOSENTADO;PROPRIA;SIM;NAO;1;7050.17;5480.3;32;0.4180040343847352
47156110840;1919;37;SUPERIOR;DIVORCIADO;SERVIDOR PUBLICO;ALUGADA;NAO;SIM;2;12275.68;10214.85;79;0.13265979404669642
70948565910;1920;61;MEDIO;SOLTEIRO;ASSALARIADO;FINANCIADA;NAO;NAO;2;11664.15;9726.17;53;0.026163524719239467
73267486343;1921;45;FUNDAM;SOLTEIRO;SERVIDOR PUBLICO;PROPRIA;SIM;NAO;2;3335.81;2752.75;24;0.4925828387289518
80483687818;1922;50;POS;SOLTEIRO;SERVIDOR PUBLICO;PROPRIA;SIM;NAO;0;33611.45;27337.38;102;0.1618894227253772
36265773397;1923;36;MEDIO;SOLTEIRO;EMPRESARIO;PROPRIA;SIM;NAO;1;5978.02;4796.01;61;0.3435319103084357
78887592845;1924;35;POS;SOLTEIRO;SERVIDOR PUBLICO;FINANCIADA;NAO;NAO;0;23302.0;18939.46;50;0.1267392953441852
99747459954;1925;41;SUPERIOR;DIVORCIADO;SERVIDOR PUBLICO;ALUGADA;SIM;SIM;1;6663.71;5446.84;21;0.5921288238517313
72748934146;1926;45;SUPERIOR;VIUVO;SERVIDOR PUBLICO;PROPRIA;NAO;SIM;1;25998.26;20940.78;91;0.06382881263008786
55911840792;1927;45;MEDIO;CASADO;SERVIDOR PUBLICO;FINANCIADA;NAO;NAO;3;3903.99;3013.17;32;0.42617055231387874
89814635260;1928;43;MEDIO;SOLTEIRO;APOSENTADO;FINANCIADA;SIM;NAO;4;6200.53;4930.87;44;0.45711300886576645
92258237619;1929;18;SUPERIOR;CASADO;ASSALARIADO;PROPRIA;SIM;NAO;1;10525.79;8649.28;33;0.35515760259850415
23191541221;1930;61;SUPERIOR;SOLTEIRO;SERVIDOR PUBLICO;PROPRIA;NAO;NAO;2;33395.28;27341.23;62;0.04664124312326847
73423767817;1931;39;MEDIO;SOLTEIRO;ASSALARIADO;PROPRIA;SIM;NAO;1;6294.44;5090.66;24;0.48477165295959634
42485771131;1932;23;MEDIO;CASADO;SERVIDOR PUBLICO;PROPRIA;SIM;SIM;0;6912.92;5645.34;16;0.313966684579815
13474388994;1933;42;MEDIO;SOLTEIRO;ASSALARIADO;CEDIDA;NAO;SIM;1;3596.05;2781.49;36;0.28289366469789395
67322366169;1934;36;MEDIO;CASADO;ASSALARIADO;ALUGADA;SIM;SIM;0;5188.69;4228.1;38;0.30263979477298725
63879113981;1935;18;SUPERIOR;SOLTEIRO;EMPRESARIO;FINANCIADA;NAO;NAO;0;10080.53;8194.57;51;0.3372154582764796
55446132539;1936;27;MEDIO;CASADO;ASSALARIADO;PROPRIA;NAO;NAO;1;1914.28;1597.08;27;0.4893307279379825
40731639324;1937;50;SUPERIOR;SOLTEIRO;APOSENTADO;FINANCIADA;NAO;NAO;0;14840.97;11816.6;28;0.27937247000355264
59392639582;1938;38;FUNDAM;DIVORCIADO;ASSALARIADO;ALUGADA;NAO;NAO;2;1995.06;1544.88;22;0.4122396854269275
23258458895;1939;52;SUPERIOR;CASADO;SERVIDOR PUBLICO;PROPRIA;SIM;NAO;0;11762.42;9405.28;41;0.26830858878775327
52245947965;1940;27;POS;SOLTEIRO;SERVIDOR PUBLICO;PROPRIA;SIM;NAO;2;41481.81;34172.3;75;0.14836622326312493
43448013426;1941;45;POS;CASADO;AUTONOMO;PROPRIA;NAO;NAO;3;35104.79;28726.14;68;0.13019364171473685
24637394111;1942;54;MEDIO;CASADO;ASSALARIADO;ALUGADA;SIM;SIM;0;9101.76;7243.99;33;0.1446274432863407
16578859489;1943;26;MEDIO;CASADO;ASSALARIADO;FINANCIADA;SIM;NAO;0;2696.34;2192.29;5;0.6104369471377188
38752159935;1944;18;MEDIO;CASADO;SERVIDOR PUBLICO;FINANCIADA;SIM;NAO;0;4488.3;3673.44;20;0.5863929417511478
19596533862;1945;18;SUPERIOR;CASADO;ASSALARIADO;PROPRIA;NAO;NAO;2;4356.91;3615.15;23;0.3565582299396871
53381158378;1946;28;FUNDAM;DIVORCIADO;ASSALARIADO;PROPRIA;NAO;NAO;1;4160.53;3489.56;16;0.45532454606509865
77117176156;1947;37;MEDIO;CASADO;EMPRESARIO;PROPRIA;SIM;NAO;0;3738.16;2900.65;50;0.17463573429629492
35668639364;1948;19;MEDIO;SOLTEIRO;EMPRESARIO;PROPRIA;SIM;SIM;1;12340.62;10126.75;83;0.16800373316286374
74569535529;1949;38;SUPERIOR;VIUVO;AUTONOMO;ALUGADA;SIM;NAO;0;15536.51;12010.74;55;0.23669467833813562
92937394980;1950;30;SUPERIOR;DIVORCIADO;APOSENTADO;PROPRIA;NAO;SIM;1;15263.33;12717.53;59;0.15271988500484962
31712359563;1951;47;POS;CASADO;SERVIDOR PUBLICO;ALUGADA;SIM;NAO;1;36975.4;30839.4;79;0.044635835685428386
34649595791;1952;39;SUPERIOR;CASADO;SERVIDOR PUBLICO;PROPRIA;SIM;NAO;0;17224.54;13929.1;26;0.29092392308876086
93564531470;1953;53;SUPERIOR;VIUVO;SERVIDOR PUBLICO;CEDIDA;NAO;SIM;0;9713.71;8158.23;3;0.4108579099440652
93094090685;1954;27;MEDIO;CASADO;ASSALARIADO;ALUGADA;SIM;NAO;3;3721.88;3026.58;19;0.2942823462591609
90449537128;1955;18;MEDIO;CASADO;ASSALARIADO;PROPRIA;SIM;NAO;1;1412.0;1098.8;1;0.7423175363905207
94374080428;1956;44;MEDIO;SOLTEIRO;SERVIDOR PUBLICO;PROPRIA;NAO;NAO;3;2358.19;1905.8;14;0.7579650983930242
91973732853;1957;36;SUPERIOR;CASADO;SERVIDOR PUBLICO;PROPRIA;SIM;SIM;0;11193.33;8726.13;42;0.2938213696517517
99730435928;1958;31;POS;SOLTEIRO;ASSALARIADO;PROPRIA;SIM;SIM;0;23184.17;18632.46;75;0.274985558203316
58727226026;1959;54;MEDIO;SOLTEIRO;ASSALARIADO;ALUGADA;NAO;NAO;0;8721.28;6875.58;34;0.24150672786859428
79635987546;1960;50;FUNDAM;CASADO;EMPRESARIO;PROPRIA;SIM;NAO;3;1840.85;1400.54;40;0.40522004316054955
72396348598;1961;49;SUPERIOR;CASADO;AUTONOMO;PROPRIA;NAO;NAO;4;27974.82;23296.74;45;0.09681321925717917
39649682233;1962;37;MEDIO;SOLTEIRO;APOSENTADO;PROPRIA;SIM;NAO;1;8743.39;6905.84;64;0.08506440471372263
81219854574;1963;24;FUNDAM;CASADO;APOSENTADO;ALUGADA;SIM;SIM;0;2700.33;2169.78;32;0.38365464480994954
51424560924;1964;35;SUPERIOR;DIVORCIADO;APOSENTADO;ALUGADA;NAO;NAO;0;16159.88;13453.38;43;0.1826627603675482
12367675496;1965;60;MEDIO;SOLTEIRO;AUTONOMO;ALUGADA;NAO;NAO;1;3908.87;3008.51;30;0.30722457714209367
46991863161;1966;37;SUPERIOR;SOLTEIRO;SERVIDOR PUBLICO;PROPRIA;NAO;NAO;1;10074.4;8144.0;53;0.43664099550262403
30486492146;1967;38;SUPERIOR;CASADO;ASSALARIADO;PROPRIA;NAO;NAO;2;13573.95;11011.78;57;0.15109210864284484
22016111051;1968;43;POS;CASADO;ASSALARIADO;FINANCIADA;SIM;NAO;1;20353.86;15654.88;45;0.22368793412214794
34874532998;1969;34;MEDIO;CASADO;AUTONOMO;PROPRIA;SIM;NAO;0;7357.45;5917.07;28;0.058410442422710276
60227254048;1970;56;SUPERIOR;CASADO;AUTONOMO;PROPRIA;SIM;NAO;2;24546.21;19955.41;97;0.09309969701338254
45971746246;1971;56;POS;SOLTEIRO;SERVIDOR PUBLICO;PROPRIA;SIM;SIM;0;42841.99;33814.61;80;0.12871534628571688
65192532416;1972;34;FUNDAM;CASADO;APOSENTADO;PROPRIA;SIM;NAO;0;2151.77;1752.45;31;0.5007035729439383
56546326744;1973;30;SUPERIOR;SOLTEIRO;AUTONOMO;PROPRIA;NAO;NAO;0;16102.97;13157.73;55;0.11344309798803903
81382647323;1974;45;MEDIO;SOLTEIRO;ASSALARIADO;PROPRIA;NAO;NAO;2;6087.88;4843.18;34;0.3136101440235393
82232123678;1975;38;SUPERIOR;CASADO;ASSALARIADO;PROPRIA;NAO;NAO;1;19038.37;14500.61;62;0.17605392375000534
90665628859;1976;29;SUPERIOR;CASADO;EMPRESARIO;PROPRIA;SIM;NAO;1;4268.04;3537.53;3;0.6681178790820661
72083597049;1977;34;MEDIO;SOLTEIRO;ASSALARIADO;ALUGADA;NAO;NAO;1;7243.0;6072.96;38;0.25770923400666557
25590359619;1978;37;SUPERIOR;CASADO;SERVIDOR PUBLICO;PROPRIA;SIM;NAO;0;18505.73;14986.46;87;0.109484399633983
92829577633;1979;49;MEDIO;CASADO;ASSALARIADO;FINANCIADA;NAO;NAO;0;1884.06;1479.34;11;0.7291992380944718
59031861230;1980;18;FUNDAM;DIVORCIADO;ASSALARIADO;PROPRIA;SIM;NAO;3;1748.31;1377.75;4;0.6977512901585341
78352320788;1981;42;MEDIO;SOLTEIRO;ASSALARIADO;PROPRIA;NAO;NAO;0;8240.66;6369.32;57;0.22833839692024765
94544940710;1982;25;MEDIO;CASADO;ASSALARIADO;PROPRIA;SIM;NAO;1;3380.07;2741.44;23;0.6186839148465726
53667851620;1983;18;MEDIO;SOLTEIRO;AUTONOMO;ALUGADA;SIM;NAO;2;4647.71;3610.16;28;0.25314527034825923
44252444477;1984;42;MEDIO;CASADO;SERVIDOR PUBLICO;ALUGADA;SIM;NAO;0;4387.86;3359.95;16;0.37505597170350746
33140428755;1985;34;POS;CASADO;ASSALARIADO;PROPRIA;NAO;NAO;1;38374.05;30460.66;86;0.01
56711582343;1986;47;POS;CASADO;EMPRESARIO;PROPRIA;SIM;NAO;0;39525.11;32742.21;65;0.1087092899876288
63599310777;1987;40;MEDIO;CASADO;ASSALARIADO;ALUGADA;SIM;NAO;2;3983.4;3258.07;1;0.7647463308044595
40859466474;1988;48;FUNDAM;CASADO;ASSALARIADO;FINANCIADA;SIM;NAO;0;3261.62;2511.38;33;0.22132600755778326
76657888095;1989;24;FUNDAM;SOLTEIRO;ASSALARIADO;ALUGADA;NAO;NAO;0;5071.66;4112.61;41;0.22857614713911734
23451051976;1990;29;POS;SOLTEIRO;ASSALARIADO;ALUGADA;SIM;SIM;0;8654.95;6749.71;29;0.4992941074028773
97541169323;1991;41;MEDIO;SOLTEIRO;EMPRESARIO;PROPRIA;NAO;NAO;0;3854.27;3083.2;24;0.5034214684254209
48490611876;1992;41;POS;SOLTEIRO;AUTONOMO;PROPRIA;NAO;NAO;0;31459.4;26402.19;92;0.10191946495009353
95378679074;1993;42;SUPERIOR;CASADO;AUTONOMO;ALUGADA;SIM;SIM;2;9554.63;7595.05;10;0.3209973446329685
91436242867;1994;39;SUPERIOR;CASADO;EMPRESARIO;ALUGADA;SIM;NAO;1;26692.31;21561.13;95;0.07347771430591227
46385345165;1995;33;POS;CASADO;SERVIDOR PUBLICO;PROPRIA;NAO;SIM;1;10203.06;8356.02;13;0.42882019407956223
17993627547;1996;33;MEDIO;CASADO;SERVIDOR PUBLICO;PROPRIA;SIM;NAO;2;3718.69;2990.61;32;0.43883141763742856
52395070838;1997;33;FUNDAM;SOLTEIRO;AUTONOMO;PROPRIA;SIM;NAO;1;1412.0;1080.14;10;0.7324361314407918
56873177616;1998;43;SUPERIOR;CASADO;ASSALARIADO;PROPRIA;NAO;NAO;3;25469.25;20555.58;123;0.10558921973260449
33317956048;1999;39;POS;CASADO;SERVIDOR PUBLICO;ALUGADA;SIM;NAO;1;36141.59;29663.94;58;0.12683108513251734
61086345627;2000;49;POS;DIVORCIADO;ASSALARIADO;PROPRIA;NAO;NAO;1;25125.04;19357.83;56;0.21936061573609794
28389069865;2001;36;SUPERIOR;CASADO;SERVIDOR PUBLICO;PROPRIA;SIM;NAO;0;14303.43;11034.58;79;0.20856004109883308
32751671785;2002;45;MEDIO;SOLTEIRO;EMPRESARIO;ALUGADA;NAO;NAO;0;8239.5;6765.26;71;0.13730692836363137
31147873119;2003;25;MEDIO;CASADO;SERVIDOR PUBLICO;PROPRIA;SIM;NAO;3;2256.86;1773.19;10;0.606064697806979
81393426588;2004;31;MEDIO;CASADO;AUTONOMO;ALUGADA;SIM;NAO;1;7038.13;5897.59;47;0.13321290096797786
52786687677;2005;35;SUPERIOR;SOLTEIRO;SERVIDOR PUBLICO;PROPRIA;NAO;SIM;0;15070.45;12452.97;89;0.269551755207962
71398135039;2006;40;MEDIO;CASADO;APOSENTADO;PROPRIA;NAO;NAO;1;2980.77;2431.08;27;0.7042063339091986
41764475173;2007;31;SUPERIOR;DIVORCIADO;ASSALARIADO;PROPRIA;SIM;NAO;3;8014.81;6284.73;39;0.49267949416245405
68726220171;2008;28;FUNDAM;CASADO;ASSALARIADO;PROPRIA;SIM;NAO;0;2002.09;1522.51;17;0.361350185172632
47275638992;2009;55;SUPERIOR;CASADO;ASSALARIADO;ALUGADA;SIM;NAO;2;27143.81;21418.65;99;0.1001737397771012
54418357371;2010;38;SUPERIOR;CASADO;APOSENTADO;ALUGADA;NAO;NAO;2;8558.56;6821.01;23;0.3736239654094773
71384519419;2011;51;SUPERIOR;CASADO;APOSENTADO;CEDIDA;NAO;NAO;0;22820.22;17662.5;69;0.1369107464439696
53321842761;2012;47;SUPERIOR;SOLTEIRO;EMPRESARIO;PROPRIA;NAO;SIM;2;24158.17;18623.59;79;0.04779677530966078
41277233895;2013;24;FUNDAM;CASADO;ASSALARIADO;PROPRIA;SIM;NAO;1;1412.0;1093.28;3;0.6057591676143963
83887627247;2014;59;POS;DIVORCIADO;AUTONOMO;PROPRIA;NAO;NAO;0;43822.39;35761.64;98;0.07807221231362442
24657945353;2015;23;SUPERIOR;CASADO;AUTONOMO;PROPRIA;NAO;NAO;2;9515.65;7378.51;9;0.38541288424656517
41784682544;2016;22;MEDIO;SOLTEIRO;ASSALARIADO;PROPRIA;SIM;NAO;0;9917.54;8174.72;53;0.07132805568359232
14890866688;2017;18;POS;CASADO;SERVIDOR PUBLICO;CEDIDA;SIM;NAO;1;21804.55;17888.47;98;0.3035452602656197
49845519523;2018;30;FUNDAM;CASADO;SERVIDOR PUBLICO;PROPRIA;SIM;NAO;1;1412.0;1119.36;7;0.6686442628493121
57754278587;2019;48;SUPERIOR;SOLTEIRO;SERVIDOR PUBLICO;FINANCIADA;SIM;NAO;2;27800.47;23265.86;109;0.07308145939151794
63979871047;2020;37;FUNDAM;CASADO;ASSALARIADO;PROPRIA;SIM;NAO;2;5335.57;4139.7;52;0.4805087059320258
65179058178;2021;22;MEDIO;SOLTEIRO;SERVIDOR PUBLICO;PROPRIA;NAO;NAO;1;1700.22;1405.13;1;0.8262525170397119
23697937543;2022;18;FUNDAM;CASADO;SERVIDOR PUBLICO;PROPRIA;NAO;NAO;0;5214.27;4144.88;26;0.28501703683983687
84216822042;2023;21;MEDIO;SOLTEIRO;EMPRESARIO;ALUGADA;NAO;NAO;2;2859.07;2207.63;14;0.454722415735214
25528077550;2024;45;POS;CASADO;ASSALARIADO;PROPRIA;NAO;SIM;0;39145.35;30315.95;111;0.05842765937638495
76933812659;2025;48;SUPERIOR;CASADO;ASSALARIADO;PROPRIA;SIM;NAO;1;15296.96;12005.0;61;0.17315339504504926
86375073359;2026;58;POS;CASADO;ASSALARIADO;PROPRIA;SIM;NAO;2;23239.07;18928.23;61;0.11787856196408902
71913112254;2027;36;MEDIO;DIVORCIADO;ASSALARIADO;PROPRIA;SIM;NAO;1;2331.14;1792.79;27;0.4010187656992912
62950512758;2028;18;FUNDAM;CASADO;ASSALARIADO;CEDIDA;SIM;NAO;1;1412.0;1181.16;1;0.7399822520405083
90937037541;2029;49;SUPERIOR;VIUVO;ASSALARIADO;PROPRIA;SIM;NAO;3;17094.17;13062.95;43;0.20493949159474212
57066755562;2030;61;MEDIO;CASADO;APOSENTADO;PROPRIA;SIM;NAO;2;6630.72;5303.38;48;0.3160917125842091
52694919996;2031;45;SUPERIOR;DIVORCIADO;EMPRESARIO;ALUGADA;SIM;SIM;1;15564.42;12872.43;24;0.2608208830720943
37719756310;2032;25;FUNDAM;DIVORCIADO;ASSALARIADO;PROPRIA;NAO;NAO;0;1466.83;1223.28;61;0.3774183807322601
20766814161;2033;47;SUPERIOR;CASADO;SERVIDOR PUBLICO;PROPRIA;SIM;NAO;0;9249.76;7051.5;4;0.40194412933630375
68857859535;2034;22;FUNDAM;DIVORCIADO;SERVIDOR PUBLICO;FINANCIADA;NAO;NAO;1;1412.0;1093.21;7;0.9159336796440092
31558028897;2035;39;SUPERIOR;CASADO;ASSALARIADO;PROPRIA;NAO;NAO;3;12478.22;9715.51;56;0.3889386575595517
21342265758;2036;40;POS;CASADO;AUTONOMO;PROPRIA;SIM;NAO;1;27182.04;21358.63;55;0.1967712983472542
99425114566;2037;50;POS;SOLTEIRO;SERVIDOR PUBLICO;PROPRIA;SIM;NAO;1;37029.97;30912.32;69;0.1596227739089331
17159199715;2038;56;POS;CASADO;SERVIDOR PUBLICO;PROPRIA;SIM;NAO;2;40853.07;32008.44;123;0.10948687446232362
68716077577;2039;43;POS;SOLTEIRO;ASSALARIADO;FINANCIADA;SIM;NAO;0;24747.94;20179.57;75;0.12819217440677785
12999114725;2040;42;SUPERIOR;CASADO;SERVIDOR PUBLICO;PROPRIA;NAO;SIM;1;15656.07;12937.93;79;0.1251317429379708
41973187544;2041;27;POS;CASADO;SERVIDOR PUBLICO;PROPRIA;NAO;NAO;0;6330.58;5292.41;11;0.6578045443656292
12313072043;2042;54;FUNDAM;CASADO;SERVIDOR PUBLICO;PROPRIA;NAO;SIM;0;2401.87;1872.01;26;0.2657391370946232
48849790490;2043;43;MEDIO;CASADO;EMPRESARIO;PROPRIA;SIM;SIM;0;5291.58;4424.01;36;0.264016411014238
50393275596;2044;45;POS;SOLTEIRO;APOSENTADO;ALUGADA;SIM;NAO;0;42775.3;33391.38;97;0.12178689798617204
23872416753;2045;18;MEDIO;CASADO;APOSENTADO;PROPRIA;NAO;NAO;2;2226.75;1802.36;17;0.84220326802434
82645054440;2046;31;SUPERIOR;SOLTEIRO;ASSALARIADO;FINANCIADA;SIM;NAO;3;6910.12;5723.43;30;0.5369765942920881
93683032086;2047;55;MEDIO;CASADO;EMPRESARIO;PROPRIA;SIM;NAO;0;14403.03;11974.87;65;0.12689069622639393
59258267218;2048;32;MEDIO;CASADO;ASSALARIADO;FINANCIADA;SIM;NAO;0;2554.22;2026.04;27;0.5184140854286374
91775760824;2049;38;SUPERIOR;CASADO;ASSALARIADO;PROPRIA;NAO;NAO;1;8582.73;7093.91;37;0.370831879158455
37996285656;2050;47;MEDIO;CASADO;EMPRESARIO;PROPRIA;SIM;SIM;1;10423.64;8296.62;74;0.0921763203110079
81081273489;2051;48;SUPERIOR;CASADO;ASSALARIADO;PROPRIA;SIM;NAO;0;11759.69;9864.59;1;0.3075890538432795
90157937829;2052;31;MEDIO;CASADO;ASSALARIADO;ALUGADA;NAO;NAO;2;5984.73;4879.84;36;0.36883744745513775
65621839155;2053;46;SUPERIOR;SOLTEIRO;ASSALARIADO;PROPRIA;SIM;NAO;1;26850.07;21330.3;72;0.13726164324531967
36952682386;2054;30;FUNDAM;CASADO;AUTONOMO;PROPRIA;NAO;SIM;2;2363.32;1902.98;1;0.774037152107333
54443674468;2055;18;MEDIO;SOLTEIRO;APOSENTADO;ALUGADA;NAO;SIM;1;2618.51;2079.67;11;0.8024030530957325
89946430344;2056;46;MEDIO;CASADO;ASSALARIADO;PROPRIA;SIM;NAO;0;2793.4;2328.72;1;0.2928797634998033
35930856891;2057;45;FUNDAM;SOLTEIRO;APOSENTADO;FINANCIADA;SIM;NAO;1;2572.97;2030.69;18;0.23766018092919838
40220217287;2058;46;SUPERIOR;DIVORCIADO;ASSALARIADO;CEDIDA;NAO;NAO;1;17247.16;13937.54;33;0.1276472433139483
28160184569;2059;37;FUNDAM;CASADO;ASSALARIADO;FINANCIADA;NAO;NAO;0;4314.26;3462.73;22;0.20415842592691985
97366218722;2060;33;MEDIO;CASADO;SERVIDOR PUBLICO;PROPRIA;SIM;NAO;0;5604.6;4695.48;12;0.2279435369951513
26237133477;2061;44;POS;SOLTEIRO;APOSENTADO;PROPRIA;NAO;NAO;1;40905.55;33455.97;95;0.08518475382469319
35858116188;2062;21;POS;CASADO;ASSALARIADO;FINANCIADA;SIM;NAO;0;13204.59;11053.06;1;0.351632988272969
13022841710;2063;27;MEDIO;CASADO;ASSALARIADO;ALUGADA;SIM;NAO;1;3238.83;2632.16;26;0.4993133689405644
26095760051;2064;22;SUPERIOR;CASADO;EMPRESARIO;PROPRIA;SIM;NAO;0;11665.08;9115.36;26;0.29920849675306715
29224352061;2065;40;MEDIO;CASADO;AUTONOMO;PROPRIA;SIM;NAO;2;16645.21;12669.86;49;0.08655266173076304
34113417156;2066;22;MEDIO;CASADO;APOSENTADO;ALUGADA;SIM;NAO;2;2907.97;2252.66;21;0.46504704095324023
45447022953;2067;36;SUPERIOR;CASADO;SERVIDOR PUBLICO;PROPRIA;SIM;NAO;0;15801.15;12819.01;25;0.06575740499642319
53618168519;2068;32;SUPERIOR;SOLTEIRO;ASSALARIADO;PROPRIA;SIM;SIM;4;15618.82;12308.55;62;0.3267131378022593
43145828533;2069;43;SUPERIOR;VIUVO;APOSENTADO;PROPRIA;NAO;SIM;2;25317.39;19978.98;45;0.046634796360726295
37765261695;2070;39;SUPERIOR;DIVORCIADO;SERVIDOR PUBLICO;PROPRIA;NAO;NAO;0;15777.78;12755.65;51;0.2233604340797597
74384482168;2071;29;POS;CASADO;ASSALARIADO;PROPRIA;SIM;NAO;0;8928.35;6941.29;14;0.2683771869066135
12167193720;2072;40;FUNDAM;SOLTEIRO;APOSENTADO;PROPRIA;NAO;NAO;1;1527.73;1194.5;37;0.41908215240355656
27378023433;2073;27;POS;SOLTEIRO;AUTONOMO;FINANCIADA;NAO;NAO;2;21894.99;18166.4;38;0.14023882988158182
23536749320;2074;37;MEDIO;SOLTEIRO;ASSALARIADO;FINANCIADA;SIM;NAO;1;2391.42;1862.11;7;0.6655512050374627
32914363431;2075;33;SUPERIOR;CASADO;SERVIDOR PUBLICO;PROPRIA;NAO;NAO;0;4124.73;3193.9;11;0.7145567448145705
78412113850;2076;26;MEDIO;SOLTEIRO;SERVIDOR PUBLICO;PROPRIA;NAO;NAO;1;1450.0;1189.57;10;0.5647937924745419
15593422344;2077;41;SUPERIOR;CASADO;APOSENTADO;PROPRIA;NAO;NAO;2;18483.95;14154.53;40;0.16697380925734945
37175749631;2078;27;MEDIO;CASADO;ASSALARIADO;PROPRIA;SIM;SIM;1;5886.95;4497.81;30;0.30959859374236887
10868197818;2079;37;FUNDAM;SOLTEIRO;SERVIDOR PUBLICO;PROPRIA;SIM;SIM;4;1584.42;1223.85;3;0.8209781739110186
11734333673;2080;45;SUPERIOR;CASADO;ASSALARIADO;PROPRIA;NAO;SIM;1;6206.83;4918.99;16;0.37354530372758193
83639315067;2081;44;POS;CASADO;ASSALARIADO;ALUGADA;SIM;NAO;0;41025.17;31693.14;103;0.0827777419770323
88996479538;2082;36;SUPERIOR;SOLTEIRO;SERVIDOR PUBLICO;PROPRIA;NAO;NAO;2;29627.74;23191.77;56;0.0713341247728102
79473217913;2083;50;SUPERIOR;DIVORCIADO;ASSALARIADO;PROPRIA;SIM;NAO;2;10046.5;8205.11;46;0.4774959110018857
26313132323;2084;18;MEDIO;CASADO;ASSALARIADO;ALUGADA;SIM;NAO;1;2496.82;2085.94;4;0.5574485219541438
82388580991;2085;20;SUPERIOR;SOLTEIRO;SERVIDOR PUBLICO;ALUGADA;NAO;NAO;0;8232.57;6389.98;3;0.23281366898835545
32374838157;2086;31;SUPERIOR;CASADO;ASSALARIADO;PROPRIA;SIM;NAO;2;10980.75;8426.84;25;0.3842925735061812
37493722937;2087;41;SUPERIOR;SOLTEIRO;EMPRESARIO;PROPRIA;NAO;NAO;2;30406.33;24491.67;83;0.07759166826813668
21131130577;2088;41;MEDIO;CASADO;ASSALARIADO;PROPRIA;NAO;NAO;1;4991.99;3802.99;38;0.27768702120509714
32890989727;2089;47;MEDIO;CASADO;AUTONOMO;PROPRIA;SIM;SIM;4;3351.73;2621.88;17;0.3822979472457149
22423636262;2090;42;SUPERIOR;DIVORCIADO;EMPRESARIO;ALUGADA;SIM;SIM;0;18583.83;14688.95;70;0.22971735793911988
60730672414;2091;41;SUPERIOR;CASADO;SERVIDOR PUBLICO;PROPRIA;SIM;NAO;0;7353.05;6163.61;19;0.3733174509837977
65420155295;2092;19;FUNDAM;SOLTEIRO;SERVIDOR PUBLICO;FINANCIADA;NAO;NAO;1;1412.0;1158.39;3;0.7559470701090341
69875242556;2093;49;SUPERIOR;CASADO;APOSENTADO;PROPRIA;SIM;NAO;0;18539.96;15000.31;77;0.1616721323155992
59240097311;2094;49;POS;SOLTEIRO;ASSALARIADO;ALUGADA;SIM;NAO;4;16093.43;13091.9;25;0.2249971008548617
49276150383;2095;50;SUPERIOR;CASADO;SERVIDOR PUBLICO;PROPRIA;SIM;NAO;0;13060.28;10872.07;68;0.15011618346750952
95286428720;2096;30;MEDIO;CASADO;APOSENTADO;FINANCIADA;SIM;NAO;0;2737.19;2159.94;31;0.43589352470270365
72845937691;2097;38;MEDIO;DIVORCIADO;AUTONOMO;CEDIDA;SIM;NAO;0;5687.81;4388.17;27;0.49149343309415716
80566458331;2098;18;MEDIO;CASADO;EMPRESARIO;FINANCIADA;SIM;NAO;1;3862.97;3022.13;19;0.29555208774041364
43589180535;2099;29;FUNDAM;CASADO;ASSALARIADO;PROPRIA;NAO;NAO;0;2169.71;1690.37;16;0.5086638857384427
29890424536;2100;59;SUPERIOR;DIVORCIADO;SERVIDOR PUBLICO;PROPRIA;SIM;SIM;1;15533.89;12630.41;77;0.10953091715741341
83317384489;2101;27;MEDIO;CASADO;SERVIDOR PUBLICO;FINANCIADA;SIM;NAO;1;2930.83;2452.37;9;0.6366047819837881
37441359645;2102;44;MEDIO;SOLTEIRO;ASSALARIADO;PROPRIA;SIM;NAO;0;4506.43;3515.37;39;0.413288852400867
77292817913;2103;43;POS;CASADO;EMPRESARIO;ALUGADA;NAO;SIM;0;32457.94;25472.61;91;0.117324046522575
22374838032;2104;43;FUNDAM;CASADO;SERVIDOR PUBLICO;PROPRIA;SIM;NAO;2;2108.87;1695.57;14;0.46597451012513835
67915642435;2105;28;POS;CASADO;EMPRESARIO;PROPRIA;SIM;NAO;0;9810.61;8014.13;11;0.4840227354691759
19010363234;2106;36;SUPERIOR;SOLTEIRO;ASSALARIADO;ALUGADA;SIM;NAO;0;16919.67;13703.59;34;0.26660454725274296
55851473590;2107;18;SUPERIOR;CASADO;AUTONOMO;PROPRIA;SIM;NAO;2;4741.93;3823.78;11;0.6823214580674817
36284470222;2108;33;MEDIO;CASADO;ASSALARIADO;PROPRIA;SIM;NAO;1;2083.93;1684.74;8;0.6758543799699444
41070680718;2109;33;SUPERIOR;CASADO;ASSALARIADO;ALUGADA;SIM;NAO;0;16957.79;13386.48;67;0.13078283982265088
92520838597;2110;18;MEDIO;SOLTEIRO;APOSENTADO;PROPRIA;SIM;SIM;2;1803.08;1455.69;1;0.9380766702604173
46720555170;2111;50;SUPERIOR;CASADO;ASSALARIADO;PROPRIA;SIM;NAO;0;26402.03;21916.0;69;0.1366180637263157
16647234663;2112;56;POS;SOLTEIRO;ASSALARIADO;PROPRIA;SIM;SIM;4;23668.21;18035.44;24;0.15053287724768044
52237636791;2113;51;MEDIO;SOLTEIRO;ASSALARIADO;PROPRIA;NAO;NAO;2;8471.01;6756.89;28;0.06335529077127636
55289075670;2114;21;FUNDAM;DIVORCIADO;AUTONOMO;PROPRIA;SIM;NAO;1;1679.1;1397.35;16;0.6079524678989189
71272786340;2115;44;MEDIO;CASADO;SERVIDOR PUBLICO;PROPRIA;NAO;NAO;0;4378.45;3455.06;37;0.41183245902035515
87934678731;2116;40;POS;CASADO;SERVIDOR PUBLICO;PROPRIA;NAO;SIM;0;37463.35;29935.3;108;0.11347723949394374
45833661693;2117;46;MEDIO;CASADO;EMPRESARIO;PROPRIA;SIM;NAO;1;5287.69;4108.88;41;0.18332473001335053
43516230315;2118;28;SUPERIOR;CASADO;ASSALARIADO;CEDIDA;SIM;NAO;0;12403.47;10263.39;47;0.33562221552158505
35357016367;2119;49;SUPERIOR;CASADO;EMPRESARIO;ALUGADA;SIM;NAO;4;26477.05;21906.14;97;0.07195042456173209
35350873694;2120;35;MEDIO;SOLTEIRO;APOSENTADO;PROPRIA;NAO;NAO;2;1786.43;1492.26;1;0.5553256490633068
15248319729;2121;31;MEDIO;SOLTEIRO;ASSALARIADO;PROPRIA;SIM;SIM;0;3491.34;2920.89;32;0.2883583938845633
74254735852;2122;31;FUNDAM;DIVORCIADO;ASSALARIADO;ALUGADA;SIM;NAO;0;2960.29;2346.62;54;0.24602351148971527
33591248743;2123;18;MEDIO;CASADO;ASSALARIADO;PROPRIA;SIM;NAO;1;1412.0;1170.8;7;0.98
93731252751;2124;43;SUPERIOR;SOLTEIRO;ASSALARIADO;ALUGADA;SIM;NAO;0;15879.27;13222.91;32;0.16992464577914987
28566355158;2125;28;MEDIO;CASADO;ASSALARIADO;ALUGADA;SIM;NAO;3;2252.56;1733.25;8;0.9331125659441406
23966218416;2126;51;FUNDAM;DIVORCIADO;ASSALARIADO;FINANCIADA;SIM;NAO;1;3935.12;3221.18;34;0.3479465752095518
21428954249;2127;52;MEDIO;CASADO;APOSENTADO;PROPRIA;SIM;NAO;1;4922.28;3806.64;26;0.23338755360429478
53320963615;2128;46;POS;CASADO;ASSALARIADO;PROPRIA;SIM;NAO;0;37276.96;28433.65;53;0.08410534145432826
83045465510;2129;27;MEDIO;CASADO;EMPRESARIO;PROPRIA;SIM;NAO;0;3037.73;2476.04;10;0.6714875569927677
69252741327;2130;18;SUPERIOR;CASADO;AUTONOMO;PROPRIA;SIM;NAO;0;16114.36;12357.04;39;0.2667887979098229
40054178044;2131;45;SUPERIOR;SOLTEIRO;APOSENTADO;PROPRIA;SIM;NAO;1;22435.46;17154.39;106;0.07343773623152909
77565381311;2132;50;MEDIO;CASADO;SERVIDOR PUBLICO;PROPRIA;NAO;NAO;0;12978.29;10622.03;76;0.07192549240436268
88526237764;2133;40;SUPERIOR;SOLTEIRO;ASSALARIADO;ALUGADA;SIM;NAO;1;9903.6;7621.16;1;0.27766059615380356
93676313120;2134;32;MEDIO;CASADO;ASSALARIADO;PROPRIA;NAO;NAO;1;6562.92;5461.05;17;0.3324158955837607
87757047083;2135;39;SUPERIOR;CASADO;SERVIDOR PUBLICO;PROPRIA;SIM;NAO;1;6233.64;4963.76;10;0.6719017793061658
27061891586;2136;31;MEDIO;DIVORCIADO;ASSALARIADO;PROPRIA;SIM;NAO;0;2712.3;2115.65;13;0.6997362964857813
81423557016;2137;34;POS;CASADO;APOSENTADO;ALUGADA;SIM;NAO;1;41815.38;34383.75;90;0.08010500323124489
87749557884;2138;45;MEDIO;CASADO;SERVIDOR PUBLICO;ALUGADA;SIM;NAO;1;2135.62;1698.15;11;0.4870645404504903
25310478616;2139;42;FUNDAM;CASADO;ASSALARIADO;ALUGADA;NAO;SIM;1;3840.95;3051.21;32;0.09898851011954028
39161852251;2140;18;MEDIO;DIVORCIADO;ASSALARIADO;PROPRIA;SIM;NAO;2;2986.26;2393.59;3;0.5443805789914055
35345585363;2141;35;SUPERIOR;DIVORCIADO;SERVIDOR PUBLICO;PROPRIA;SIM;NAO;2;5895.47;4708.08;21;0.5214504493782323
36116410176;2142;35;POS;CASADO;APOSENTADO;PROPRIA;SIM;SIM;0;15562.41;12380.28;14;0.34222868230742154
20283736998;2143;55;SUPERIOR;CASADO;ASSALARIADO;FINANCIADA;NAO;NAO;0;6639.87;5320.71;30;0.6486898427310386
69122730633;2144;42;SUPERIOR;SOLTEIRO;SERVIDOR PUBLICO;ALUGADA;NAO;NAO;0;13923.01;11094.5;50;0.09061118416074718
65281134963;2145;35;MEDIO;SOLTEIRO;SERVIDOR PUBLICO;PROPRIA;SIM;NAO;3;3189.04;2559.35;59;0.3622960478772261
74173620527;2146;37;MEDIO;SOLTEIRO;ASSALARIADO;ALUGADA;NAO;SIM;1;2335.18;1847.25;16;0.4150300730015239
62924677698;2147;36;SUPERIOR;CASADO;AUTONOMO;ALUGADA;SIM;SIM;1;8397.49;6595.59;19;0.2497452470897662
95831481430;2148;37;MEDIO;SOLTEIRO;APOSENTADO;PROPRIA;SIM;NAO;1;9835.86;7570.66;54;0.23809148905694258
27096241344;2149;47;SUPERIOR;SOLTEIRO;ASSALARIADO;ALUGADA;NAO;NAO;1;9396.39;7547.9;38;0.3791486561087735
45440733840;2150;43;MEDIO;CASADO;ASSALARIADO;PROPRIA;SIM;NAO;1;3331.73;2604.1;32;0.3414921537577382
94433331019;2151;40;FUNDAM;CASADO;SERVIDOR PUBLICO;PROPRIA;SIM;NAO;1;6214.91;5050.86;49;0.2697616560417103
65958593673;2152;52;FUNDAM;CASADO;SERVIDOR PUBLICO;FINANCIADA;SIM;NAO;0;6792.87;5669.61;88;0.054235374411360754
46691635949;2153;42;MEDIO;CASADO;SERVIDOR PUBLICO;PROPRIA;NAO;NAO;0;2848.14;2201.04;7;0.5762232328241902
17584854350;2154;31;MEDIO;CASADO;EMPRESARIO;PROPRIA;SIM;NAO;0;3775.4;2939.25;13;0.5010458025553157
57391427073;2155;40;SUPERIOR;CASADO;AUTONOMO;PROPRIA;NAO;SIM;2;28830.5;22969.14;120;0.08331136190313573
12860125738;2156;49;POS;CASADO;SERVIDOR PUBLICO;PROPRIA;SIM;NAO;0;27554.98;21761.87;39;0.1921659367487533
86357430689;2157;31;MEDIO;CASADO;SERVIDOR PUBLICO;PROPRIA;SIM;NAO;0;14185.79;11639.49;102;0.052118533439097725
90154623597;2158;39;MEDIO;DIVORCIADO;APOSENTADO;ALUGADA;SIM;SIM;1;9982.44;7899.41;92;0.1578087030951419
48824617490;2159;30;SUPERIOR;CASADO;EMPRESARIO;PROPRIA;SIM;NAO;2;11397.08;9566.86;47;0.2621768227257594
25537926585;2160;29;MEDIO;SOLTEIRO;SERVIDOR PUBLICO;PROPRIA;SIM;NAO;0;3183.53;2584.65;13;0.49456075223453005
89865999885;2161;22;MEDIO;CASADO;ASSALARIADO;PROPRIA;NAO;NAO;0;6480.48;5164.43;40;0.404778886030099
57384387056;2162;53;MEDIO;VIUVO;EMPRESARIO;PROPRIA;SIM;SIM;3;5331.84;4171.8;25;0.2886987223189457
47226589654;2163;41;SUPERIOR;CASADO;ASSALARIADO;PROPRIA;NAO;NAO;1;16034.36;12773.96;31;0.19494013533615773
53232060689;2164;24;MEDIO;CASADO;SERVIDOR PUBLICO;PROPRIA;SIM;NAO;0;1765.79;1441.74;3;0.5703188282471838
94245763739;2165;30;MEDIO;CASADO;SERVIDOR PUBLICO;PROPRIA;SIM;NAO;0;5662.37;4488.07;40;0.40393078611343924
84571495482;2166;25;FUNDAM;CASADO;AUTONOMO;PROPRIA;SIM;NAO;2;1412.0;1169.08;10;0.8732004478864392
38324948337;2167;18;MEDIO;DIVORCIADO;SERVIDOR PUBLICO;PROPRIA;SIM;NAO;1;4253.56;3267.29;45;0.19423733079257935
55980384728;2168;50;POS;DIVORCIADO;ASSALARIADO;PROPRIA;NAO;NAO;2;39942.91;31709.09;124;0.018515972072427916
78618371356;2169;43;FUNDAM;SOLTEIRO;ASSALARIADO;ALUGADA;SIM;NAO;0;4034.78;3287.81;14;0.3160287462031215
95114761332;2170;50;FUNDAM;DIVORCIADO;ASSALARIADO;PROPRIA;SIM;NAO;1;4890.94;3859.04;35;0.19381104141569525
56544048881;2171;42;FUNDAM;CASADO;SERVIDOR PUBLICO;PROPRIA;SIM;NAO;4;1617.0;1300.49;30;0.5030945220468596
65481898923;2172;41;POS;DIVORCIADO;AUTONOMO;PROPRIA;NAO;NAO;1;40218.0;31395.63;80;0.05990266304757609
63968510529;2173;27;SUPERIOR;CASADO;ASSALARIADO;ALUGADA;SIM;NAO;2;32567.35;25263.6;113;0.01
67997764259;2174;21;FUNDAM;CASADO;ASSALARIADO;ALUGADA;SIM;SIM;0;1412.0;1127.09;6;0.7395135209293989
56714295698;2175;33;SUPERIOR;DIVORCIADO;SERVIDOR PUBLICO;PROPRIA;SIM;NAO;1;17026.2;13478.37;65;0.2283770156495995
65982384437;2176;18;MEDIO;CASADO;AUTONOMO;PROPRIA;SIM;NAO;2;4055.45;3149.87;27;0.4773927796225941
57873281282;2177;29;MEDIO;SOLTEIRO;ASSALARIADO;ALUGADA;SIM;NAO;0;6644.32;5403.21;44;0.16074991868379193
13849226095;2178;36;MEDIO;CASADO;APOSENTADO;PROPRIA;SIM;SIM;0;7076.44;5388.54;20;0.2857163336562571
27086881790;2179;29;MEDIO;SOLTEIRO;APOSENTADO;FINANCIADA;SIM;SIM;0;3336.46;2689.2;29;0.5415840714832708
69985255619;2180;19;SUPERIOR;SOLTEIRO;ASSALARIADO;PROPRIA;NAO;NAO;1;10482.12;8409.26;25;0.28136186678655595
24536434822;2181;29;MEDIO;CASADO;ASSALARIADO;ALUGADA;NAO;NAO;0;5557.9;4368.77;41;0.29045066626841565
91019748752;2182;49;POS;CASADO;EMPRESARIO;PROPRIA;SIM;NAO;0;25621.28;19598.86;63;0.20617621404044706
83425857434;2183;31;POS;CASADO;ASSALARIADO;CEDIDA;SIM;NAO;1;36696.31;30363.45;56;0.12675450000243194
31517595226;2184;54;SUPERIOR;CASADO;AUTONOMO;ALUGADA;SIM;SIM;0;18737.98;15067.32;37;0.2375358993617976
76762598382;2185;26;SUPERIOR;DIVORCIADO;ASSALARIADO;ALUGADA;SIM;NAO;1;8925.85;7191.08;37;0.412216293031455
16716898022;2186;30;FUNDAM;SOLTEIRO;AUTONOMO;ALUGADA;NAO;NAO;1;1412.0;1120.25;11;0.858961873030982
18436975718;2187;29;FUNDAM;CASADO;ASSALARIADO;ALUGADA;SIM;NAO;2;1887.35;1538.31;3;0.6969642956864419
95784539936;2188;39;MEDIO;CASADO;SERVIDOR PUBLICO;FINANCIADA;SIM;NAO;1;3650.31;2827.29;36;0.5646081186256843
26866744953;2189;18;MEDIO;CASADO;ASSALARIADO;ALUGADA;SIM;NAO;2;3473.35;2888.9;14;0.39712255548656333
10951568135;2190;58;MEDIO;CASADO;EMPRESARIO;ALUGADA;NAO;NAO;2;6668.65;5096.42;44;0.37284465002444367
82765291323;2191;64;SUPERIOR;SOLTEIRO;ASSALARIADO;PROPRIA;SIM;SIM;2;16241.71;12642.53;71;0.2787329235088006
40025371116;2192;33;MEDIO;SOLTEIRO;ASSALARIADO;ALUGADA;NAO;NAO;0;2194.0;1757.66;10;0.6577696719009556
77632729338;2193;32;MEDIO;CASADO;ASSALARIADO;ALUGADA;SIM;SIM;1;8677.63;6692.18;22;0.3719221546992875
97347533164;2194;34;SUPERIOR;SOLTEIRO;SERVIDOR PUBLICO;ALUGADA;SIM;NAO;1;8555.93;6540.61;20;0.40705931948940643
36447556827;2195;41;SUPERIOR;SOLTEIRO;ASSALARIADO;PROPRIA;NAO;NAO;0;33467.26;27695.5;47;0.11113273651896634
25717649434;2196;32;MEDIO;DIVORCIADO;ASSALARIADO;CEDIDA;SIM;NAO;0;3607.93;2986.52;18;0.28247711693046074
76531182819;2197;48;SUPERIOR;CASADO;AUTONOMO;PROPRIA;SIM;NAO;2;7838.51;6287.53;60;0.3145049416951563
72868877163;2198;18;SUPERIOR;SOLTEIRO;EMPRESARIO;ALUGADA;SIM;NAO;0;3987.91;3329.44;16;0.7022788353441893
38057176844;2199;36;MEDIO;SOLTEIRO;AUTONOMO;ALUGADA;SIM;NAO;1;4108.84;3171.86;35;0.29617504029158065
66321559694;2200;44;POS;CASADO;APOSENTADO;ALUGADA;SIM;NAO;0;21745.64;16813.87;45;0.2441609415830252
27536281094;2201;18;SUPERIOR;SOLTEIRO;SERVIDOR PUBLICO;ALUGADA;NAO;NAO;1;2410.23;1917.44;3;0.8800570994722353
66443685077;2202;43;SUPERIOR;SOLTEIRO;ASSALARIADO;FINANCIADA;NAO;NAO;2;30636.89;25653.6;90;0.1208541974342969
27272490081;2203;58;MEDIO;SOLTEIRO;ASSALARIADO;PROPRIA;NAO;NAO;0;7349.86;5998.88;68;0.2899509044063241
79637375557;2204;53;SUPERIOR;CASADO;ASSALARIADO;FINANCIADA;SIM;NAO;0;26854.39;21276.51;76;0.15499586372967528
90818093038;2205;30;MEDIO;CASADO;ASSALARIADO;FINANCIADA;NAO;SIM;2;3133.8;2519.08;24;0.4651978267207319
33237263783;2206;27;FUNDAM;DIVORCIADO;SERVIDOR PUBLICO;PROPRIA;SIM;SIM;2;1412.0;1144.06;15;0.5976805756787201
69077052358;2207;34;SUPERIOR;CASADO;ASSALARIADO;PROPRIA;SIM;NAO;1;20486.09;16020.37;69;0.1515023505801295
78829127249;2208;18;MEDIO;SOLTEIRO;SERVIDOR PUBLICO;ALUGADA;SIM;NAO;0;2036.89;1562.5;1;0.8371301081381739
22435779288;2209;35;POS;DIVORCIADO;EMPRESARIO;CEDIDA;SIM;SIM;3;21933.37;16860.56;53;0.12339873596957639
15425176715;2210;21;MEDIO;CASADO;APOSENTADO;PROPRIA;SIM;NAO;2;1768.49;1387.38;10;0.830759980189094
52356385875;2211;33;SUPERIOR;DIVORCIADO;SERVIDOR PUBLICO;ALUGADA;NAO;SIM;1;6737.91;5375.07;1;0.29858741146332946
36535210220;2212;40;MEDIO;CASADO;ASSALARIADO;PROPRIA;SIM;SIM;1;2212.85;1683.39;16;0.5295940507817256
72276493318;2213;53;MEDIO;CASADO;AUTONOMO;PROPRIA;NAO;NAO;1;14338.55;11785.95;64;0.05623413222029168
80031034068;2214;27;MEDIO;SOLTEIRO;SERVIDOR PUBLICO;ALUGADA;SIM;NAO;1;1539.91;1211.55;1;0.8000674003563717
70574050610;2215;22;MEDIO;CASADO;ASSALARIADO;ALUGADA;NAO;NAO;1;2903.67;2221.54;14;0.3322977863337229
62281964016;2216;41;SUPERIOR;SOLTEIRO;SERVIDOR PUBLICO;PROPRIA;SIM;NAO;1;18126.05;14300.29;67;0.19154411143157882
26510383919;2217;22;FUNDAM;SOLTEIRO;SERVIDOR PUBLICO;ALUGADA;NAO;NAO;0;2260.39;1735.83;16;0.5990772609367531
66535134797;2218;32;SUPERIOR;SOLTEIRO;SERVIDOR PUBLICO;PROPRIA;SIM;NAO;2;18571.61;15363.98;72;0.12650066479613165
59836533563;2219;26;FUNDAM;SOLTEIRO;EMPRESARIO;ALUGADA;SIM;NAO;2;2592.04;2141.31;11;0.7689405829712962
72765287465;2220;47;MEDIO;CASADO;ASSALARIADO;PROPRIA;SIM;NAO;1;13498.66;11316.67;63;0.054470495927669824
58063187395;2221;18;SUPERIOR;CASADO;ASSALARIADO;CEDIDA;SIM;NAO;0;6082.32;4683.29;9;0.6982014726639577
86511588332;2222;42;SUPERIOR;SOLTEIRO;ASSALARIADO;PROPRIA;NAO;NAO;0;9718.27;7527.45;35;0.17950997384074152
61444189528;2223;40;MEDIO;CASADO;SERVIDOR PUBLICO;PROPRIA;SIM;SIM;1;9736.28;8074.69;90;0.18116922809568087
71366980049;2224;48;FUNDAM;CASADO;ASSALARIADO;PROPRIA;SIM;NAO;0;6103.42;4953.38;54;0.16792813503374243
69648664417;2225;40;POS;CASADO;ASSALARIADO;CEDIDA;SIM;NAO;0;38501.77;30755.87;119;0.0750826121317706
52252531937;2226;54;SUPERIOR;CASADO;ASSALARIADO;FINANCIADA;SIM;SIM;0;9599.95;7801.18;38;0.3597741474506271
88732279190;2227;33;MEDIO;SOLTEIRO;EMPRESARIO;PROPRIA;NAO;SIM;0;8596.1;6929.0;48;0.1518265274707207
17726332430;2228;30;MEDIO;CASADO;SERVIDOR PUBLICO;PROPRIA;SIM;NAO;1;4052.47;3092.52;39;0.4413039609219132
13646188582;2229;38;SUPERIOR;VIUVO;EMPRESARIO;PROPRIA;NAO;SIM;1;14550.49;11342.64;64;0.2136781350048766
62929617565;2230;47;POS;VIUVO;ASSALARIADO;PROPRIA;SIM;NAO;0;23452.74;18519.48;82;0.25825816215002056
61388837145;2231;43;SUPERIOR;SOLTEIRO;APOSENTADO;PROPRIA;SIM;NAO;0;7590.17;6273.26;35;0.5103141222706763
19818338929;2232;37;POS;SOLTEIRO;EMPRESARIO;CEDIDA;SIM;NAO;0;41619.54;33783.12;54;0.03574035697485492
68733647032;2233;22;MEDIO;CASADO;AUTONOMO;PROPRIA;SIM;SIM;1;2238.13;1708.45;13;0.6756176417813555
38874615054;2234;30;MEDIO;CASADO;APOSENTADO;ALUGADA;NAO;NAO;1;1980.36;1583.03;1;0.5658809421303088
55114772588;2235;34;MEDIO;SOLTEIRO;APOSENTADO;PROPRIA;SIM;NAO;2;5750.73;4778.79;32;0.2905261594951173
43086642473;2236;26;MEDIO;CASADO;APOSENTADO;PROPRIA;SIM;NAO;2;4468.09;3531.3;48;0.36615534259285604
85988184659;2237;25;MEDIO;VIUVO;APOSENTADO;PROPRIA;SIM;NAO;1;2355.27;1920.87;11;0.6171722848729438
45914383530;2238;52;POS;CASADO;ASSALARIADO;PROPRIA;SIM;NAO;0;25152.55;20125.15;78;0.1834976470880809
31680315591;2239;47;SUPERIOR;CASADO;SERVIDOR PUBLICO;FINANCIADA;SIM;NAO;0;25536.27;20094.19;72;0.03448143939062759
11045657866;2240;43;MEDIO;CASADO;ASSALARIADO;PROPRIA;NAO;SIM;2;7686.64;5862.19;55;0.13955721149530398
83420482590;2241;34;MEDIO;VIUVO;ASSALARIADO;ALUGADA;NAO;NAO;1;2849.82;2265.46;24;0.6333497042174655
72095464937;2242;44;SUPERIOR;SOLTEIRO;EMPRESARIO;ALUGADA;NAO;NAO;2;26940.86;22016.64;66;0.09260108211721213
10674114375;2243;36;SUPERIOR;CASADO;ASSALARIADO;PROPRIA;SIM;NAO;3;7969.72;6294.15;48;0.28837889039453923
76134799646;2244;18;MEDIO;CASADO;ASSALARIADO;PROPRIA;NAO;NAO;1;1475.82;1224.82;5;0.9063745146473017
41275067223;2245;34;FUNDAM;CASADO;ASSALARIADO;PROPRIA;NAO;NAO;1;1412.0;1120.31;14;0.6658937023978856
68369217616;2246;40;FUNDAM;CASADO;ASSALARIADO;ALUGADA;SIM;SIM;1;3119.93;2407.88;31;0.3777562959960042
69052472124;2247;38;POS;DIVORCIADO;ASSALARIADO;PROPRIA;SIM;NAO;0;38104.15;30994.46;92;0.044096613507020606
84683930571;2248;29;SUPERIOR;DIVORCIADO;ASSALARIADO;PROPRIA;SIM;NAO;0;6251.83;4985.13;36;0.4089060608563348
28521714645;2249;33;SUPERIOR;SOLTEIRO;EMPRESARIO;FINANCIADA;NAO;NAO;0;10792.11;8246.49;48;0.38584234989168353
22617761582;2250;59;POS;SOLTEIRO;ASSALARIADO;PROPRIA;NAO;NAO;1;40451.24;31427.99;104;0.14918847790473921
45266985869;2251;50;POS;SOLTEIRO;ASSALARIADO;PROPRIA;SIM;NAO;2;40525.44;31755.33;83;0.1286845699971755
81169032938;2252;34;MEDIO;CASADO;EMPRESARIO;PROPRIA;SIM;NAO;0;2553.84;2106.39;4;0.98
42058547136;2253;40;MEDIO;SOLTEIRO;SERVIDOR PUBLICO;PROPRIA;NAO;NAO;0;5571.63;4432.53;32;0.2986600947335697
17755561897;2254;28;MEDIO;CASADO;ASSALARIADO;ALUGADA;NAO;NAO;2;2858.39;2357.94;10;0.4694644361291271
94729284585;2255;18;FUNDAM;CASADO;SERVIDOR PUBLICO;CEDIDA;NAO;NAO;1;2402.03;1963.33;8;0.6390771675141851
90868590944;2256;28;SUPERIOR;CASADO;ASSALARIADO;PROPRIA;NAO;NAO;0;10406.17;8496.3;9;0.3853799367943909
51791650546;2257;42;SUPERIOR;SOLTEIRO;ASSALARIADO;PROPRIA;SIM;SIM;0;11456.84;9235.9;35;0.2889234678224611
41511147845;2258;29;SUPERIOR;DIVORCIADO;ASSALARIADO;CEDIDA;NAO;SIM;0;19940.48;15880.81;99;0.17805373536177976
90996399490;2259;34;FUNDAM;SOLTEIRO;SERVIDOR PUBLICO;PROPRIA;SIM;NAO;1;6300.48;4885.85;62;0.1841908531875257
99788798547;2260;45;SUPERIOR;CASADO;EMPRESARIO;PROPRIA;SIM;SIM;0;18169.59;13931.19;43;0.22728976038735513
74429937169;2261;37;MEDIO;SOLTEIRO;ASSALARIADO;PROPRIA;SIM;NAO;0;3217.57;2673.01;6;0.5377067277886524
70761481242;2262;20;MEDIO;SOLTEIRO;EMPRESARIO;PROPRIA;NAO;NAO;0;6214.48;5172.17;57;0.3761707062760128
42570737313;2263;23;FUNDAM;CASADO;EMPRESARIO;ALUGADA;SIM;SIM;1;2165.78;1671.43;10;0.5403418379870729
27133744744;2264;32;FUNDAM;CASADO;EMPRESARIO;ALUGADA;SIM;SIM;0;2968.1;2396.37;17;0.28117629008709216
47070998743;2265;40;FUNDAM;DIVORCIADO;AUTONOMO;PROPRIA;SIM;NAO;2;3197.36;2614.59;29;0.29775160383116683
21226458025;2266;38;SUPERIOR;CASADO;APOSENTADO;FINANCIADA;SIM;NAO;2;10352.67;8032.45;21;0.18599140774548942
84128720790;2267;18;SUPERIOR;SOLTEIRO;SERVIDOR PUBLICO;PROPRIA;SIM;SIM;0;9422.19;7480.62;45;0.21262351756442355
89072613367;2268;39;MEDIO;CASADO;ASSALARIADO;FINANCIADA;SIM;NAO;0;2271.42;1727.56;38;0.4837250754876538
70040317177;2269;55;POS;CASADO;ASSALARIADO;PROPRIA;SIM;NAO;2;25978.71;21270.65;50;0.15616511123276805
74569982312;2270;30;MEDIO;CASADO;ASSALARIADO;ALUGADA;SIM;NAO;1;5690.73;4331.63;25;0.47114933615966526
97292512266;2271;63;SUPERIOR;CASADO;ASSALARIADO;PROPRIA;SIM;NAO;1;21242.86;17627.22;84;0.08415797626248335
18274087032;2272;47;POS;CASADO;SERVIDOR PUBLICO;PROPRIA;SIM;NAO;1;26582.9;21901.18;53;0.20801418418747478
10046610437;2273;44;SUPERIOR;CASADO;ASSALARIADO;ALUGADA;SIM;NAO;1;10632.08;8638.98;58;0.19856199610873598
16869491122;2274;55;SUPERIOR;SOLTEIRO;APOSENTADO;ALUGADA;NAO;SIM;3;11087.89;8613.47;29;0.3398197235041195
29969289285;2275;25;FUNDAM;SOLTEIRO;APOSENTADO;FINANCIADA;NAO;NAO;2;1412.0;1154.76;2;0.9320861106899468
60633738410;2276;33;MEDIO;DIVORCIADO;APOSENTADO;PROPRIA;SIM;SIM;1;5487.41;4400.98;25;0.33697026400077496
90167032474;2277;27;MEDIO;SOLTEIRO;AUTONOMO;PROPRIA;SIM;NAO;0;2307.58;1798.78;21;0.5317155808816358
30130912162;2278;55;MEDIO;CASADO;ASSALARIADO;PROPRIA;NAO;NAO;3;5442.64;4487.49;22;0.33845499725515116
60064242196;2279;30;FUNDAM;CASADO;AUTONOMO;PROPRIA;SIM;NAO;2;3093.55;2440.88;37;0.22316618060540822
35878552797;2280;52;MEDIO;CASADO;ASSALARIADO;PROPRIA;NAO;NAO;2;12510.15;9511.12;92;0.06425636479420976
31626862419;2281;45;SUPERIOR;SOLTEIRO;ASSALARIADO;PROPRIA;NAO;NAO;1;17654.4;14277.07;51;0.06515430441705963
67348955259;2282;45;POS;CASADO;ASSALARIADO;ALUGADA;NAO;NAO;0;26357.09;21699.6;90;0.07772296069244614
52244090949;2283;41;SUPERIOR;CASADO;ASSALARIADO;PROPRIA;NAO;NAO;0;9619.63;7752.41;20;0.2190364231612878
48832467870;2284;54;SUPERIOR;DIVORCIADO;APOSENTADO;PROPRIA;SIM;NAO;2;27844.46;22579.27;60;0.052997678192228136
62661293083;2285;45;POS;CASADO;SERVIDOR PUBLICO;PROPRIA;NAO;SIM;2;40366.24;31643.95;107;0.06077529661678746
37145012746;2286;44;SUPERIOR;CASADO;ASSALARIADO;PROPRIA;NAO;NAO;1;13949.99;10957.63;47;0.1934318094306171
95866573020;2287;24;FUNDAM;DIVORCIADO;AUTONOMO;PROPRIA;NAO;SIM;0;1412.0;1133.15;1;0.7811091749924892
82439252143;2288;40;SUPERIOR;CASADO;ASSALARIADO;ALUGADA;SIM;NAO;2;16968.84;13035.49;55;0.2720881459222094
76174365514;2289;40;SUPERIOR;SOLTEIRO;APOSENTADO;PROPRIA;SIM;NAO;3;11844.45;9925.97;52;0.35533250589710946
57035430765;2290;59;MEDIO;CASADO;ASSALARIADO;ALUGADA;SIM;NAO;1;10375.53;7958.62;74;0.20245495740786199
50211440634;2291;43;MEDIO;DIVORCIADO;ASSALARIADO;PROPRIA;NAO;NAO;0;5252.04;4270.2;25;0.2624259036962855
30346117162;2292;24;MEDIO;CASADO;APOSENTADO;ALUGADA;SIM;NAO;0;9990.34;7639.27;32;0.1580709959074304
16627158647;2293;42;SUPERIOR;CASADO;ASSALARIADO;ALUGADA;NAO;SIM;0;14671.24;11745.59;47;0.16856512356349457
80068014569;2294;33;MEDIO;CASADO;ASSALARIADO;ALUGADA;SIM;NAO;3;5246.12;4346.91;39;0.21582073022388057
13186350236;2295;41;SUPERIOR;CASADO;EMPRESARIO;ALUGADA;NAO;SIM;2;27223.18;22297.4;57;0.10680475222732208
56838942162;2296;53;SUPERIOR;SOLTEIRO;APOSENTADO;FINANCIADA;SIM;SIM;1;27340.79;21471.55;97;0.06620817909752016
74877092383;2297;40;SUPERIOR;CASADO;ASSALARIADO;CEDIDA;SIM;NAO;2;17698.55;14795.7;60;0.18960104483138432
50899682514;2298;48;MEDIO;CASADO;ASSALARIADO;FINANCIADA;SIM;SIM;0;12116.61;9814.07;94;0.0841706385521675
66226094895;2299;41;MEDIO;CASADO;ASSALARIADO;ALUGADA;NAO;NAO;1;15934.98;13173.91;62;0.04722060035312642
80033569436;2300;54;FUNDAM;SOLTEIRO;EMPRESARIO;PROPRIA;NAO;NAO;1;3800.67;2992.83;55;0.24904315192034027
23833363919;2301;18;MEDIO;CASADO;ASSALARIADO;PROPRIA;SIM;NAO;0;4152.47;3460.97;21;0.5197738725644437
90237323215;2302;29;MEDIO;SOLTEIRO;ASSALARIADO;PROPRIA;NAO;SIM;2;4437.97;3387.1;17;0.2758758258520401
95376943774;2303;33;MEDIO;CASADO;ASSALARIADO;ALUGADA;SIM;SIM;2;5613.45;4691.16;25;0.3079742819409804
80728946157;2304;20;SUPERIOR;VIUVO;APOSENTADO;PROPRIA;NAO;NAO;0;12869.98;9926.37;56;0.2094537731417869
72325169252;2305;18;POS;CASADO;ASSALARIADO;PROPRIA;NAO;NAO;2;6348.9;5059.76;13;0.6152189061214065
98695229927;2306;47;SUPERIOR;VIUVO;EMPRESARIO;PROPRIA;NAO;NAO;1;14071.03;11216.85;46;0.0479961330515907
26070562061;2307;51;SUPERIOR;CASADO;SERVIDOR PUBLICO;PROPRIA;SIM;NAO;0;27702.35;21427.51;110;0.06739375089576113
11055161336;2308;40;MEDIO;CASADO;ASSALARIADO;PROPRIA;SIM;NAO;1;6034.75;5064.75;38;0.4275877822927203
50145677363;2309;52;POS;CASADO;AUTONOMO;ALUGADA;SIM;SIM;0;38840.09;30473.16;103;0.07743354797237618
11034654940;2310;28;POS;CASADO;ASSALARIADO;ALUGADA;SIM;NAO;2;23085.65;17772.36;31;0.17913546697671628
15544433328;2311;44;MEDIO;CASADO;ASSALARIADO;PROPRIA;NAO;SIM;0;5782.36;4462.23;20;0.4699345170958008
38751968223;2312;18;MEDIO;SOLTEIRO;ASSALARIADO;PROPRIA;NAO;SIM;1;3210.54;2529.71;7;0.7157210612881963
47878435661;2313;36;SUPERIOR;DIVORCIADO;SERVIDOR PUBLICO;PROPRIA;SIM;NAO;0;9744.72;8018.87;52;0.19098418746230383
90026196211;2314;18;MEDIO;SOLTEIRO;ASSALARIADO;FINANCIADA;SIM;SIM;0;2735.19;2154.65;25;0.5075756913656002
28994311824;2315;18;FUNDAM;DIVORCIADO;EMPRESARIO;PROPRIA;NAO;SIM;0;1956.3;1549.23;3;0.8626969960010644
56388374536;2316;46;SUPERIOR;CASADO;EMPRESARIO;PROPRIA;SIM;NAO;0;28813.47;23520.09;81;0.08216378454234795
82075259586;2317;34;FUNDAM;CASADO;AUTONOMO;PROPRIA;SIM;NAO;4;5673.13;4323.02;41;0.24967018136867025
42712478046;2318;49;SUPERIOR;CASADO;ASSALARIADO;PROPRIA;SIM;NAO;1;15517.61;12644.62;76;0.15479030547964417
36965439993;2319;55;SUPERIOR;CASADO;EMPRESARIO;PROPRIA;SIM;NAO;3;15775.19;13153.62;59;0.21309292390440096
56739713240;2320;29;SUPERIOR;SOLTEIRO;AUTONOMO;PROPRIA;SIM;SIM;1;16992.2;13164.14;72;0.1268591400118652
75574647525;2321;18;SUPERIOR;SOLTEIRO;APOSENTADO;CEDIDA;SIM;SIM;1;4700.18;3797.43;11;0.6055924255869031
14561561428;2322;27;MEDIO;CASADO;ASSALARIADO;PROPRIA;NAO;NAO;0;4564.14;3507.84;29;0.4729774958236919
44638460290;2323;41;MEDIO;SOLTEIRO;AUTONOMO;ALUGADA;SIM;SIM;0;4780.81;3997.52;43;0.3293695803790975
67637683664;2324;53;SUPERIOR;CASADO;ASSALARIADO;PROPRIA;NAO;NAO;1;15418.16;11954.54;35;0.1969019017701768
70062271045;2325;49;SUPERIOR;CASADO;SERVIDOR PUBLICO;ALUGADA;SIM;NAO;0;5570.55;4423.03;17;0.5796744098015629
13866189529;2326;25;MEDIO;SOLTEIRO;APOSENTADO;PROPRIA;SIM;NAO;4;1412.0;1113.44;1;0.98
77859050855;2327;31;FUNDAM;DIVORCIADO;APOSENTADO;PROPRIA;SIM;SIM;1;3287.26;2748.45;12;0.3235286378644562
81189931153;2328;64;POS;CASADO;APOSENTADO;CEDIDA;SIM;NAO;1;34008.62;27578.15;61;0.1220433731282454
69534810886;2329;27;SUPERIOR;CASADO;SERVIDOR PUBLICO;ALUGADA;NAO;NAO;0;7615.09;5970.25;25;0.32257955347984035
13756922346;2330;45;POS;CASADO;AUTONOMO;PROPRIA;SIM;SIM;0;36716.13;29847.23;72;0.028729836350132612
39725017487;2331;37;SUPERIOR;SOLTEIRO;APOSENTADO;PROPRIA;SIM;NAO;0;18445.98;15458.16;96;0.15489918650217813
75513857563;2332;27;POS;CASADO;SERVIDOR PUBLICO;FINANCIADA;NAO;NAO;3;35456.65;28886.76;68;0.08982673070314133
99272520336;2333;36;SUPERIOR;DIVORCIADO;ASSALARIADO;FINANCIADA;SIM;NAO;0;9377.38;7648.67;30;0.4634362827960451
78555791329;2334;41;SUPERIOR;VIUVO;ASSALARIADO;ALUGADA;NAO;NAO;0;7075.46;5720.25;1;0.5138690758591095
44695352841;2335;28;MEDIO;SOLTEIRO;SERVIDOR PUBLICO;ALUGADA;SIM;NAO;0;20278.7;15491.83;78;0.09755171771395367
38773027656;2336;56;SUPERIOR;SOLTEIRO;ASSALARIADO;ALUGADA;SIM;NAO;2;19066.9;15485.2;78;0.24302076172829756
13910420318;2337;42;SUPERIOR;CASADO;ASSALARIADO;ALUGADA;NAO;SIM;0;8951.84;6938.24;32;0.2588295307040977
55475784310;2338;27;SUPERIOR;CASADO;AUTONOMO;PROPRIA;SIM;NAO;1;14070.48;10790.44;36;0.17205105759460995
34047723387;2339;41;SUPERIOR;CASADO;ASSALARIADO;PROPRIA;NAO;SIM;2;24316.86;19340.63;65;0.09209230901769566
82760582090;2340;45;FUNDAM;CASADO;ASSALARIADO;PROPRIA;SIM;NAO;0;5990.77;4687.48;39;0.11102545606894385
33563246744;2341;36;SUPERIOR;CASADO;AUTONOMO;PROPRIA;SIM;NAO;1;7595.3;6148.92;19;0.5235106958568094
28598991686;2342;48;POS;VIUVO;SERVIDOR PUBLICO;PROPRIA;SIM;NAO;1;44372.51;36048.71;56;0.08418501150063762
24167948197;2343;36;POS;CASADO;ASSALARIADO;CEDIDA;SIM;NAO;0;39370.01;30965.4;86;0.05988593380881607
23350396332;2344;35;MEDIO;SOLTEIRO;ASSALARIADO;PROPRIA;SIM;SIM;4;6358.17;5329.45;63;0.07923472641524815
33211344190;2345;21;FUNDAM;SOLTEIRO;SERVIDOR PUBLICO;PROPRIA;NAO;NAO;0;1932.0;1492.56;10;0.6546733710211486
45991847211;2346;41;MEDIO;CASADO;SERVIDOR PUBLICO;PROPRIA;NAO;NAO;1;7163.31;5837.5;66;0.2328190179851316
27636283859;2347;32;SUPERIOR;CASADO;APOSENTADO;PROPRIA;SIM;SIM;0;11928.63;9086.95;15;0.277996202565982
24163131922;2348;47;SUPERIOR;CASADO;SERVIDOR PUBLICO;ALUGADA;SIM;NAO;0;17198.22;13519.33;49;0.269794990418712
41234827680;2349;27;SUPERIOR;DIVORCIADO;SERVIDOR PUBLICO;PROPRIA;SIM;SIM;2;9571.21;7802.62;47;0.44381058493087905
23296452968;2350;45;MEDIO;CASADO;ASSALARIADO;ALUGADA;SIM;SIM;1;17441.91;14507.73;64;0.06488772443140475
62015270224;2351;36;FUNDAM;SOLTEIRO;SERVIDOR PUBLICO;PROPRIA;SIM;NAO;0;1869.01;1518.9;26;0.2604899877221225
83794987143;2352;19;FUNDAM;SOLTEIRO;ASSALARIADO;PROPRIA;SIM;NAO;1;1412.0;1171.68;19;0.7287020685603469
41784831291;2353;20;FUNDAM;CASADO;APOSENTADO;ALUGADA;NAO;NAO;2;3225.19;2709.01;33;0.40573771303875383
91926371067;2354;29;MEDIO;VIUVO;EMPRESARIO;ALUGADA;SIM;SIM;1;2213.7;1825.02;1;0.6355550010929271
17032552075;2355;26;MEDIO;SOLTEIRO;EMPRESARIO;PROPRIA;NAO;SIM;4;4027.74;3273.21;17;0.7026434718081646
52494751163;2356;31;MEDIO;CASADO;ASSALARIADO;PROPRIA;SIM;NAO;1;15916.94;12467.86;89;0.0632052092307596
35125764217;2357;32;MEDIO;SOLTEIRO;ASSALARIADO;PROPRIA;SIM;SIM;3;2501.44;2087.89;14;0.7956736033121998
19894932767;2358;57;POS;CASADO;SERVIDOR PUBLICO;ALUGADA;SIM;SIM;2;41119.19;32310.25;61;0.0816160748819651
18487170789;2359;42;SUPERIOR;DIVORCIADO;ASSALARIADO;ALUGADA;SIM;SIM;2;10693.97;8605.57;54;0.345155991739379
37388938285;2360;55;POS;DIVORCIADO;APOSENTADO;ALUGADA;NAO;SIM;2;40959.93;32463.81;109;0.10100553453821723
13155490770;2361;59;SUPERIOR;DIVORCIADO;ASSALARIADO;PROPRIA;NAO;NAO;1;24309.89;18898.93;60;0.09562560351177384
33194126319;2362;45;SUPERIOR;CASADO;APOSENTADO;PROPRIA;SIM;NAO;4;14356.46;11508.51;51;0.13277791324637378
55498223085;2363;52;MEDIO;CASADO;SERVIDOR PUBLICO;ALUGADA;SIM;SIM;1;7264.58;5788.39;43;0.22706471431667014
32367447019;2364;38;MEDIO;DIVORCIADO;ASSALARIADO;PROPRIA;SIM;SIM;3;5514.62;4542.92;46;0.3586480315008313
76011911430;2365;32;MEDIO;DIVORCIADO;AUTONOMO;PROPRIA;NAO;NAO;1;3291.25;2611.78;10;0.3124043025266785
96250274751;2366;49;SUPERIOR;DIVORCIADO;EMPRESARIO;PROPRIA;SIM;NAO;0;27310.87;22758.25;71;0.123133774967977
88972172785;2367;68;SUPERIOR;SOLTEIRO;ASSALARIADO;PROPRIA;SIM;NAO;0;23845.68;18503.27;72;0.0817104278463515
37246111172;2368;31;POS;CASADO;AUTONOMO;PROPRIA;SIM;SIM;0;13498.86;10773.59;19;0.3523241245429862
93935365991;2369;52;SUPERIOR;SOLTEIRO;EMPRESARIO;ALUGADA;SIM;NAO;0;16845.09;13070.91;38;0.1775259859960723
85512654772;2370;19;MEDIO;DIVORCIADO;ASSALARIADO;ALUGADA;NAO;SIM;1;2608.68;2121.13;30;0.5435309818599828
52629725538;2371;30;POS;CASADO;AUTONOMO;ALUGADA;NAO;NAO;3;14518.63;11908.66;35;0.28066796935384253
50171840196;2372;37;MEDIO;DIVORCIADO;SERVIDOR PUBLICO;PROPRIA;SIM;NAO;2;2911.57;2239.51;7;0.5837038959152135
92483910961;2373;49;MEDIO;SOLTEIRO;SERVIDOR PUBLICO;PROPRIA;SIM;NAO;0;2302.63;1794.69;13;0.4226832100213475
63837339662;2374;44;SUPERIOR;CASADO;AUTONOMO;ALUGADA;SIM;NAO;2;19275.24;16180.33;74;0.2176486395712999
11276266249;2375;34;MEDIO;CASADO;ASSALARIADO;PROPRIA;SIM;NAO;0;7638.76;6369.49;38;0.39273675575969774
84644265159;2376;42;SUPERIOR;SOLTEIRO;ASSALARIADO;PROPRIA;NAO;SIM;2;13981.97;11216.52;51;0.2746747111851459
73146864083;2377;39;SUPERIOR;CASADO;ASSALARIADO;PROPRIA;SIM;NAO;3;11658.88;9538.27;42;0.24976582851858622
72983324967;2378;34;MEDIO;CASADO;ASSALARIADO;PROPRIA;SIM;SIM;1;2845.57;2239.84;15;0.48193702191331267
32239712277;2379;30;MEDIO;VIUVO;APOSENTADO;ALUGADA;SIM;SIM;1;6496.88;5437.16;47;0.27185815298681865
58786981749;2380;45;FUNDAM;SOLTEIRO;ASSALARIADO;PROPRIA;NAO;NAO;0;1489.99;1177.07;22;0.4777161405760946
47450940191;2381;41;MEDIO;DIVORCIADO;ASSALARIADO;CEDIDA;SIM;NAO;3;2188.38;1688.92;31;0.41598785801574883
81197332784;2382;18;MEDIO;DIVORCIADO;ASSALARIADO;PROPRIA;SIM;NAO;0;2748.4;2262.94;1;0.5720065222886582
97760279989;2383;30;SUPERIOR;CASADO;APOSENTADO;ALUGADA;NAO;NAO;1;3133.48;2458.48;11;0.5951170392506254
58949833156;2384;28;SUPERIOR;SOLTEIRO;ASSALARIADO;ALUGADA;SIM;NAO;0;14102.05;11649.66;55;0.3601363427062467
22743841581;2385;35;SUPERIOR;CASADO;ASSALARIADO;ALUGADA;SIM;SIM;2;16685.48;12867.6;68;0.08112767810140208
99488434827;2386;35;SUPERIOR;DIVORCIADO;ASSALARIADO;CEDIDA;SIM;NAO;1;10477.41;8188.93;43;0.32851646608167295
16539246733;2387;55;SUPERIOR;CASADO;EMPRESARIO;CEDIDA;SIM;NAO;0;18504.46;15375.84;60;0.10002520793635448
69275466233;2388;47;MEDIO;CASADO;AUTONOMO;FINANCIADA;SIM;NAO;2;4981.85;4160.99;34;0.2524393651852712
89095882556;2389;35;SUPERIOR;SOLTEIRO;AUTONOMO;PROPRIA;SIM;NAO;2;6392.5;5344.29;23;0.5114596209287603
28930485272;2390;40;MEDIO;SOLTEIRO;ASSALARIADO;ALUGADA;NAO;NAO;1;2799.84;2173.61;15;0.43208844622932907
87919899519;2391;39;MEDIO;DIVORCIADO;ASSALARIADO;PROPRIA;NAO;NAO;2;8061.33;6250.02;55;0.226231870439195
30153814497;2392;59;POS;SOLTEIRO;SERVIDOR PUBLICO;PROPRIA;SIM;NAO;4;36789.47;30472.34;71;0.11053791794430029
44745813618;2393;27;MEDIO;DIVORCIADO;AUTONOMO;ALUGADA;NAO;NAO;1;12385.34;9977.43;69;0.19880909502704003
71145497465;2394;58;SUPERIOR;CASADO;ASSALARIADO;PROPRIA;SIM;NAO;0;31590.21;25358.53;89;0.11299759844880063
78860554967;2395;31;MEDIO;CASADO;SERVIDOR PUBLICO;FINANCIADA;SIM;SIM;2;2284.09;1890.95;10;0.7163366472892967
86366497232;2396;46;FUNDAM;CASADO;AUTONOMO;PROPRIA;SIM;NAO;0;7534.52;5778.91;52;0.1741849724092875
22634295238;2397;54;POS;CASADO;ASSALARIADO;PROPRIA;SIM;NAO;3;44375.44;35212.68;96;0.13265944122612222
32720684036;2398;32;SUPERIOR;DIVORCIADO;ASSALARIADO;PROPRIA;SIM;NAO;0;22034.36;16777.76;100;0.16746556773198767
80924779357;2399;39;MEDIO;CASADO;ASSALARIADO;PROPRIA;SIM;NAO;1;6088.36;4754.09;13;0.39582063648627164
71879558831;2400;42;MEDIO;VIUVO;AUTONOMO;PROPRIA;NAO;SIM;1;5638.59;4374.0;30;0.3553474543618905
76226187125;2401;39;SUPERIOR;DIVORCIADO;ASSALARIADO;CEDIDA;SIM;NAO;0;16025.71;12400.54;78;0.1504677140710414
42363984431;2402;53;SUPERIOR;SOLTEIRO;ASSALARIADO;PROPRIA;SIM;NAO;1;26945.47;21423.63;98;0.07861850434811762
10731784262;2403;41;MEDIO;DIVORCIADO;ASSALARIADO;PROPRIA;SIM;NAO;0;8890.81;6949.26;49;0.1994497163073277
23695752563;2404;32;POS;SOLTEIRO;ASSALARIADO;PROPRIA;SIM;NAO;1;22239.6;18132.72;41;0.2345584136972984
43098850819;2405;39;FUNDAM;CASADO;AUTONOMO;ALUGADA;SIM;NAO;3;4499.92;3739.54;47;0.37762609337842357
56234149517;2406;31;POS;CASADO;ASSALARIADO;PROPRIA;NAO;NAO;4;13472.29;10478.66;18;0.3691267161115324
80944386834;2407;34;MEDIO;CASADO;APOSENTADO;PROPRIA;SIM;NAO;0;10346.08;8483.95;45;0.039879111092517155
91227487871;2408;46;MEDIO;CASADO;SERVIDOR PUBLICO;PROPRIA;SIM;NAO;0;8395.71;6594.65;51;0.18860431794762014
31451913980;2409;20;FUNDAM;DIVORCIADO;ASSALARIADO;ALUGADA;NAO;NAO;0;1412.0;1135.15;8;0.98
31846461666;2410;38;MEDIO;VIUVO;EMPRESARIO;FINANCIADA;NAO;NAO;0;6382.65;5224.95;27;0.22817246711782485
24349479341;2411;41;POS;CASADO;SERVIDOR PUBLICO;ALUGADA;NAO;NAO;1;7821.45;6056.52;24;0.6403397886083272
91782780116;2412;62;POS;CASADO;EMPRESARIO;FINANCIADA;SIM;NAO;1;34679.85;28798.35;69;0.06579747146715154
95941557048;2413;42;MEDIO;SOLTEIRO;ASSALARIADO;FINANCIADA;SIM;NAO;0;6501.49;5425.17;33;0.3186961824502904
17666256848;2414;44;POS;SOLTEIRO;APOSENTADO;ALUGADA;SIM;SIM;1;41722.91;34017.52;76;0.14413815246968445
81626362381;2415;41;MEDIO;CASADO;ASSALARIADO;PROPRIA;SIM;NAO;1;3930.48;3191.81;28;0.2587541310813838
59520645562;2416;28;MEDIO;CASADO;SERVIDOR PUBLICO;PROPRIA;SIM;NAO;0;1633.34;1287.34;5;0.9449162690083807
28897822132;2417;43;MEDIO;CASADO;ASSALARIADO;PROPRIA;NAO;NAO;0;11786.05;9737.4;47;0.19690722453802428
89084138459;2418;54;SUPERIOR;SOLTEIRO;ASSALARIADO;ALUGADA;SIM;NAO;1;24061.43;19567.81;100;0.11270869550458629
76324962389;2419;46;POS;CASADO;SERVIDOR PUBLICO;PROPRIA;SIM;SIM;2;39002.01;32139.19;93;0.14677614400721067
29298213551;2420;36;MEDIO;SOLTEIRO;AUTONOMO;FINANCIADA;SIM;SIM;1;11067.22;8686.16;50;0.14071965070832926
84548363548;2421;48;SUPERIOR;SOLTEIRO;APOSENTADO;ALUGADA;NAO;SIM;1;26291.34;21965.18;53;0.10454043653971215
13725986667;2422;54;SUPERIOR;CASADO;SERVIDOR PUBLICO;ALUGADA;SIM;NAO;0;25376.53;20658.59;89;0.03510182336785604
66586494319;2423;51;SUPERIOR;CASADO;ASSALARIADO;CEDIDA;SIM;NAO;0;6407.8;5175.65;22;0.35466594464258294
15630394488;2424;41;MEDIO;CASADO;EMPRESARIO;ALUGADA;SIM;NAO;1;5058.28;4103.83;55;0.4257936477668348
86348112962;2425;55;SUPERIOR;SOLTEIRO;EMPRESARIO;PROPRIA;NAO;NAO;2;18576.36;14864.02;62;0.28827966442560293
68834278752;2426;36;MEDIO;CASADO;AUTONOMO;ALUGADA;SIM;NAO;0;3669.62;2907.67;1;0.8318341374549602
22869339421;2427;51;SUPERIOR;CASADO;SERVIDOR PUBLICO;ALUGADA;SIM;NAO;2;33128.15;26188.02;62;0.15040565591371355
27749253213;2428;29;MEDIO;CASADO;SERVIDOR PUBLICO;PROPRIA;NAO;NAO;0;1412.05;1093.4;2;0.7621368280516734
47531886633;2429;51;SUPERIOR;CASADO;AUTONOMO;PROPRIA;SIM;NAO;1;16032.98;12281.07;49;0.11739192025060297
67954335337;2430;20;MEDIO;CASADO;ASSALARIADO;PROPRIA;SIM;SIM;0;2711.99;2246.68;7;0.5595045762105743
79141883239;2431;18;FUNDAM;CASADO;EMPRESARIO;PROPRIA;SIM;SIM;1;5415.18;4250.91;13;0.14935564911977317
55075824849;2432;24;SUPERIOR;CASADO;ASSALARIADO;PROPRIA;SIM;NAO;1;6151.58;4938.67;38;0.36805274954280287
37643986764;2433;28;FUNDAM;DIVORCIADO;APOSENTADO;PROPRIA;NAO;NAO;2;1610.4;1333.99;7;0.7374824129546733
90052162059;2434;34;MEDIO;SOLTEIRO;ASSALARIADO;PROPRIA;SIM;NAO;1;10603.03;8449.13;33;0.14526221981878235
70613114032;2435;29;FUNDAM;DIVORCIADO;AUTONOMO;PROPRIA;SIM;NAO;1;1412.0;1092.13;3;0.7552778845645863
82698339725;2436;44;SUPERIOR;CASADO;ASSALARIADO;PROPRIA;SIM;SIM;0;12552.09;9554.61;60;0.1435020359732411
17555369756;2437;40;POS;CASADO;SERVIDOR PUBLICO;PROPRIA;NAO;NAO;1;26281.6;21644.17;65;0.09855369407716942
52576776561;2438;41;MEDIO;SOLTEIRO;ASSALARIADO;PROPRIA;NAO;NAO;1;12697.37;10516.14;59;0.18632630013901716
19094728317;2439;18;SUPERIOR;CASADO;SERVIDOR PUBLICO;FINANCIADA;SIM;NAO;0;11299.76;9097.26;30;0.36112003057129693
30235893310;2440;33;POS;SOLTEIRO;SERVIDOR PUBLICO;FINANCIADA;NAO;NAO;3;47452.9;37896.09;68;0.05329207201258659
10043990959;2441;36;FUNDAM;SOLTEIRO;APOSENTADO;PROPRIA;SIM;NAO;1;3969.52;3175.92;48;0.36357968777596655
69153491576;2442;23;SUPERIOR;DIVORCIADO;SERVIDOR PUBLICO;PROPRIA;NAO;NAO;0;12340.64;9936.23;17;0.42222454939146886
39493733245;2443;36;MEDIO;SOLTEIRO;ASSALARIADO;PROPRIA;NAO;NAO;1;2202.2;1812.29;8;0.46586922581167584
17568564675;2444;18;MEDIO;CASADO;ASSALARIADO;PROPRIA;SIM;NAO;0;3914.74;3176.45;35;0.48497844302786797
47664277988;2445;28;POS;CASADO;EMPRESARIO;PROPRIA;NAO;NAO;4;16233.74;12398.9;48;0.25040835566250763
48277229336;2446;27;MEDIO;CASADO;APOSENTADO;PROPRIA;NAO;SIM;0;7488.49;6002.69;80;0.23031429920765953
27744370280;2447;41;SUPERIOR;CASADO;SERVIDOR PUBLICO;CEDIDA;SIM;NAO;0;18637.19;14795.93;78;0.22110083771691785
60912535231;2448;47;SUPERIOR;CASADO;SERVIDOR PUBLICO;PROPRIA;SIM;NAO;1;18568.4;14585.75;45;0.19713776949697023
54949938025;2449;40;SUPERIOR;CASADO;SERVIDOR PUBLICO;PROPRIA;SIM;NAO;1;28842.5;21958.26;69;0.03983100782506839
34844264723;2450;60;POS;CASADO;ASSALARIADO;FINANCIADA;NAO;NAO;3;24047.28;19047.03;45;0.2291673792301361
90736413980;2451;47;POS;CASADO;ASSALARIADO;PROPRIA;SIM;NAO;0;22043.91;17088.58;37;0.14959799624339812
47765610094;2452;18;SUPERIOR;DIVORCIADO;ASSALARIADO;ALUGADA;SIM;NAO;2;3210.18;2582.41;7;0.98
51274730067;2453;32;FUNDAM;SOLTEIRO;APOSENTADO;ALUGADA;SIM;NAO;1;4276.03;3402.27;27;0.38082662278367746
11891458236;2454;44;FUNDAM;CASADO;SERVIDOR PUBLICO;ALUGADA;SIM;NAO;0;5168.38;3957.49;58;0.1892534658225581
82497430585;2455;38;POS;CASADO;AUTONOMO;PROPRIA;SIM;NAO;0;15105.19;12508.0;25;0.2455794339161344
73553770966;2456;39;POS;CASADO;ASSALARIADO;FINANCIADA;NAO;SIM;1;43158.35;35437.43;91;0.10433469887993607
28255436098;2457;34;POS;CASADO;ASSALARIADO;ALUGADA;SIM;SIM;3;14819.19;11924.26;31;0.2932311130992363
19394220137;2458;27;MEDIO;SOLTEIRO;ASSALARIADO;ALUGADA;NAO;NAO;1;5057.98;4073.27;60;0.31112208724325086
27290170694;2459;37;MEDIO;SOLTEIRO;EMPRESARIO;FINANCIADA;SIM;NAO;0;7276.39;5850.09;30;0.2708779741226469
56331531367;2460;41;POS;CASADO;ASSALARIADO;PROPRIA;NAO;NAO;0;21562.92;17988.87;54;0.20273392896457187
88036484881;2461;22;FUNDAM;DIVORCIADO;ASSALARIADO;PROPRIA;NAO;NAO;1;1412.0;1158.9;2;0.9026668997940032
57014823790;2462;18;FUNDAM;SOLTEIRO;EMPRESARIO;CEDIDA;SIM;NAO;1;1456.78;1118.28;4;0.7400211463359974
12840479060;2463;40;MEDIO;CASADO;ASSALARIADO;PROPRIA;SIM;NAO;0;5962.73;4799.1;12;0.3609428854392711
62293991780;2464;51;SUPERIOR;SOLTEIRO;ASSALARIADO;CEDIDA;SIM;NAO;2;11240.26;9148.6;17;0.3752906010081995
97231610852;2465;23;POS;CASADO;SERVIDOR PUBLICO;PROPRIA;SIM;SIM;0;14614.51;11710.42;34;0.370419306643046
77744665562;2466;31;MEDIO;CASADO;ASSALARIADO;PROPRIA;NAO;SIM;2;8636.9;6727.53;63;0.1661700526420492
79994133935;2467;37;SUPERIOR;VIUVO;EMPRESARIO;PROPRIA;SIM;NAO;0;15690.35;13136.9;20;0.19607961233157062
86557492395;2468;55;POS;CASADO;APOSENTADO;PROPRIA;NAO;NAO;2;40742.23;31837.48;81;0.12056374869724205
28378585229;2469;33;MEDIO;SOLTEIRO;SERVIDOR PUBLICO;PROPRIA;NAO;NAO;3;6860.14;5346.16;15;0.24426981561652555
31739251986;2470;29;SUPERIOR;CASADO;EMPRESARIO;PROPRIA;SIM;NAO;0;10029.06;8181.18;37;0.3708117019267541
93881447562;2471;31;POS;SOLTEIRO;EMPRESARIO;PROPRIA;SIM;SIM;0;26136.9;21917.97;31;0.17360508334674776
79529446344;2472;18;MEDIO;VIUVO;ASSALARIADO;PROPRIA;NAO;SIM;0;1611.5;1310.62;5;0.7903903343955635
48478112576;2473;23;MEDIO;SOLTEIRO;ASSALARIADO;FINANCIADA;SIM;SIM;1;1412.0;1139.18;14;0.6573257551777955
44371028854;2474;42;MEDIO;SOLTEIRO;ASSALARIADO;CEDIDA;SIM;NAO;0;3837.73;3033.29;4;0.3403096990488584
69185071787;2475;27;MEDIO;CASADO;ASSALARIADO;PROPRIA;SIM;SIM;1;6362.49;4960.62;31;0.30087151615861923
28549222139;2476;18;MEDIO;CASADO;APOSENTADO;PROPRIA;SIM;NAO;0;1533.52;1281.77;2;0.4880423571474445
81329053620;2477;42;SUPERIOR;CASADO;APOSENTADO;ALUGADA;SIM;NAO;1;23787.63;19143.02;97;0.170193950066668
25339412982;2478;43;FUNDAM;SOLTEIRO;APOSENTADO;FINANCIADA;SIM;NAO;0;3083.82;2559.8;7;0.2855426013154152
75220216411;2479;44;SUPERIOR;CASADO;ASSALARIADO;PROPRIA;NAO;NAO;0;31469.71;25707.77;96;0.12468444604305372
12238942051;2480;28;SUPERIOR;CASADO;ASSALARIADO;PROPRIA;SIM;NAO;0;5680.14;4552.28;9;0.601821690218635
26993652283;2481;45;SUPERIOR;DIVORCIADO;SERVIDOR PUBLICO;PROPRIA;SIM;SIM;0;12546.95;9567.75;91;0.1894141636898144
63357186144;2482;40;FUNDAM;DIVORCIADO;ASSALARIADO;ALUGADA;SIM;NAO;0;2008.13;1608.56;4;0.6382903374480292
83414359957;2483;27;SUPERIOR;CASADO;ASSALARIADO;PROPRIA;NAO;NAO;2;3696.24;2877.24;1;0.5933385446531906
91759528683;2484;30;SUPERIOR;SOLTEIRO;ASSALARIADO;FINANCIADA;SIM;NAO;0;28236.91;21515.44;61;0.10147780341295926
19090062714;2485;35;MEDIO;SOLTEIRO;EMPRESARIO;PROPRIA;NAO;NAO;0;4294.02;3486.26;34;0.2576944568118736
82752721123;2486;18;MEDIO;CASADO;ASSALARIADO;PROPRIA;SIM;NAO;0;1675.67;1276.98;9;0.8684707391670986
98843596088;2487;28;FUNDAM;CASADO;EMPRESARIO;PROPRIA;SIM;NAO;1;3306.53;2533.83;42;0.46582707368779297
56997492479;2488;36;MEDIO;SOLTEIRO;ASSALARIADO;PROPRIA;SIM;NAO;0;2554.49;2078.32;1;0.6109130183825994
22272691428;2489;33;SUPERIOR;CASADO;ASSALARIADO;ALUGADA;SIM;SIM;2;10435.57;8045.2;22;0.31492022285821425
96416174965;2490;29;SUPERIOR;SOLTEIRO;APOSENTADO;PROPRIA;SIM;NAO;1;14143.48;11230.23;60;0.19632709685477248
87833570587;2491;47;POS;SOLTEIRO;SERVIDOR PUBLICO;PROPRIA;NAO;NAO;0;21525.66;17132.03;67;0.1919432094968601
69149092077;2492;31;SUPERIOR;CASADO;AUTONOMO;PROPRIA;SIM;SIM;0;16966.67;13431.92;47;0.1873745295393108
75579915018;2493;25;SUPERIOR;CASADO;SERVIDOR PUBLICO;CEDIDA;NAO;NAO;3;6259.96;4976.02;17;0.3333478517986864
39136438766;2494;31;MEDIO;CASADO;SERVIDOR PUBLICO;ALUGADA;SIM;NAO;2;10100.37;8443.42;51;0.28354335889280996
44541214328;2495;32;MEDIO;CASADO;ASSALARIADO;PROPRIA;SIM;NAO;1;4681.24;3641.78;18;0.40404230746867575
98414242373;2496;40;SUPERIOR;SOLTEIRO;SERVIDOR PUBLICO;ALUGADA;NAO;NAO;0;9367.28;7155.43;39;0.14520078479267515
19475233719;2497;55;SUPERIOR;SOLTEIRO;SERVIDOR PUBLICO;ALUGADA;SIM;NAO;0;12189.65;9380.8;24;0.33546214824372905
78775972715;2498;32;MEDIO;CASADO;ASSALARIADO;ALUGADA;SIM;NAO;1;2116.54;1718.39;1;0.7340881394697735
52753181173;2499;28;FUNDAM;DIVORCIADO;ASSALARIADO;ALUGADA;NAO;NAO;1;1412.0;1098.26;2;0.7267676996766268
48156212881;2500;31;SUPERIOR;CASADO;EMPRESARIO;ALUGADA;SIM;NAO;0;16819.75;13231.63;53;0.1511637078174957
10832063464;2501;33;MEDIO;DIVORCIADO;ASSALARIADO;PROPRIA;NAO;SIM;0;4116.23;3285.07;21;0.508445200456062
94353033524;2502;49;MEDIO;CASADO;SERVIDOR PUBLICO;PROPRIA;NAO;NAO;2;4499.83;3541.66;12;0.40336838199206715
34166975749;2503;49;SUPERIOR;CASADO;AUTONOMO;ALUGADA;NAO;SIM;1;10199.69;7845.95;50;0.2539935188065191
24555710611;2504;35;SUPERIOR;CASADO;SERVIDOR PUBLICO;PROPRIA;SIM;NAO;0;2519.32;1937.33;5;0.9363177410819563
82133391844;2505;56;SUPERIOR;SOLTEIRO;ASSALARIADO;PROPRIA;SIM;NAO;1;15107.83;11875.48;73;0.15375723348722345
96963166883;2506;55;SUPERIOR;CASADO;EMPRESARIO;PROPRIA;SIM;NAO;1;22071.4;17908.29;86;0.1342746147314016
75272863551;2507;28;MEDIO;CASADO;EMPRESARIO;FINANCIADA;SIM;NAO;1;2824.63;2208.31;1;0.822386912508613
21491343072;2508;40;SUPERIOR;CASADO;EMPRESARIO;CEDIDA;NAO;NAO;1;16724.12;14030.07;58;0.268976253475143
98850388344;2509;36;MEDIO;SOLTEIRO;APOSENTADO;PROPRIA;NAO;NAO;0;3558.61;2956.31;1;0.6748450392278932
56084936445;2510;19;SUPERIOR;DIVORCIADO;ASSALARIADO;PROPRIA;NAO;SIM;1;3956.72;3136.76;16;0.9673155763078237
47311317532;2511;48;SUPERIOR;CASADO;APOSENTADO;PROPRIA;SIM;NAO;1;30613.06;25255.25;101;0.075184751700701
27657961289;2512;27;MEDIO;SOLTEIRO;APOSENTADO;ALUGADA;SIM;NAO;0;3010.31;2299.49;11;0.6513323594149361
66115730238;2513;50;FUNDAM;CASADO;APOSENTADO;PROPRIA;SIM;SIM;2;2047.01;1632.12;1;0.3588689869405054
10175517936;2514;29;POS;CASADO;ASSALARIADO;ALUGADA;NAO;SIM;3;15720.61;12754.79;53;0.26385578248070524
51983625384;2515;47;FUNDAM;CASADO;ASSALARIADO;ALUGADA;NAO;NAO;0;3478.53;2883.79;11;0.30259273060783853
36277790534;2516;46;MEDIO;CASADO;SERVIDOR PUBLICO;PROPRIA;SIM;SIM;2;1779.99;1466.19;18;0.5765443109780223
79153940581;2517;53;POS;CASADO;ASSALARIADO;CEDIDA;SIM;SIM;1;38828.12;32333.48;44;0.07162279694356576
41344787338;2518;26;SUPERIOR;CASADO;ASSALARIADO;PROPRIA;NAO;SIM;0;10671.59;8406.88;44;0.3622447458536651
80613536110;2519;27;SUPERIOR;DIVORCIADO;SERVIDOR PUBLICO;ALUGADA;SIM;NAO;1;6370.15;4859.07;41;0.6083490568522336
17825643421;2520;38;MEDIO;CASADO;ASSALARIADO;PROPRIA;SIM;NAO;0;3166.54;2508.28;6;0.5057246668550733
92399561768;2521;33;SUPERIOR;SOLTEIRO;ASSALARIADO;FINANCIADA;NAO;SIM;0;6820.29;5338.19;26;0.23884206008580094
13668220351;2522;46;SUPERIOR;CASADO;ASSALARIADO;FINANCIADA;NAO;NAO;0;22183.2;17268.13;86;0.14642800328764202
13826666655;2523;52;SUPERIOR;VIUVO;ASSALARIADO;PROPRIA;NAO;SIM;0;14236.98;11165.66;61;0.1526929571701896
55166462186;2524;39;SUPERIOR;CASADO;SERVIDOR PUBLICO;PROPRIA;SIM;SIM;1;15770.51;12320.72;65;0.1485076342789435
87442443716;2525;40;FUNDAM;SOLTEIRO;APOSENTADO;ALUGADA;SIM;NAO;2;2706.11;2114.6;26;0.5619915342858697
61997085552;2526;46;SUPERIOR;SOLTEIRO;AUTONOMO;PROPRIA;SIM;NAO;0;18050.72;14850.36;39;0.23097960589642968
90925336191;2527;54;MEDIO;DIVORCIADO;ASSALARIADO;PROPRIA;SIM;NAO;0;7359.89;5764.22;38;0.046500231499754935
92545710982;2528;26;MEDIO;CASADO;SERVIDOR PUBLICO;FINANCIADA;SIM;SIM;1;2255.53;1802.07;1;0.7339768682154134
97136712830;2529;33;POS;SOLTEIRO;EMPRESARIO;ALUGADA;NAO;NAO;0;43391.82;35174.2;92;0.14093385779975529
12095839785;2530;18;SUPERIOR;SOLTEIRO;ASSALARIADO;PROPRIA;NAO;NAO;3;2962.08;2319.85;4;0.7469405244373353
38486570123;2531;43;MEDIO;CASADO;SERVIDOR PUBLICO;ALUGADA;SIM;SIM;1;4651.17;3609.79;18;0.20006535735154346
72076477868;2532;18;POS;SOLTEIRO;APOSENTADO;PROPRIA;SIM;NAO;1;10331.69;8133.06;22;0.5340601262244166
29980156236;2533;46;SUPERIOR;CASADO;AUTONOMO;PROPRIA;NAO;NAO;0;13193.91;10148.97;68;0.21432590425842343
46074423161;2534;47;FUNDAM;SOLTEIRO;ASSALARIADO;ALUGADA;NAO;NAO;1;9396.86;7719.12;92;0.1376923922589036
44085643915;2535;18;MEDIO;VIUVO;ASSALARIADO;PROPRIA;SIM;NAO;2;4330.09;3462.67;27;0.4141530122909274
38479471576;2536;33;FUNDAM;DIVORCIADO;EMPRESARIO;PROPRIA;SIM;SIM;0;2223.65;1850.08;21;0.4315155779453639
64750046846;2537;37;MEDIO;SOLTEIRO;AUTONOMO;PROPRIA;SIM;NAO;1;4961.81;3910.29;27;0.38368667642118537
27618884773;2538;50;POS;SOLTEIRO;EMPRESARIO;PROPRIA;NAO;NAO;1;37766.78;28709.02;71;0.12879256139675685
28476080520;2539;53;MEDIO;CASADO;ASSALARIADO;FINANCIADA;SIM;NAO;1;2989.69;2421.6;18;0.48694688834975836
45724492892;2540;25;MEDIO;CASADO;SERVIDOR PUBLICO;FINANCIADA;SIM;NAO;4;4685.95;3597.96;12;0.35866379384120717
76817624878;2541;22;MEDIO;SOLTEIRO;APOSENTADO;PROPRIA;NAO;NAO;3;3444.7;2639.67;45;0.4575454252528527
66289575413;2542;24;MEDIO;SOLTEIRO;APOSENTADO;ALUGADA;NAO;NAO;2;4943.73;3861.51;33;0.37824307750269703
77755060338;2543;18;SUPERIOR;SOLTEIRO;ASSALARIADO;PROPRIA;SIM;NAO;0;4949.78;3832.73;12;0.5551577703089371
87853477566;2544;26;MEDIO;SOLTEIRO;APOSENTADO;FINANCIADA;NAO;NAO;2;4323.87;3552.14;46;0.2110395151683329
48888395234;2545;47;POS;SOLTEIRO;SERVIDOR PUBLICO;PROPRIA;NAO;SIM;0;42443.05;35547.68;99;0.12393505202514515
89715034112;2546;49;SUPERIOR;CASADO;AUTONOMO;PROPRIA;SIM;NAO;1;10600.8;8695.56;51;0.4523139806589713
52017045812;2547;42;POS;CASADO;ASSALARIADO;PROPRIA;NAO;NAO;0;37255.03;28588.15;86;0.04205833756214159
79720468330;2548;57;SUPERIOR;VIUVO;ASSALARIADO;FINANCIADA;SIM;NAO;1;20569.59;16111.47;46;0.2095881074043849
54110963149;2549;39;POS;SOLTEIRO;ASSALARIADO;PROPRIA;SIM;NAO;0;24902.71;19157.99;47;0.08789837850848113
58721212845;2550;55;SUPERIOR;SOLTEIRO;ASSALARIADO;PROPRIA;NAO;NAO;2;24779.54;19390.9;83;0.17846197528559962
13142573628;2551;43;MEDIO;SOLTEIRO;ASSALARIADO;FINANCIADA;SIM;NAO;2;11590.82;8963.55;38;0.23767225093656108
45096455184;2552;39;MEDIO;DIVORCIADO;AUTONOMO;ALUGADA;SIM;NAO;2;12468.33;9910.08;95;0.07824917169703408
23913678540;2553;25;MEDIO;CASADO;EMPRESARIO;CEDIDA;SIM;SIM;0;3153.18;2446.36;16;0.5875573888974197
74375432954;2554;44;SUPERIOR;CASADO;SERVIDOR PUBLICO;PROPRIA;SIM;NAO;1;4447.37;3711.7;5;0.5372055058813722
23968536131;2555;51;MEDIO;CASADO;ASSALARIADO;PROPRIA;SIM;SIM;1;15234.52;11936.67;92;0.07629587489912337
92939684255;2556;25;MEDIO;CASADO;APOSENTADO;PROPRIA;NAO;NAO;1;1412.0;1179.36;4;0.8109989987609059
54554199838;2557;35;SUPERIOR;CASADO;ASSALARIADO;ALUGADA;NAO;SIM;2;9383.53;7707.57;23;0.3791241378704969
74291836555;2558;47;MEDIO;VIUVO;APOSENTADO;PROPRIA;SIM;NAO;1;12298.02;9732.43;47;0.1778970223470977
83569623341;2559;45;POS;CASADO;AUTONOMO;FINANCIADA;NAO;NAO;3;41648.62;34259.1;87;0.08264256217789442
71983129570;2560;50;FUNDAM;CASADO;ASSALARIADO;PROPRIA;NAO;NAO;0;2405.55;1853.14;38;0.30000294073799805
30893160273;2561;36;MEDIO;SOLTEIRO;APOSENTADO;CEDIDA;SIM;NAO;2;3758.01;2897.15;33;0.49354346451532327
83165094110;2562;40;SUPERIOR;CASADO;ASSALARIADO;FINANCIADA;SIM;SIM;0;6831.26;5482.81;7;0.6977048738838261
79070634963;2563;31;SUPERIOR;SOLTEIRO;SERVIDOR PUBLICO;ALUGADA;NAO;NAO;0;24603.75;19120.77;72;0.11141771874746899
50344839267;2564;62;MEDIO;CASADO;ASSALARIADO;FINANCIADA;NAO;NAO;0;14722.13;11477.95;96;0.07498745401048783
31661266588;2565;47;MEDIO;CASADO;SERVIDOR PUBLICO;CEDIDA;SIM;SIM;0;8894.17;6983.9;37;0.09201378221909548
58118657622;2566;35;FUNDAM;SOLTEIRO;AUTONOMO;PROPRIA;NAO;NAO;0;10840.45;8866.39;48;0.22075666507292757
35765160665;2567;72;FUNDAM;SOLTEIRO;ASSALARIADO;PROPRIA;NAO;NAO;0;8829.43;7275.62;56;0.21816446052703595
42412115864;2568;33;SUPERIOR;CASADO;ASSALARIADO;PROPRIA;NAO;NAO;2;14890.64;12496.3;47;0.20837459891327487
37022081639;2569;47;MEDIO;SOLTEIRO;SERVIDOR PUBLICO;ALUGADA;SIM;NAO;1;3313.46;2663.8;28;0.30056386934545276
76444094848;2570;29;SUPERIOR;CASADO;AUTONOMO;FINANCIADA;SIM;NAO;1;3755.84;3015.22;12;0.7080876487239763
13358870958;2571;40;SUPERIOR;CASADO;SERVIDOR PUBLICO;PROPRIA;NAO;SIM;0;14366.59;11894.73;43;0.23116564073954998
64966179871;2572;23;FUNDAM;CASADO;ASSALARIADO;PROPRIA;NAO;NAO;1;2195.91;1674.86;9;0.7314637075219897
76567796571;2573;28;FUNDAM;CASADO;ASSALARIADO;ALUGADA;NAO;NAO;2;2478.08;1927.22;66;0.1960024552900195
71197391971;2574;43;SUPERIOR;CASADO;SERVIDOR PUBLICO;PROPRIA;NAO;SIM;1;9800.74;8201.17;16;0.3784572266333799
83797642384;2575;51;SUPERIOR;SOLTEIRO;ASSALARIADO;PROPRIA;SIM;NAO;0;17455.09;14271.82;48;0.12908579239755852
24071498578;2576;42;FUNDAM;CASADO;EMPRESARIO;ALUGADA;NAO;SIM;1;5247.62;4154.53;25;0.33369335775189374
97017438212;2577;29;POS;SOLTEIRO;SERVIDOR PUBLICO;PROPRIA;NAO;NAO;1;4513.2;3583.65;1;0.9124177981068456
47852873744;2578;46;MEDIO;SOLTEIRO;SERVIDOR PUBLICO;FINANCIADA;SIM;NAO;0;6296.11;5046.73;20;0.4265574663269152
77689685571;2579;42;SUPERIOR;VIUVO;ASSALARIADO;FINANCIADA;SIM;NAO;0;10254.75;7928.94;56;0.12927655935273524
82049751457;2580;22;POS;SOLTEIRO;ASSALARIADO;PROPRIA;SIM;NAO;4;13714.89;11320.06;22;0.5409741252125139
59990579414;2581;39;POS;CASADO;ASSALARIADO;PROPRIA;SIM;NAO;0;40195.05;32805.88;69;0.06985029089426756
50194975460;2582;18;POS;SOLTEIRO;ASSALARIADO;PROPRIA;SIM;NAO;3;6627.72;5119.34;16;0.6051598394805329
16784153618;2583;39;MEDIO;CASADO;ASSALARIADO;ALUGADA;SIM;NAO;2;4274.8;3420.72;55;0.3572610882124132
86247950234;2584;43;MEDIO;CASADO;ASSALARIADO;PROPRIA;SIM;NAO;2;4758.26;3806.96;18;0.40408619953154146
78831168968;2585;30;SUPERIOR;SOLTEIRO;SERVIDOR PUBLICO;PROPRIA;SIM;NAO;1;11532.13;9546.48;5;0.3545024178268261
55637619749;2586;28;SUPERIOR;CASADO;AUTONOMO;PROPRIA;SIM;SIM;0;9711.29;7645.81;47;0.3864467461024776
41234515886;2587;57;MEDIO;SOLTEIRO;APOSENTADO;PROPRIA;NAO;NAO;0;15063.99;12572.15;92;0.06816023018671512
78198720868;2588;28;MEDIO;SOLTEIRO;APOSENTADO;CEDIDA;SIM;NAO;1;3625.81;3003.11;32;0.5709067199589766
32825778670;2589;44;SUPERIOR;SOLTEIRO;ASSALARIADO;FINANCIADA;NAO;NAO;1;16326.69;12698.71;48;0.11307443683265751
31123440929;2590;40;MEDIO;SOLTEIRO;ASSALARIADO;PROPRIA;SIM;NAO;0;3553.62;2842.47;24;0.41075988792988527
37161333252;2591;36;MEDIO;DIVORCIADO;SERVIDOR PUBLICO;PROPRIA;NAO;SIM;0;4130.55;3356.56;38;0.48157341900835954
25536581631;2592;41;FUNDAM;DIVORCIADO;SERVIDOR PUBLICO;ALUGADA;NAO;SIM;1;2529.94;2023.32;30;0.6132805348834226
24317186093;2593;44;SUPERIOR;SOLTEIRO;APOSENTADO;PROPRIA;NAO;NAO;2;10046.4;8300.43;49;0.23282851307280855
17366654762;2594;36;MEDIO;CASADO;SERVIDOR PUBLICO;PROPRIA;SIM;NAO;0;4970.38;4008.51;33;0.28119469000348385
78151392797;2595;53;SUPERIOR;CASADO;ASSALARIADO;FINANCIADA;SIM;NAO;0;26212.68;20476.17;97;0.08149374181503295
86990114130;2596;31;FUNDAM;CASADO;ASSALARIADO;PROPRIA;SIM;NAO;0;2423.54;1936.38;9;0.5577189715142165
38938741987;2597;42;SUPERIOR;CASADO;SERVIDOR PUBLICO;PROPRIA;SIM;NAO;2;13741.7;11080.05;33;0.1645601716521579
88689728550;2598;19;SUPERIOR;SOLTEIRO;AUTONOMO;PROPRIA;NAO;NAO;0;10699.17;8749.12;56;0.3548433891956224
38237163698;2599;44;SUPERIOR;SOLTEIRO;ASSALARIADO;ALUGADA;SIM;SIM;0;15588.31;12608.63;39;0.22570543660905934
95555044320;2600;54;SUPERIOR;DIVORCIADO;AUTONOMO;PROPRIA;NAO;NAO;2;27735.59;22383.22;112;0.10781946393045043
77144243194;2601;33;SUPERIOR;DIVORCIADO;APOSENTADO;PROPRIA;SIM;SIM;1;9808.59;7715.92;50;0.27391426512246114
26440726194;2602;57;MEDIO;CASADO;ASSALARIADO;CEDIDA;SIM;SIM;0;11736.16;8950.7;111;0.10074651695793409
31745534059;2603;49;MEDIO;CASADO;EMPRESARIO;PROPRIA;SIM;SIM;0;2390.36;2005.66;28;0.4169333888642855
60649290948;2604;34;POS;CASADO;ASSALARIADO;PROPRIA;SIM;NAO;2;27772.74;21843.41;19;0.16723150137522058
12948672511;2605;47;SUPERIOR;SOLTEIRO;APOSENTADO;PROPRIA;NAO;NAO;3;25928.24;20725.37;52;0.18907939295480583
99247680688;2606;34;FUNDAM;SOLTEIRO;EMPRESARIO;PROPRIA;SIM;NAO;3;4366.03;3426.72;29;0.3835816643520582
58873259026;2607;47;MEDIO;CASADO;ASSALARIADO;ALUGADA;SIM;NAO;3;18373.41;15301.39;71;0.030074704350032483
80274268219;2608;59;POS;CASADO;SERVIDOR PUBLICO;PROPRIA;SIM;NAO;2;23985.63;19302.86;27;0.17979468809605106
21496615429;2609;32;MEDIO;DIVORCIADO;ASSALARIADO;PROPRIA;SIM;SIM;0;3831.79;3193.62;15;0.540006436010103
74065388017;2610;60;SUPERIOR;DIVORCIADO;ASSALARIADO;PROPRIA;NAO;SIM;1;25523.39;20395.77;115;0.0750623642874696
37988957456;2611;29;MEDIO;CASADO;ASSALARIADO;PROPRIA;SIM;NAO;1;4081.42;3279.1;12;0.2798977855369196
64492763753;2612;45;POS;SOLTEIRO;APOSENTADO;PROPRIA;SIM;NAO;0;36982.86;29328.37;47;0.09220898986405335
48615920119;2613;48;MEDIO;VIUVO;EMPRESARIO;ALUGADA;NAO;NAO;0;7067.32;5604.0;51;0.27881871363236077
37228649779;2614;39;SUPERIOR;CASADO;APOSENTADO;PROPRIA;NAO;NAO;0;5450.1;4283.46;22;0.5154482591909003
43755337377;2615;43;POS;CASADO;APOSENTADO;FINANCIADA;SIM;SIM;0;23557.86;19249.73;18;0.2650491830900539
33729452978;2616;43;SUPERIOR;CASADO;ASSALARIADO;PROPRIA;NAO;SIM;0;29598.1;24315.28;111;0.1282559857996935
33798254114;2617;33;SUPERIOR;CASADO;SERVIDOR PUBLICO;FINANCIADA;SIM;NAO;2;15434.44;12445.9;55;0.07550029036569773
68565684163;2618;37;FUNDAM;SOLTEIRO;APOSENTADO;FINANCIADA;NAO;NAO;1;8664.98;6911.3;29;0.18858329005404575
69567546186;2619;30;MEDIO;CASADO;ASSALARIADO;PROPRIA;NAO;SIM;4;3061.78;2439.0;10;0.650688531029406
22227958910;2620;71;MEDIO;SOLTEIRO;SERVIDOR PUBLICO;ALUGADA;SIM;NAO;0;8936.37;6962.12;36;0.14415261892587677
83358327281;2621;29;MEDIO;CASADO;APOSENTADO;ALUGADA;SIM;SIM;0;4534.31;3514.02;12;0.49970674562694656
68458814542;2622;23;FUNDAM;DIVORCIADO;EMPRESARIO;FINANCIADA;SIM;NAO;1;1412.0;1159.47;9;0.747100796409554
28773040479;2623;24;SUPERIOR;DIVORCIADO;ASSALARIADO;CEDIDA;NAO;NAO;2;19005.85;14579.63;86;0.17334757240071288
24434589046;2624;30;FUNDAM;CASADO;AUTONOMO;PROPRIA;NAO;NAO;0;1859.14;1508.7;7;0.5220068272610371
16543758523;2625;56;SUPERIOR;SOLTEIRO;EMPRESARIO;FINANCIADA;SIM;NAO;1;15267.69;12596.32;59;0.1243457402893336
86631399651;2626;29;SUPERIOR;SOLTEIRO;ASSALARIADO;PROPRIA;SIM;SIM;1;3027.55;2394.21;2;0.98
46626627181;2627;50;SUPERIOR;DIVORCIADO;ASSALARIADO;PROPRIA;NAO;SIM;1;27800.46;23273.35;114;0.12007132512783958
31842951763;2628;24;MEDIO;SOLTEIRO;ASSALARIADO;CEDIDA;SIM;NAO;3;4311.37;3443.6;18;0.5006691859202913
27338885168;2629;28;POS;CASADO;AUTONOMO;ALUGADA;SIM;SIM;1;14924.93;11769.59;11;0.31708967393016513
26461911974;2630;45;POS;SOLTEIRO;ASSALARIADO;PROPRIA;NAO;NAO;0;24495.66;19884.37;16;0.2245805123745422
73066055467;2631;56;SUPERIOR;CASADO;EMPRESARIO;PROPRIA;SIM;SIM;1;11120.05;8614.59;32;0.35098006567469636
94220223445;2632;32;MEDIO;CASADO;EMPRESARIO;FINANCIADA;NAO;NAO;1;3333.64;2589.7;32;0.489382495921669
82319685068;2633;46;POS;CASADO;EMPRESARIO;FINANCIADA;SIM;NAO;1;37276.88;28483.5;89;0.13589408953373053
86357085972;2634;51;SUPERIOR;CASADO;ASSALARIADO;PROPRIA;NAO;SIM;1;23975.21;18453.44;88;0.12256849795203431
89128849232;2635;23;MEDIO;CASADO;ASSALARIADO;PROPRIA;SIM;NAO;1;3075.74;2555.62;13;0.4213989311935143
72114715548;2636;28;MEDIO;CASADO;APOSENTADO;PROPRIA;SIM;NAO;1;5231.46;4135.5;10;0.4664663075764126
96548974247;2637;30;FUNDAM;VIUVO;ASSALARIADO;PROPRIA;NAO;NAO;2;1576.92;1270.03;1;0.9093454422146452
86523565118;2638;31;MEDIO;SOLTEIRO;AUTONOMO;PROPRIA;NAO;NAO;0;2925.27;2378.94;14;0.4888354752329544
94641983358;2639;22;MEDIO;VIUVO;APOSENTADO;FINANCIADA;NAO;SIM;1;2004.48;1580.76;9;0.9228923089349199
67957698942;2640;18;MEDIO;CASADO;EMPRESARIO;FINANCIADA;NAO;NAO;3;3399.46;2741.37;29;0.48871534758991425
74538463036;2641;28;POS;CASADO;ASSALARIADO;PROPRIA;SIM;NAO;0;20430.97;16275.74;63;0.2563955173628667
81484510889;2642;58;POS;CASADO;SERVIDOR PUBLICO;FINANCIADA;NAO;NAO;1;36105.61;28806.87;100;0.1372942599444483
72675785922;2643;42;POS;CASADO;ASSALARIADO;PROPRIA;SIM;NAO;1;9132.43;7300.78;8;0.5158629011605745
17069264335;2644;18;SUPERIOR;CASADO;APOSENTADO;ALUGADA;SIM;NAO;2;10800.5;8873.43;40;0.29109150807073025
97327924937;2645;66;SUPERIOR;CASADO;ASSALARIADO;PROPRIA;SIM;NAO;1;31897.18;25413.46;87;0.06885808006709895
69158357237;2646;46;SUPERIOR;CASADO;EMPRESARIO;ALUGADA;SIM;NAO;1;15338.55;12785.48;63;0.16687955189441547
64046193240;2647;20;MEDIO;CASADO;EMPRESARIO;PROPRIA;SIM;SIM;3;1412.0;1143.95;6;0.708563030622279
70571512472;2648;40;MEDIO;CASADO;ASSALARIADO;ALUGADA;SIM;SIM;2;3973.85;3122.38;28;0.3822755430401859
85579252070;2649;29;SUPERIOR;VIUVO;ASSALARIADO;PROPRIA;SIM;NAO;1;12802.82;9743.99;65;0.3012824337449821
42817896014;2650;37;SUPERIOR;DIVORCIADO;EMPRESARIO;PROPRIA;SIM;SIM;2;8216.11;6686.91;49;0.3299008530942684
66655671219;2651;48;MEDIO;SOLTEIRO;ASSALARIADO;PROPRIA;NAO;SIM;0;9634.59;7405.68;61;0.207091319888965
89267279419;2652;27;SUPERIOR;CASADO;SERVIDOR PUBLICO;ALUGADA;SIM;NAO;2;18277.02;14851.34;18;0.21922047163193886
96926916282;2653;49;POS;CASADO;ASSALARIADO;ALUGADA;SIM;NAO;1;23106.79;19404.52;38;0.16126404495029195
60435852684;2654;56;POS;DIVORCIADO;ASSALARIADO;ALUGADA;SIM;NAO;3;35052.25;27550.98;71;0.06672694707264887
10334025550;2655;21;MEDIO;CASADO;EMPRESARIO;ALUGADA;SIM;SIM;1;3538.56;2771.46;44;0.3695737294648762
61026562241;2656;48;POS;SOLTEIRO;ASSALARIADO;PROPRIA;SIM;SIM;2;23003.53;18490.69;72;0.16648748077247802
69390792192;2657;20;POS;CASADO;ASSALARIADO;CEDIDA;SIM;NAO;1;9047.53;7370.66;11;0.4697393967155622
81948615560;2658;23;MEDIO;CASADO;ASSALARIADO;ALUGADA;NAO;SIM;0;3130.16;2580.56;13;0.6946253499002614
86477685623;2659;32;SUPERIOR;SOLTEIRO;AUTONOMO;PROPRIA;SIM;NAO;1;15823.44;12624.21;63;0.3469200262092016
47547385445;2660;48;MEDIO;SOLTEIRO;EMPRESARIO;PROPRIA;SIM;NAO;1;5049.07;3973.44;46;0.30744429798479134
68138726849;2661;40;SUPERIOR;SOLTEIRO;APOSENTADO;FINANCIADA;SIM;NAO;1;9669.47;8031.57;38;0.3228828028462985
51584697098;2662;32;FUNDAM;CASADO;ASSALARIADO;ALUGADA;SIM;NAO;1;1601.09;1321.62;10;0.6159963674890758
95640979617;2663;51;MEDIO;SOLTEIRO;AUTONOMO;PROPRIA;SIM;NAO;1;9527.38;7422.55;64;0.2841243777622314
78183842577;2664;35;MEDIO;CASADO;APOSENTADO;PROPRIA;SIM;SIM;0;3167.02;2542.57;18;0.4021035384926607
52758231740;2665;29;FUNDAM;CASADO;ASSALARIADO;FINANCIADA;NAO;NAO;1;6321.45;5036.21;55;0.3145450475376333
44057173083;2666;50;POS;SOLTEIRO;ASSALARIADO;ALUGADA;SIM;SIM;1;27655.23;22691.93;33;0.2549917800962605
49050925511;2667;52;SUPERIOR;SOLTEIRO;ASSALARIADO;ALUGADA;SIM;NAO;1;30897.96;25271.6;64;0.0461656036008779
35114317780;2668;20;MEDIO;SOLTEIRO;ASSALARIADO;PROPRIA;NAO;NAO;3;4843.76;4034.59;36;0.39674671123087807
24475456941;2669;34;MEDIO;CASADO;EMPRESARIO;PROPRIA;SIM;SIM;1;3463.92;2660.15;18;0.4824138555744207
76559741197;2670;24;SUPERIOR;DIVORCIADO;ASSALARIADO;ALUGADA;NAO;NAO;1;16337.73;13370.69;60;0.17468432491155778
18573050446;2671;31;POS;CASADO;APOSENTADO;PROPRIA;SIM;NAO;0;16099.61;12636.48;38;0.3159935954624117
74724148175;2672;46;POS;SOLTEIRO;ASSALARIADO;PROPRIA;NAO;NAO;1;22577.09;17464.56;56;0.21317807314689532
59929851017;2673;38;MEDIO;CASADO;SERVIDOR PUBLICO;PROPRIA;SIM;NAO;0;3277.44;2549.06;12;0.5708562995192198
29515862156;2674;61;SUPERIOR;DIVORCIADO;EMPRESARIO;PROPRIA;SIM;NAO;1;15936.83;12501.76;29;0.2218526861701319
23762735832;2675;34;MEDIO;CASADO;AUTONOMO;ALUGADA;SIM;NAO;1;2410.56;2014.59;1;0.6457745464365219
61316481472;2676;28;FUNDAM;CASADO;EMPRESARIO;FINANCIADA;NAO;NAO;0;3104.04;2568.71;62;0.10670726774579078
92564828829;2677;40;POS;CASADO;ASSALARIADO;PROPRIA;SIM;SIM;0;23070.69;18828.69;57;0.16179143623096318
41588873734;2678;52;FUNDAM;DIVORCIADO;SERVIDOR PUBLICO;PROPRIA;SIM;NAO;0;5270.17;4034.33;105;0.11430836455927552
14694865160;2679;36;SUPERIOR;CASADO;AUTONOMO;ALUGADA;NAO;SIM;1;28212.7;23370.74;108;0.13251850029641493
44233524816;2680;44;MEDIO;SOLTEIRO;ASSALARIADO;FINANCIADA;SIM;NAO;1;3622.0;2810.81;28;0.37714863250684966
80587052420;2681;64;SUPERIOR;SOLTEIRO;APOSENTADO;PROPRIA;SIM;NAO;3;16216.74;13570.88;62;0.21759832398324908
24953335057;2682;35;FUNDAM;DIVORCIADO;APOSENTADO;ALUGADA;SIM;NAO;3;2982.57;2339.11;30;0.537321158263531
15226910893;2683;52;SUPERIOR;DIVORCIADO;SERVIDOR PUBLICO;PROPRIA;SIM;NAO;0;26780.99;21481.18;89;0.19559262430130847
86959793089;2684;53;SUPERIOR;DIVORCIADO;ASSALARIADO;CEDIDA;SIM;NAO;0;13511.87;10740.16;58;0.22645603158112063
44585589087;2685;50;MEDIO;SOLTEIRO;ASSALARIADO;ALUGADA;SIM;SIM;3;11786.89;9239.11;88;0.14394318959602867
86556895485;2686;44;SUPERIOR;CASADO;SERVIDOR PUBLICO;PROPRIA;SIM;NAO;2;22519.11;17873.88;89;0.08747667020982981
61532295961;2687;48;SUPERIOR;SOLTEIRO;EMPRESARIO;PROPRIA;SIM;NAO;2;33743.71;26226.84;68;0.09672616092712347
92040940748;2688;32;MEDIO;DIVORCIADO;AUTONOMO;PROPRIA;SIM;SIM;1;8948.45;7275.42;66;0.21831176713827743
73513546687;2689;62;SUPERIOR;VIUVO;ASSALARIADO;FINANCIADA;SIM;NAO;0;9365.92;7494.92;30;0.21154772406767847
47160164242;2690;26;SUPERIOR;CASADO;ASSALARIADO;ALUGADA;NAO;NAO;3;17295.77;13438.77;94;0.14449845831487892
87663351961;2691;28;MEDIO;SOLTEIRO;APOSENTADO;PROPRIA;NAO;NAO;1;4955.21;3992.42;36;0.3416733520726402
62094041921;2692;46;SUPERIOR;SOLTEIRO;APOSENTADO;PROPRIA;SIM;NAO;4;9226.7;7187.52;54;0.3147558300534146
31924345679;2693;71;POS;SOLTEIRO;ASSALARIADO;CEDIDA;SIM;SIM;0;40276.11;31688.07;68;0.10708022778967048
87677345016;2694;34;POS;CASADO;ASSALARIADO;ALUGADA;SIM;NAO;1;15407.11;12885.59;35;0.2528375964245818
25920640997;2695;18;MEDIO;CASADO;SERVIDOR PUBLICO;FINANCIADA;SIM;NAO;1;1412.0;1161.99;2;0.8022252851414472
70183644592;2696;19;SUPERIOR;CASADO;APOSENTADO;FINANCIADA;SIM;NAO;1;9306.98;7089.93;31;0.361986610409942
35685588747;2697;54;SUPERIOR;CASADO;EMPRESARIO;PROPRIA;SIM;NAO;2;9946.12;7882.41;40;0.2842382740018864
46711179895;2698;27;POS;CASADO;SERVIDOR PUBLICO;PROPRIA;SIM;NAO;3;21915.14;16970.04;37;0.17187190160460505
91773087495;2699;18;FUNDAM;SOLTEIRO;ASSALARIADO;FINANCIADA;SIM;SIM;0;1412.0;1173.7;1;0.4816497216322235
25468986022;2700;23;MEDIO;CASADO;EMPRESARIO;ALUGADA;SIM;NAO;0;4786.52;3990.84;1;0.6546392458251761
42746537367;2701;41;MEDIO;CASADO;ASSALARIADO;FINANCIADA;SIM;NAO;0;4376.6;3464.51;25;0.2864792614461896
93537816711;2702;25;FUNDAM;CASADO;ASSALARIADO;FINANCIADA;NAO;NAO;4;1412.0;1108.98;9;0.9200560119170439
52718559859;2703;63;SUPERIOR;VIUVO;SERVIDOR PUBLICO;PROPRIA;NAO;NAO;2;29440.11;24237.71;83;0.1387180342512363
92614316483;2704;43;MEDIO;CASADO;AUTONOMO;ALUGADA;SIM;NAO;0;18317.92;15357.88;65;0.10375135597492323
98751751423;2705;32;SUPERIOR;DIVORCIADO;APOSENTADO;PROPRIA;NAO;NAO;3;5616.05;4522.13;32;0.4239990491856711
40797975838;2706;27;FUNDAM;SOLTEIRO;SERVIDOR PUBLICO;ALUGADA;NAO;NAO;0;2704.04;2071.66;6;0.2981958903850077
34720992239;2707;41;MEDIO;SOLTEIRO;ASSALARIADO;PROPRIA;SIM;SIM;2;11685.9;9802.85;99;0.19399906526211805
55857741495;2708;45;SUPERIOR;SOLTEIRO;AUTONOMO;PROPRIA;SIM;NAO;2;17468.35;13465.69;45;0.3112245617931244
66442139434;2709;45;POS;CASADO;ASSALARIADO;PROPRIA;SIM;SIM;0;41363.75;34646.94;57;0.06461860267989013
91261996380;2710;37;POS;CASADO;ASSALARIADO;PROPRIA;SIM;NAO;2;21061.67;16384.99;55;0.11886072893237659
54269783211;2711;18;MEDIO;SOLTEIRO;SERVIDOR PUBLICO;PROPRIA;NAO;SIM;2;4211.5;3280.82;35;0.5059109962446289
96934034629;2712;22;MEDIO;SOLTEIRO;APOSENTADO;PROPRIA;SIM;NAO;1;5246.65;4362.13;43;0.24929430378768486
95723831450;2713;58;POS;CASADO;ASSALARIADO;ALUGADA;SIM;NAO;2;23613.06;18447.32;59;0.028569767436427834
59659958977;2714;52;SUPERIOR;CASADO;ASSALARIADO;PROPRIA;NAO;NAO;0;13429.57;10452.46;31;0.11226800163075717
87140386896;2715;46;POS;CASADO;ASSALARIADO;ALUGADA;SIM;SIM;2;38610.99;29383.38;102;0.01
31541625480;2716;48;SUPERIOR;DIVORCIADO;SERVIDOR PUBLICO;PROPRIA;SIM;NAO;0;16154.24;12964.93;64;0.12446368506625244
13335280711;2717;32;SUPERIOR;SOLTEIRO;ASSALARIADO;PROPRIA;SIM;SIM;1;9561.63;7988.33;46;0.3865070806560111
97990334695;2718;22;MEDIO;DIVORCIADO;ASSALARIADO;ALUGADA;NAO;NAO;2;1949.01;1519.59;1;0.7985034973407967
49358932672;2719;48;MEDIO;CASADO;ASSALARIADO;FINANCIADA;NAO;NAO;2;2947.07;2408.05;8;0.6242275054992487
44355491830;2720;34;SUPERIOR;CASADO;ASSALARIADO;FINANCIADA;SIM;NAO;2;24766.69;20369.99;100;0.08219885617264915
99081159778;2721;42;MEDIO;SOLTEIRO;ASSALARIADO;PROPRIA;NAO;NAO;0;1412.0;1131.5;10;0.4550342679403111
69150132932;2722;30;MEDIO;SOLTEIRO;ASSALARIADO;PROPRIA;NAO;SIM;2;3270.23;2538.76;22;0.4164364510693106
53996821430;2723;33;FUNDAM;CASADO;APOSENTADO;PROPRIA;SIM;SIM;0;2562.35;2135.33;19;0.3808896420316726
84863324071;2724;46;SUPERIOR;SOLTEIRO;ASSALARIADO;CEDIDA;SIM;NAO;2;9007.59;6864.49;27;0.2515636359727134
83943016971;2725;45;FUNDAM;DIVORCIADO;SERVIDOR PUBLICO;CEDIDA;SIM;NAO;2;4703.06;3588.39;82;0.1350994078318077
17250354433;2726;29;SUPERIOR;SOLTEIRO;AUTONOMO;FINANCIADA;SIM;NAO;0;18376.61;14405.47;48;0.14565873542554617
55939077898;2727;62;SUPERIOR;CASADO;SERVIDOR PUBLICO;PROPRIA;SIM;SIM;2;28720.57;24012.67;94;0.06675733669250955
31878193221;2728;47;SUPERIOR;CASADO;ASSALARIADO;FINANCIADA;SIM;NAO;0;14405.27;11166.13;71;0.1686414967486634
35630477849;2729;23;FUNDAM;SOLTEIRO;APOSENTADO;PROPRIA;SIM;NAO;1;10538.05;8129.86;34;0.13074261102912016
74525653059;2730;42;POS;SOLTEIRO;APOSENTADO;PROPRIA;NAO;NAO;2;15191.31;11836.34;22;0.40476376902356836
67963436311;2731;33;MEDIO;CASADO;ASSALARIADO;PROPRIA;SIM;NAO;1;3588.29;2986.63;1;0.3722096179540436
85335991896;2732;33;POS;SOLTEIRO;ASSALARIADO;PROPRIA;NAO;NAO;2;14423.28;11886.94;15;0.2793459342453233
76092063739;2733;32;MEDIO;DIVORCIADO;SERVIDOR PUBLICO;ALUGADA;SIM;SIM;0;11627.34;8872.49;23;0.2054179720225146
77276161793;2734;35;FUNDAM;CASADO;ASSALARIADO;PROPRIA;SIM;SIM;1;1412.0;1080.22;1;0.8881729406672872
55438520666;2735;20;FUNDAM;CASADO;APOSENTADO;PROPRIA;SIM;NAO;0;1592.75;1328.09;8;0.6574637381785865
10746219141;2736;36;MEDIO;CASADO;ASSALARIADO;PROPRIA;NAO;NAO;2;3543.5;2969.53;15;0.29839337748709194
40362014377;2737;28;FUNDAM;CASADO;APOSENTADO;CEDIDA;SIM;NAO;2;1412.0;1140.92;7;0.8620994910154416
35891191757;2738;29;POS;CASADO;ASSALARIADO;ALUGADA;SIM;NAO;1;14174.3;10917.81;47;0.4321769707786026
87410958087;2739;25;MEDIO;CASADO;SERVIDOR PUBLICO;PROPRIA;NAO;NAO;2;1638.93;1322.5;1;0.7953777839452254
35524513273;2740;46;SUPERIOR;CASADO;ASSALARIADO;FINANCIADA;SIM;NAO;0;27058.91;22204.09;83;0.0278802973860114
65061128359;2741;30;MEDIO;CASADO;ASSALARIADO;FINANCIADA;NAO;NAO;1;8182.19;6704.2;39;0.18759637457482048
69271851175;2742;39;SUPERIOR;CASADO;APOSENTADO;PROPRIA;SIM;SIM;3;17739.5;14025.85;75;0.09938374136895406
97120019540;2743;36;FUNDAM;CASADO;AUTONOMO;ALUGADA;SIM;NAO;1;5137.41;4085.02;60;0.2757386974091701
47393545420;2744;48;POS;CASADO;ASSALARIADO;PROPRIA;NAO;SIM;2;43301.53;35996.08;94;0.0827351089721993
60447263456;2745;66;POS;DIVORCIADO;SERVIDOR PUBLICO;PROPRIA;SIM;NAO;0;16503.02;12565.07;39;0.16896977701105947
15950697044;2746;41;MEDIO;CASADO;EMPRESARIO;PROPRIA;NAO;SIM;0;3409.1;2703.62;50;0.39016457397331655
56466391693;2747;34;SUPERIOR;CASADO;EMPRESARIO;ALUGADA;NAO;NAO;2;10317.08;8504.06;8;0.28306526484370975
46298113147;2748;52;SUPERIOR;CASADO;ASSALARIADO;ALUGADA;SIM;SIM;2;28145.05;22031.03;106;0.09297362245909473
14555294671;2749;55;MEDIO;CASADO;EMPRESARIO;PROPRIA;NAO;NAO;0;3574.5;2886.21;20;0.43780538513537937
77119712524;2750;18;MEDIO;CASADO;ASSALARIADO;PROPRIA;SIM;NAO;1;4088.88;3138.5;7;0.34848309499610425
94061016830;2751;32;POS;CASADO;ASSALARIADO;PROPRIA;SIM;NAO;2;21041.5;16471.44;69;0.16544416284499158
80625723297;2752;29;SUPERIOR;VIUVO;SERVIDOR PUBLICO;PROPRIA;NAO;NAO;2;11721.36;9008.13;11;0.46715899790563964
27911574549;2753;66;MEDIO;SOLTEIRO;SERVIDOR PUBLICO;ALUGADA;SIM;SIM;4;7607.1;6371.98;19;0.07521843812943577
25359141110;2754;48;FUNDAM;CASADO;SERVIDOR PUBLICO;PROPRIA;NAO;SIM;4;7941.65;6314.27;69;0.1899305294947786
79795128184;2755;23;FUNDAM;CASADO;ASSALARIADO;PROPRIA;NAO;NAO;0;1412.0;1172.52;16;0.598279039694692
90635927351;2756;37;POS;CASADO;SERVIDOR PUBLICO;PROPRIA;NAO;NAO;2;24429.79;19829.78;53;0.22550719866516522
38597688949;2757;46;SUPERIOR;CASADO;SERVIDOR PUBLICO;PROPRIA;SIM;NAO;0;9994.54;8075.96;13;0.32248444747302635
91157734614;2758;34;MEDIO;CASADO;ASSALARIADO;PROPRIA;SIM;SIM;0;3558.74;2763.29;5;0.6113121807011419
85443381430;2759;30;SUPERIOR;CASADO;ASSALARIADO;PROPRIA;SIM;NAO;2;5489.01;4182.65;24;0.3691899025124584
55889944876;2760;53;MEDIO;CASADO;ASSALARIADO;PROPRIA;SIM;NAO;0;9846.46;7604.64;78;0.13952561634795219
49674547757;2761;33;MEDIO;DIVORCIADO;SERVIDOR PUBLICO;PROPRIA;SIM;SIM;1;10314.76;8285.8;90;0.092890005637803
57532289079;2762;58;FUNDAM;DIVORCIADO;ASSALARIADO;FINANCIADA;SIM;NAO;0;14049.48;11547.21;73;0.10472650601784338
24914415749;2763;58;SUPERIOR;DIVORCIADO;AUTONOMO;PROPRIA;SIM;NAO;1;9089.56;6972.39;40;0.26452815247535444
40464560880;2764;43;FUNDAM;CASADO;EMPRESARIO;PROPRIA;SIM;NAO;1;2634.53;2183.17;19;0.4537385454836831
61245112176;2765;50;SUPERIOR;CASADO;EMPRESARIO;CEDIDA;SIM;NAO;0;29254.7;23886.97;101;0.10403058404803565
29573882096;2766;30;FUNDAM;CASADO;ASSALARIADO;ALUGADA;SIM;NAO;1;1412.0;1112.99;5;0.9127813319008603
83254054979;2767;36;MEDIO;SOLTEIRO;ASSALARIADO;PROPRIA;NAO;NAO;4;4741.54;3943.48;34;0.36499109206210084
85866163575;2768;53;SUPERIOR;CASADO;SERVIDOR PUBLICO;PROPRIA;SIM;NAO;4;19494.47;14996.83;36;0.06872884802173417
49573348888;2769;37;POS;CASADO;ASSALARIADO;PROPRIA;SIM;NAO;0;15700.92;12374.72;38;0.25122148701120917
81662163316;2770;41;MEDIO;CASADO;ASSALARIADO;ALUGADA;SIM;SIM;1;6499.35;4992.22;66;0.3049797486784529
18510367795;2771;52;POS;SOLTEIRO;AUTONOMO;ALUGADA;SIM;NAO;1;39451.75;30651.51;78;0.1153852415708824
28418789331;2772;33;MEDIO;CASADO;EMPRESARIO;PROPRIA;SIM;NAO;1;9877.79;7756.96;20;0.08799198333270078
30167388650;2773;31;MEDIO;SOLTEIRO;ASSALARIADO;CEDIDA;NAO;NAO;1;3423.03;2754.82;44;0.4700758705537632
12163874130;2774;29;SUPERIOR;SOLTEIRO;EMPRESARIO;PROPRIA;NAO;NAO;2;10363.57;8475.34;2;0.3371982367749736
18812177054;2775;37;MEDIO;DIVORCIADO;EMPRESARIO;ALUGADA;NAO;NAO;0;4981.02;3908.04;40;0.29564443862091144
61262625722;2776;50;MEDIO;SOLTEIRO;SERVIDOR PUBLICO;ALUGADA;SIM;NAO;0;10733.79;8568.02;63;0.1469441449169156
17759064534;2777;63;POS;CASADO;AUTONOMO;PROPRIA;NAO;SIM;1;35389.32;27111.11;74;0.13901427663890148
54013233494;2778;45;SUPERIOR;DIVORCIADO;SERVIDOR PUBLICO;PROPRIA;SIM;NAO;0;28905.73;22468.83;117;0.15890754918863048
72932362778;2779;33;SUPERIOR;VIUVO;EMPRESARIO;PROPRIA;SIM;SIM;1;9324.03;7139.69;41;0.20951791500672787
76650911831;2780;50;SUPERIOR;CASADO;EMPRESARIO;FINANCIADA;NAO;NAO;0;16389.03;12976.37;42;0.11500669296264272
79656232544;2781;42;MEDIO;CASADO;ASSALARIADO;PROPRIA;SIM;SIM;1;11904.04;9077.29;82;0.11911766298702323
24195446816;2782;29;FUNDAM;DIVORCIADO;SERVIDOR PUBLICO;PROPRIA;SIM;NAO;0;2139.77;1795.13;13;0.7301966442188461
20931770419;2783;18;MEDIO;SOLTEIRO;APOSENTADO;PROPRIA;SIM;SIM;0;1760.12;1438.8;6;0.98
60714744955;2784;18;MEDIO;CASADO;EMPRESARIO;ALUGADA;SIM;NAO;1;2895.37;2307.4;23;0.4359595527241047
72118681335;2785;28;MEDIO;CASADO;AUTONOMO;FINANCIADA;SIM;NAO;2;2646.17;2210.7;13;0.8668005900812952
85710271683;2786;48;POS;CASADO;ASSALARIADO;PROPRIA;SIM;NAO;1;22123.29;16932.61;62;0.08524027416616313
12848893624;2787;21;MEDIO;SOLTEIRO;ASSALARIADO;PROPRIA;SIM;NAO;0;2340.03;1909.21;4;0.9076591633421992
70138113513;2788;54;SUPERIOR;SOLTEIRO;APOSENTADO;PROPRIA;NAO;NAO;2;16521.52;13512.56;48;0.15346329487718016
60695785338;2789;26;FUNDAM;DIVORCIADO;ASSALARIADO;FINANCIADA;SIM;NAO;1;1412.0;1169.8;3;0.8825897749615563
34363380174;2790;18;MEDIO;SOLTEIRO;ASSALARIADO;PROPRIA;SIM;NAO;2;2119.28;1668.64;4;0.8530758209519521
57591345892;2791;29;FUNDAM;CASADO;AUTONOMO;ALUGADA;NAO;NAO;0;2134.49;1673.92;28;0.4454767645925098
35471661085;2792;31;MEDIO;SOLTEIRO;ASSALARIADO;PROPRIA;SIM;NAO;0;1637.16;1356.65;3;0.7082308743363236
79333348920;2793;30;MEDIO;CASADO;ASSALARIADO;ALUGADA;SIM;SIM;1;3533.43;2926.55;17;0.2286190171977232
86867652651;2794;42;POS;DIVORCIADO;SERVIDOR PUBLICO;FINANCIADA;SIM;NAO;0;22693.01;18614.57;73;0.1751095288780251
96051723440;2795;47;POS;CASADO;SERVIDOR PUBLICO;CEDIDA;NAO;NAO;0;22137.8;18177.28;70;0.1529722895726127
22341122835;2796;30;MEDIO;DIVORCIADO;AUTONOMO;PROPRIA;SIM;NAO;0;5758.23;4707.08;35;0.32878528243153876
38477413619;2797;60;SUPERIOR;SOLTEIRO;SERVIDOR PUBLICO;PROPRIA;SIM;NAO;0;26093.76;20167.63;83;0.11283471225000082
80821359313;2798;33;FUNDAM;CASADO;AUTONOMO;FINANCIADA;SIM;NAO;1;5690.0;4602.16;25;0.4269394107391409
81085773870;2799;18;FUNDAM;SOLTEIRO;SERVIDOR PUBLICO;PROPRIA;SIM;NAO;2;1412.0;1123.02;5;0.8944938797827725
56795974684;2800;31;MEDIO;CASADO;ASSALARIADO;PROPRIA;NAO;NAO;0;9228.4;7054.26;48;0.2433829502974395
27680024181;2801;35;SUPERIOR;SOLTEIRO;ASSALARIADO;PROPRIA;SIM;SIM;0;5174.1;4255.7;17;0.5285890570987151
76366260140;2802;21;FUNDAM;CASADO;SERVIDOR PUBLICO;PROPRIA;NAO;NAO;0;2053.7;1657.2;14;0.5926273635901361
86222919052;2803;24;SUPERIOR;CASADO;AUTONOMO;PROPRIA;SIM;NAO;1;3563.51;2765.68;15;0.8063895386844816
35218779079;2804;36;FUNDAM;SOLTEIRO;AUTONOMO;PROPRIA;SIM;SIM;4;1512.57;1224.48;5;0.9258669678809432
87878862750;2805;50;MEDIO;CASADO;ASSALARIADO;CEDIDA;SIM;NAO;1;2246.85;1763.66;20;0.33793458768843154
52881062740;2806;26;MEDIO;CASADO;SERVIDOR PUBLICO;PROPRIA;NAO;SIM;1;1412.0;1182.36;2;0.8290316906741215
11031043388;2807;29;MEDIO;CASADO;ASSALARIADO;PROPRIA;SIM;NAO;1;4105.91;3410.1;35;0.375702948217209
61987995570;2808;46;SUPERIOR;SOLTEIRO;SERVIDOR PUBLICO;PROPRIA;SIM;SIM;0;28448.49;23097.23;56;0.12634426353522377
79475256544;2809;22;MEDIO;CASADO;AUTONOMO;PROPRIA;SIM;NAO;0;5780.94;4461.29;24;0.3585117510514937
83241711963;2810;32;FUNDAM;SOLTEIRO;ASSALARIADO;PROPRIA;SIM;NAO;2;2589.3;2146.69;40;0.4762927738116784
96516648172;2811;35;POS;CASADO;EMPRESARIO;PROPRIA;SIM;NAO;0;24486.3;19464.32;63;0.07760998458553874
97196273180;2812;18;SUPERIOR;SOLTEIRO;AUTONOMO;FINANCIADA;SIM;NAO;1;9635.49;7709.25;41;0.41532822111542406
87672980059;2813;42;SUPERIOR;SOLTEIRO;EMPRESARIO;PROPRIA;NAO;NAO;3;11275.85;9433.41;50;0.22648864429978385
28627562861;2814;56;SUPERIOR;SOLTEIRO;EMPRESARIO;PROPRIA;SIM;NAO;2;30980.49;25943.9;79;0.06106357466931339
29815068097;2815;31;MEDIO;SOLTEIRO;EMPRESARIO;ALUGADA;NAO;NAO;2;6455.29;4963.08;23;0.36420799670851717
81854979624;2816;30;MEDIO;CASADO;EMPRESARIO;ALUGADA;SIM;NAO;0;3606.68;2817.06;23;0.6808052039770272
18471243311;2817;25;MEDIO;CASADO;ASSALARIADO;FINANCIADA;SIM;NAO;3;5207.89;4153.82;29;0.2043186591628401
31689415160;2818;47;POS;CASADO;EMPRESARIO;PROPRIA;SIM;NAO;1;37880.66;29226.85;106;0.12372291404232721
77798411839;2819;35;POS;CASADO;SERVIDOR PUBLICO;PROPRIA;SIM;NAO;0;43040.06;34224.31;81;0.07255573227323181
59617394422;2820;37;SUPERIOR;CASADO;ASSALARIADO;FINANCIADA;SIM;NAO;1;18016.85;14889.13;48;0.30751255520416876
52937424650;2821;37;MEDIO;CASADO;ASSALARIADO;PROPRIA;NAO;NAO;2;3133.08;2467.61;17;0.7504054153095582
37071945537;2822;31;POS;CASADO;AUTONOMO;FINANCIADA;NAO;NAO;0;23307.6;19176.45;37;0.1438870827077025
66190091164;2823;44;POS;CASADO;ASSALARIADO;PROPRIA;SIM;NAO;0;16888.55;13269.5;24;0.3543942350779707
22044113579;2824;37;SUPERIOR;CASADO;APOSENTADO;CEDIDA;NAO;NAO;0;15601.59;12220.46;111;0.36007392973678143
74159027035;2825;40;POS;SOLTEIRO;SERVIDOR PUBLICO;PROPRIA;SIM;NAO;2;23250.71;18362.21;95;0.01
68037867115;2826;35;MEDIO;VIUVO;AUTONOMO;PROPRIA;NAO;NAO;2;1863.4;1546.05;14;0.6623758625286789
67242045450;2827;21;POS;DIVORCIADO;ASSALARIADO;PROPRIA;NAO;NAO;1;10435.07;8414.11;20;0.40499201581104793
45289388090;2828;62;MEDIO;SOLTEIRO;ASSALARIADO;PROPRIA;NAO;NAO;1;14416.69;11888.04;69;0.09514002720576042
49922639939;2829;43;POS;CASADO;ASSALARIADO;PROPRIA;SIM;NAO;0;27465.95;22812.0;24;0.18433373563748282
22993530447;2830;56;POS;DIVORCIADO;APOSENTADO;ALUGADA;NAO;NAO;0;37423.89;30837.31;64;0.15558511548417314
56425012866;2831;35;FUNDAM;CASADO;ASSALARIADO;ALUGADA;SIM;NAO;1;5635.24;4423.04;36;0.29294621920534725
92430088275;2832;34;FUNDAM;CASADO;AUTONOMO;PROPRIA;SIM;NAO;2;5165.69;4005.53;44;0.31505402931105103
32045394887;2833;41;SUPERIOR;CASADO;ASSALARIADO;PROPRIA;SIM;NAO;0;22782.03;18992.11;53;0.09930699737024756
81870183776;2834;38;SUPERIOR;SOLTEIRO;SERVIDOR PUBLICO;PROPRIA;SIM;NAO;1;21174.49;17051.78;56;0.07892762829933371
58492890616;2835;58;SUPERIOR;CASADO;ASSALARIADO;PROPRIA;NAO;NAO;0;14597.58;11284.23;44;0.13604651785778793
18620047935;2836;24;SUPERIOR;CASADO;AUTONOMO;PROPRIA;NAO;NAO;2;3699.31;2911.32;6;0.6207512319254611
21594650793;2837;22;MEDIO;SOLTEIRO;ASSALARIADO;PROPRIA;SIM;SIM;2;1412.0;1077.86;1;0.7668375319853826
52031560832;2838;50;MEDIO;CASADO;EMPRESARIO;ALUGADA;SIM;NAO;0;12020.46;9312.93;95;0.03249797525614766
48586330439;2839;53;MEDIO;DIVORCIADO;APOSENTADO;CEDIDA;NAO;NAO;0;4622.45;3516.11;38;0.4314324832821086
68649569393;2840;38;SUPERIOR;CASADO;EMPRESARIO;PROPRIA;SIM;NAO;2;18814.13;14721.21;32;0.21497709114385974
40443287770;2841;40;SUPERIOR;CASADO;AUTONOMO;CEDIDA;SIM;NAO;1;16967.65;13225.16;62;0.18679553352482064
53361597246;2842;32;SUPERIOR;CASADO;SERVIDOR PUBLICO;PROPRIA;NAO;NAO;2;6228.49;4764.47;33;0.3976750198449913
84530398378;2843;29;MEDIO;DIVORCIADO;EMPRESARIO;PROPRIA;NAO;NAO;2;2371.35;1945.38;9;0.9280936610604035
82882864461;2844;19;FUNDAM;DIVORCIADO;ASSALARIADO;FINANCIADA;SIM;NAO;1;1752.19;1377.2;5;0.7490359219351663
54669058685;2845;31;POS;SOLTEIRO;AUTONOMO;ALUGADA;SIM;NAO;0;15419.98;12005.98;43;0.19107066551614058
56124982785;2846;48;MEDIO;CASADO;ASSALARIADO;PROPRIA;SIM;SIM;2;9705.0;7985.43;50;0.15551441903775623
82333931367;2847;46;FUNDAM;SOLTEIRO;SERVIDOR PUBLICO;CEDIDA;SIM;NAO;2;3809.96;3072.54;23;0.40005491461551307
76481935637;2848;67;POS;SOLTEIRO;APOSENTADO;PROPRIA;NAO;NAO;3;22628.93;17448.03;59;0.1849168096100021
83471153175;2849;25;FUNDAM;SOLTEIRO;SERVIDOR PUBLICO;PROPRIA;SIM;NAO;0;3862.14;3118.32;31;0.40473569640991763
41071745611;2850;42;FUNDAM;CASADO;APOSENTADO;PROPRIA;NAO;NAO;0;4926.34;3753.83;49;0.14033114900296442
40477576927;2851;20;MEDIO;VIUVO;ASSALARIADO;PROPRIA;SIM;NAO;2;5332.82;4420.82;47;0.22984140043157383
73912372910;2852;32;POS;CASADO;ASSALARIADO;PROPRIA;SIM;NAO;1;25742.86;21257.1;32;0.1391071815097129
27363537638;2853;42;POS;CASADO;SERVIDOR PUBLICO;ALUGADA;NAO;NAO;0;25881.47;20827.97;25;0.2774867333184025
81667587722;2854;25;FUNDAM;DIVORCIADO;SERVIDOR PUBLICO;PROPRIA;NAO;NAO;0;2211.31;1798.4;2;0.783549148437012
49420173067;2855;38;SUPERIOR;SOLTEIRO;SERVIDOR PUBLICO;PROPRIA;NAO;NAO;2;22835.36;18110.4;126;0.09894458031238397
36187743244;2856;54;MEDIO;CASADO;SERVIDOR PUBLICO;ALUGADA;SIM;NAO;0;2436.47;2006.64;12;0.2247936566356577
72237261439;2857;30;MEDIO;CASADO;AUTONOMO;PROPRIA;NAO;NAO;1;8613.38;6579.12;53;0.18775613504140798
58189427213;2858;56;POS;CASADO;ASSALARIADO;PROPRIA;SIM;NAO;0;40118.23;32493.99;85;0.10778868346063501
51688675046;2859;37;POS;DIVORCIADO;ASSALARIADO;PROPRIA;NAO;NAO;1;38674.42;30206.09;100;0.07656669147417262
94695196881;2860;61;POS;CASADO;SERVIDOR PUBLICO;PROPRIA;NAO;NAO;0;45846.57;35207.88;54;0.09537022757223312
86984178936;2861;25;FUNDAM;CASADO;EMPRESARIO;PROPRIA;NAO;SIM;1;2038.97;1638.68;20;0.45582836199648824
78930589137;2862;24;SUPERIOR;SOLTEIRO;EMPRESARIO;FINANCIADA;NAO;SIM;1;15374.63;11866.67;41;0.12532862375511997
92338969242;2863;22;FUNDAM;DIVORCIADO;SERVIDOR PUBLICO;FINANCIADA;SIM;NAO;2;1412.0;1178.7;4;0.8945078153154213
63423586642;2864;49;SUPERIOR;CASADO;EMPRESARIO;PROPRIA;SIM;NAO;1;10801.29;8448.39;19;0.3278017138711307
93173537421;2865;18;POS;CASADO;APOSENTADO;ALUGADA;SIM;NAO;3;21509.05;17798.85;34;0.31403466399061375
10332254653;2866;38;MEDIO;CASADO;SERVIDOR PUBLICO;PROPRIA;NAO;NAO;0;7431.42;5773.07;3;0.3930823751106852
47521824821;2867;52;POS;DIVORCIADO;APOSENTADO;PROPRIA;SIM;SIM;0;17627.12;14659.02;55;0.35006401437272283
29875739484;2868;30;SUPERIOR;SOLTEIRO;APOSENTADO;PROPRIA;SIM;NAO;2;4575.32;3606.63;7;0.3668908552946408
64455552240;2869;55;SUPERIOR;CASADO;ASSALARIADO;PROPRIA;NAO;SIM;0;16671.29;13957.42;50;0.19805267408685306
34489447096;2870;30;SUPERIOR;DIVORCIADO;ASSALARIADO;PROPRIA;NAO;SIM;0;17391.65;13408.49;86;0.15187686902826258
78089487732;2871;20;MEDIO;CASADO;ASSALARIADO;PROPRIA;SIM;SIM;0;2369.14;1823.33;3;0.5640255275878592
90050930440;2872;18;FUNDAM;VIUVO;SERVIDOR PUBLICO;PROPRIA;SIM;NAO;0;1412.0;1145.89;10;0.8052257586815544
25436878764;2873;39;MEDIO;SOLTEIRO;AUTONOMO;PROPRIA;SIM;NAO;0;3032.41;2392.07;9;0.5863068938605689
66986440256;2874;47;SUPERIOR;CASADO;ASSALARIADO;PROPRIA;NAO;NAO;0;15421.16;11909.33;32;0.3011989492266873
91130348815;2875;20;MEDIO;SOLTEIRO;AUTONOMO;PROPRIA;SIM;NAO;0;3977.63;3115.34;27;0.3824357678162594
44556236486;2876;39;MEDIO;CASADO;EMPRESARIO;PROPRIA;NAO;NAO;2;4752.55;3886.1;13;0.4097845577820227
64672280236;2877;42;POS;CASADO;EMPRESARIO;FINANCIADA;SIM;NAO;0;14564.49;11770.12;25;0.3205835734412849
91390699756;2878;45;SUPERIOR;CASADO;ASSALARIADO;PROPRIA;NAO;NAO;2;16485.73;13527.04;60;0.15062444752532125
19999540891;2879;37;MEDIO;CASADO;ASSALARIADO;PROPRIA;SIM;NAO;1;5034.23;4215.91;14;0.39409934679461145
60310583394;2880;37;FUNDAM;CASADO;ASSALARIADO;PROPRIA;NAO;NAO;0;6911.88;5254.09;40;0.16386187991920553
63322075049;2881;46;SUPERIOR;SOLTEIRO;EMPRESARIO;ALUGADA;NAO;NAO;3;19407.94;15020.46;45;0.14842873092046288
90987493840;2882;18;FUNDAM;CASADO;SERVIDOR PUBLICO;FINANCIADA;SIM;NAO;0;1486.88;1199.16;19;0.7495330726715367
66742518945;2883;36;SUPERIOR;SOLTEIRO;AUTONOMO;FINANCIADA;SIM;NAO;0;17254.44;14248.05;39;0.17239716449640768
85948628440;2884;62;SUPERIOR;SOLTEIRO;APOSENTADO;ALUGADA;SIM;NAO;4;30752.07;24231.3;76;0.08892619292936765
54760025752;2885;50;SUPERIOR;CASADO;EMPRESARIO;PROPRIA;NAO;NAO;4;29339.09;22807.77;115;0.10909713601939551
52383381215;2886;29;MEDIO;CASADO;AUTONOMO;PROPRIA;SIM;NAO;1;2581.71;2085.62;21;0.6688434941455988
76444912576;2887;35;MEDIO;CASADO;EMPRESARIO;ALUGADA;NAO;NAO;0;4816.92;3964.09;39;0.22496062942828604
27281246916;2888;52;SUPERIOR;CASADO;ASSALARIADO;PROPRIA;NAO;NAO;0;16830.19;13636.4;47;0.27116087884590356
90472319037;2889;18;SUPERIOR;DIVORCIADO;ASSALARIADO;PROPRIA;SIM;NAO;1;5597.89;4461.78;9;0.4317978654344006
33697541870;2890;35;MEDIO;CASADO;APOSENTADO;PROPRIA;SIM;NAO;0;4160.99;3432.74;20;0.556810228934097
99323356473;2891;42;SUPERIOR;CASADO;ASSALARIADO;PROPRIA;SIM;SIM;1;13176.5;10657.74;61;0.1759122099178625
57044482238;2892;27;FUNDAM;CASADO;ASSALARIADO;PROPRIA;SIM;NAO;1;3559.4;2822.11;31;0.5762335017090362
38687358472;2893;23;MEDIO;CASADO;ASSALARIADO;PROPRIA;SIM;NAO;1;3730.33;2863.77;23;0.5323191850377257
77325181368;2894;40;MEDIO;CASADO;ASSALARIADO;FINANCIADA;SIM;NAO;1;4998.74;4157.33;34;0.4210492661989147
43089161359;2895;53;MEDIO;CASADO;SERVIDOR PUBLICO;PROPRIA;NAO;NAO;0;10063.22;8178.43;62;0.09225460966252107
35357694796;2896;28;MEDIO;CASADO;APOSENTADO;PROPRIA;SIM;NAO;3;1842.8;1421.96;4;0.4408497959310758
39047691095;2897;40;FUNDAM;SOLTEIRO;ASSALARIADO;PROPRIA;SIM;NAO;0;3953.68;3290.59;31;0.44290979687025056
39074579596;2898;46;MEDIO;CASADO;ASSALARIADO;ALUGADA;SIM;NAO;0;6042.76;4606.67;20;0.17959450717883174
86489051351;2899;62;MEDIO;SOLTEIRO;ASSALARIADO;ALUGADA;SIM;SIM;1;9749.93;7920.7;35;0.18714082409353183
75060744366;2900;48;MEDIO;CASADO;SERVIDOR PUBLICO;FINANCIADA;SIM;SIM;1;17558.3;13805.66;78;0.0981264668704
51053636257;2901;32;SUPERIOR;VIUVO;AUTONOMO;ALUGADA;SIM;NAO;0;20936.44;17174.98;78;0.12594588188417008
69634769081;2902;33;FUNDAM;CASADO;SERVIDOR PUBLICO;ALUGADA;NAO;NAO;2;3206.1;2573.54;24;0.4374496836481966
31944093988;2903;33;POS;CASADO;ASSALARIADO;PROPRIA;NAO;NAO;2;43304.53;34033.24;93;0.05766660189999218
20733426450;2904;45;SUPERIOR;CASADO;ASSALARIADO;PROPRIA;SIM;NAO;0;17130.41;13100.14;34;0.2389831304870117
76568729012;2905;35;MEDIO;CASADO;ASSALARIADO;ALUGADA;SIM;SIM;0;6050.14;4607.53;29;0.3076834098775125
18941266579;2906;45;POS;CASADO;AUTONOMO;PROPRIA;SIM;NAO;1;37447.66;28909.15;64;0.12235311319364868
15775927849;2907;28;FUNDAM;CASADO;APOSENTADO;FINANCIADA;SIM;NAO;0;1530.61;1229.31;1;0.98
26867636891;2908;48;POS;SOLTEIRO;ASSALARIADO;CEDIDA;NAO;SIM;0;23575.9;18666.45;61;0.16054843409438002
59980395261;2909;57;SUPERIOR;CASADO;EMPRESARIO;FINANCIADA;SIM;NAO;2;21216.22;17477.07;70;0.06735466313447473
62393178321;2910;36;FUNDAM;SOLTEIRO;ASSALARIADO;ALUGADA;NAO;SIM;1;5051.13;3967.5;56;0.18258828576737945
38190920337;2911;41;MEDIO;DIVORCIADO;SERVIDOR PUBLICO;FINANCIADA;SIM;NAO;3;8714.67;6887.37;47;0.20571824221100057
52782856857;2912;48;POS;CASADO;SERVIDOR PUBLICO;PROPRIA;SIM;NAO;4;37189.3;28680.8;72;0.07174789161829576
53334036682;2913;38;POS;CASADO;ASSALARIADO;CEDIDA;SIM;SIM;2;9908.45;8200.03;1;0.5386150093797888
60019890338;2914;25;FUNDAM;SOLTEIRO;ASSALARIADO;PROPRIA;NAO;NAO;0;1412.0;1142.62;3;0.8524287813736567
13990497958;2915;35;MEDIO;SOLTEIRO;EMPRESARIO;ALUGADA;SIM;NAO;0;10624.88;8311.9;42;0.1599497193680391
17179246378;2916;36;SUPERIOR;CASADO;ASSALARIADO;ALUGADA;SIM;NAO;1;9718.82;7696.39;44;0.4166444515362444
15374933256;2917;31;MEDIO;CASADO;ASSALARIADO;PROPRIA;SIM;NAO;0;2091.6;1704.84;28;0.5266934450890919
17881960641;2918;23;MEDIO;SOLTEIRO;AUTONOMO;ALUGADA;NAO;NAO;2;2509.39;2046.06;12;0.7379603413874314
41133127855;2919;43;SUPERIOR;CASADO;ASSALARIADO;PROPRIA;NAO;NAO;0;15806.47;13164.1;72;0.1288174390748844
13418772644;2920;50;MEDIO;CASADO;SERVIDOR PUBLICO;PROPRIA;SIM;NAO;0;8813.47;7349.73;35;0.1584196022051454
56371580145;2921;38;SUPERIOR;CASADO;SERVIDOR PUBLICO;ALUGADA;SIM;NAO;1;12647.73;10049.87;48;0.1152916939986966
17528717958;2922;38;MEDIO;CASADO;SERVIDOR PUBLICO;PROPRIA;NAO;SIM;1;2979.7;2309.57;30;0.46815105894057235
42421063157;2923;30;MEDIO;CASADO;ASSALARIADO;CEDIDA;SIM;NAO;0;3247.04;2482.12;21;0.364247280935206
52183999564;2924;38;SUPERIOR;CASADO;AUTONOMO;FINANCIADA;SIM;NAO;1;14395.68;11127.26;40;0.1539379569403291
70797136684;2925;41;SUPERIOR;CASADO;EMPRESARIO;PROPRIA;SIM;SIM;2;16906.59;12867.92;49;0.1961253781097585
59078811155;2926;42;SUPERIOR;DIVORCIADO;AUTONOMO;CEDIDA;SIM;SIM;1;3243.2;2540.17;5;0.7831480091882488
64239570593;2927;24;MEDIO;SOLTEIRO;AUTONOMO;ALUGADA;SIM;NAO;0;4180.19;3235.67;21;0.4423820811150653
38225253344;2928;27;MEDIO;CASADO;ASSALARIADO;PROPRIA;SIM;SIM;2;1558.58;1215.08;8;0.9372326382207925
60127958748;2929;34;MEDIO;DIVORCIADO;ASSALARIADO;FINANCIADA;SIM;NAO;2;4056.5;3171.13;15;0.5480668659226651
80293975827;2930;47;POS;CASADO;ASSALARIADO;PROPRIA;SIM;SIM;0;22486.51;18436.86;22;0.13922548480585428
21781917888;2931;41;MEDIO;CASADO;SERVIDOR PUBLICO;PROPRIA;SIM;NAO;2;5547.36;4381.05;56;0.23581521835725353
99138437224;2932;39;MEDIO;CASADO;SERVIDOR PUBLICO;FINANCIADA;SIM;NAO;2;4236.1;3288.9;45;0.32777628243467943
26717435886;2933;48;MEDIO;SOLTEIRO;SERVIDOR PUBLICO;FINANCIADA;SIM;NAO;2;18052.4;14611.57;59;0.0664565666917267
77747473657;2934;27;FUNDAM;DIVORCIADO;SERVIDOR PUBLICO;CEDIDA;NAO;NAO;3;3519.26;2779.84;37;0.42009535474693277
15630378811;2935;29;SUPERIOR;SOLTEIRO;ASSALARIADO;PROPRIA;NAO;NAO;0;6264.2;4913.93;18;0.2961590189878154
51688387262;2936;55;SUPERIOR;SOLTEIRO;ASSALARIADO;PROPRIA;SIM;SIM;0;28811.03;23568.55;80;0.13193181002529036
82016285265;2937;37;FUNDAM;CASADO;AUTONOMO;FINANCIADA;SIM;NAO;0;2436.27;1877.65;23;0.44792136791102893
84351580021;2938;28;SUPERIOR;CASADO;AUTONOMO;PROPRIA;NAO;NAO;1;10861.73;8866.31;14;0.3820164748050845
74995727137;2939;22;SUPERIOR;CASADO;ASSALARIADO;CEDIDA;NAO;NAO;0;2750.3;2263.13;9;0.9312865132314765
82637543661;2940;48;POS;CASADO;SERVIDOR PUBLICO;PROPRIA;SIM;NAO;2;41885.71;32008.49;48;0.12144236495857726
59149135088;2941;49;POS;VIUVO;EMPRESARIO;PROPRIA;SIM;NAO;0;26017.15;21677.85;67;0.1423224005671953
31472856136;2942;26;MEDIO;VIUVO;APOSENTADO;ALUGADA;SIM;NAO;1;5100.71;4243.22;40;0.3315319591978997
59030439498;2943;54;POS;SOLTEIRO;SERVIDOR PUBLICO;FINANCIADA;NAO;NAO;0;24123.65;18556.54;81;0.18990588934603383
31793059184;2944;26;MEDIO;CASADO;ASSALARIADO;PROPRIA;NAO;NAO;1;2025.6;1571.47;35;0.49955144502919446
90517246260;2945;20;FUNDAM;CASADO;AUTONOMO;PROPRIA;NAO;NAO;1;2748.54;2135.54;15;0.5011214107096529
17934031116;2946;44;SUPERIOR;DIVORCIADO;ASSALARIADO;PROPRIA;SIM;SIM;2;28492.52;22366.5;70;0.0458354992005263
26017653044;2947;34;MEDIO;CASADO;SERVIDOR PUBLICO;PROPRIA;SIM;NAO;1;6141.44;5153.16;24;0.2729631051948739
67916296212;2948;29;MEDIO;CASADO;EMPRESARIO;PROPRIA;SIM;NAO;1;6953.85;5835.35;52;0.2194017806882287
90870277715;2949;33;SUPERIOR;DIVORCIADO;ASSALARIADO;PROPRIA;NAO;NAO;1;14410.65;11120.9;21;0.2020446934832036
47661940997;2950;34;FUNDAM;CASADO;ASSALARIADO;FINANCIADA;SIM;SIM;1;1965.23;1554.88;1;0.7584523602967007
76688082314;2951;37;MEDIO;SOLTEIRO;SERVIDOR PUBLICO;PROPRIA;NAO;NAO;2;4087.07;3139.58;13;0.4252632230971894
42666925546;2952;33;SUPERIOR;DIVORCIADO;AUTONOMO;PROPRIA;NAO;NAO;1;5622.9;4680.64;19;0.5093992257739234
83233352016;2953;41;MEDIO;SOLTEIRO;ASSALARIADO;PROPRIA;SIM;NAO;1;2681.86;2123.99;17;0.43637763622854886
52970185067;2954;36;SUPERIOR;CASADO;AUTONOMO;CEDIDA;SIM;NAO;0;9905.42;8058.41;29;0.2673840123871994
69461017365;2955;19;MEDIO;CASADO;ASSALARIADO;CEDIDA;NAO;NAO;4;1465.8;1153.52;11;0.8235319608578228
97356772115;2956;44;FUNDAM;SOLTEIRO;ASSALARIADO;ALUGADA;SIM;NAO;1;2791.25;2301.34;21;0.616233312149141
18789710874;2957;30;MEDIO;SOLTEIRO;EMPRESARIO;PROPRIA;SIM;SIM;2;3510.46;2819.51;15;0.2068744057176079
91785049867;2958;33;MEDIO;CASADO;ASSALARIADO;ALUGADA;SIM;NAO;0;1944.32;1516.92;12;0.8800642259853664
74581842655;2959;25;SUPERIOR;CASADO;SERVIDOR PUBLICO;PROPRIA;SIM;SIM;0;16108.28;12967.1;74;0.2094990475973706
44670778346;2960;36;MEDIO;DIVORCIADO;EMPRESARIO;CEDIDA;SIM;NAO;0;3806.06;3016.82;15;0.5396086888221527
40920183987;2961;53;MEDIO;CASADO;EMPRESARIO;PROPRIA;NAO;NAO;1;9333.72;7574.82;43;0.2262388528664285
33339441550;2962;23;MEDIO;CASADO;ASSALARIADO;ALUGADA;NAO;SIM;4;8526.75;6702.84;46;0.22747613763244973
65994535733;2963;43;POS;CASADO;ASSALARIADO;ALUGADA;NAO;NAO;2;25775.71;20094.43;82;0.2590337907960258
10952548912;2964;18;FUNDAM;SOLTEIRO;EMPRESARIO;PROPRIA;SIM;NAO;0;1692.3;1388.35;2;0.7492358437021984
28951735383;2965;29;FUNDAM;CASADO;ASSALARIADO;ALUGADA;NAO;NAO;1;2447.39;1904.39;3;0.7736910344903073
77769612475;2966;45;FUNDAM;DIVORCIADO;ASSALARIADO;PROPRIA;NAO;SIM;0;3252.86;2619.25;35;0.5429274528156831
13593227145;2967;19;FUNDAM;CASADO;ASSALARIADO;PROPRIA;SIM;NAO;3;2459.81;2037.2;19;0.3765071259053928
52795555744;2968;33;SUPERIOR;DIVORCIADO;ASSALARIADO;ALUGADA;NAO;NAO;0;9675.31;7902.64;31;0.37708178538117815
44146557925;2969;44;MEDIO;SOLTEIRO;AUTONOMO;PROPRIA;SIM;SIM;0;3107.89;2454.72;5;0.6640885801672868
99457726368;2970;35;SUPERIOR;SOLTEIRO;EMPRESARIO;FINANCIADA;NAO;NAO;1;9200.21;7027.78;17;0.2399367290050918
80083468097;2971;39;SUPERIOR;CASADO;AUTONOMO;ALUGADA;SIM;NAO;2;16668.83;13278.88;33;0.2445843457246869
78595824186;2972;49;POS;SOLTEIRO;APOSENTADO;FINANCIADA;SIM;SIM;0;37362.53;28760.64;71;0.12145766701677767
88763947015;2973;19;SUPERIOR;CASADO;SERVIDOR PUBLICO;PROPRIA;NAO;NAO;0;5915.97;4868.79;13;0.3243110990627919
30088944217;2974;23;FUNDAM;CASADO;AUTONOMO;CEDIDA;NAO;NAO;1;4774.85;3883.81;32;0.5840685397106699
74068298770;2975;55;SUPERIOR;CASADO;SERVIDOR PUBLICO;PROPRIA;SIM;SIM;0;15327.11;12046.76;54;0.03558144069605107
99241643148;2976;34;SUPERIOR;SOLTEIRO;ASSALARIADO;PROPRIA;NAO;SIM;1;29959.91;23342.83;55;0.07088008358393973
69266143577;2977;37;SUPERIOR;SOLTEIRO;ASSALARIADO;PROPRIA;SIM;SIM;0;6046.8;4843.36;15;0.575913985031367
32836462085;2978;40;SUPERIOR;CASADO;SERVIDOR PUBLICO;PROPRIA;SIM;SIM;3;28285.24;23060.04;137;0.01
25058233118;2979;52;MEDIO;SOLTEIRO;APOSENTADO;PROPRIA;SIM;NAO;1;1412.0;1074.97;36;0.3950156372358643
56047178967;2980;26;MEDIO;CASADO;ASSALARIADO;ALUGADA;SIM;NAO;0;1412.0;1076.86;1;0.8610739524122847
22014222975;2981;32;MEDIO;CASADO;ASSALARIADO;FINANCIADA;SIM;NAO;2;7258.27;5541.14;82;0.160047585805549
89654076152;2982;50;SUPERIOR;VIUVO;ASSALARIADO;ALUGADA;NAO;SIM;0;14691.22;11212.14;52;0.11152386225453613
41472274566;2983;18;MEDIO;DIVORCIADO;AUTONOMO;FINANCIADA;SIM;SIM;0;3361.93;2820.17;6;0.2930625295366581
81999650617;2984;18;MEDIO;SOLTEIRO;ASSALARIADO;ALUGADA;SIM;SIM;1;2703.71;2159.09;21;0.23006999884755172
28868358910;2985;28;MEDIO;VIUVO;SERVIDOR PUBLICO;FINANCIADA;SIM;SIM;0;3719.21;2851.44;11;0.33375977842113214
87810759460;2986;31;SUPERIOR;CASADO;ASSALARIADO;ALUGADA;NAO;NAO;4;3122.28;2383.7;8;0.9551603766327528
89846526381;2987;57;SUPERIOR;CASADO;ASSALARIADO;PROPRIA;SIM;NAO;2;22283.08;18378.76;80;0.12606945609679163
57119038491;2988;42;SUPERIOR;CASADO;EMPRESARIO;ALUGADA;SIM;NAO;3;9461.57;7547.04;40;0.3782186836623387
30077535447;2989;43;MEDIO;CASADO;ASSALARIADO;CEDIDA;SIM;NAO;2;2842.64;2231.45;13;0.4781255159440082
43388077961;2990;24;MEDIO;CASADO;ASSALARIADO;ALUGADA;SIM;NAO;0;2747.18;2182.53;10;0.564455352896241
89180033087;2991;47;POS;CASADO;ASSALARIADO;PROPRIA;NAO;SIM;4;37335.12;30011.96;104;0.1173383165871078
68375191994;2992;36;MEDIO;SOLTEIRO;EMPRESARIO;PROPRIA;NAO;NAO;0;3290.15;2503.38;35;0.42041690025602846
48779533316;2993;41;SUPERIOR;SOLTEIRO;SERVIDOR PUBLICO;FINANCIADA;SIM;NAO;0;10271.89;8449.61;23;0.49719495135891756
92222568772;2994;52;POS;VIUVO;ASSALARIADO;PROPRIA;SIM;NAO;2;23765.97;19223.43;67;0.15948123699610456
48848657973;2995;54;SUPERIOR;CASADO;AUTONOMO;PROPRIA;SIM;NAO;1;27484.41;21726.67;96;0.08061988180406353
58357735342;2996;25;FUNDAM;CASADO;ASSALARIADO;PROPRIA;SIM;SIM;2;1679.43;1392.7;7;0.8590897927579425
52423025347;2997;60;POS;CASADO;AUTONOMO;ALUGADA;SIM;NAO;2;39044.37;30486.09;125;0.13957782812509384
34333264576;2998;58;MEDIO;SOLTEIRO;ASSALARIADO;ALUGADA;SIM;NAO;0;10861.02;9031.76;84;0.057658175644164464
68933646523;2999;41;SUPERIOR;SOLTEIRO;SERVIDOR PUBLICO;PROPRIA;SIM;NAO;0;15184.75;11904.34;50;0.09193154862063038
69269090671;3000;34;MEDIO;SOLTEIRO;AUTONOMO;PROPRIA;SIM;NAO;1;3041.11;2343.77;7;0.7768496196381727
27692640680;3001;34;MEDIO;CASADO;EMPRESARIO;PROPRIA;SIM;NAO;0;6909.75;5256.58;24;0.36780281791168273
33939027840;3002;41;MEDIO;CASADO;ASSALARIADO;PROPRIA;NAO;SIM;1;3596.2;2790.6;1;0.4458612834759587
59990752023;3003;39;MEDIO;CASADO;AUTONOMO;PROPRIA;NAO;NAO;0;10039.64;8198.84;65;0.3473576962831903
85454173537;3004;53;POS;SOLTEIRO;EMPRESARIO;FINANCIADA;NAO;NAO;1;16657.02;13906.44;43;0.46306802482358833
34411146079;3005;45;SUPERIOR;SOLTEIRO;ASSALARIADO;PROPRIA;SIM;SIM;1;10095.54;7887.54;26;0.4415488310591733
42370866714;3006;33;MEDIO;CASADO;AUTONOMO;PROPRIA;SIM;NAO;0;2967.8;2395.86;23;0.710928988953558
49267320291;3007;25;MEDIO;CASADO;SERVIDOR PUBLICO;FINANCIADA;NAO;NAO;0;2293.83;1894.32;11;0.6901975421392178
73590145648;3008;40;SUPERIOR;SOLTEIRO;AUTONOMO;ALUGADA;NAO;SIM;1;27427.24;21663.47;79;0.03372987996309619
20736848718;3009;18;SUPERIOR;SOLTEIRO;ASSALARIADO;PROPRIA;SIM;NAO;0;8542.94;6960.38;32;0.2742649599470969
81184938879;3010;62;POS;CASADO;ASSALARIADO;CEDIDA;SIM;SIM;1;41097.75;32164.89;43;0.15855967438030935
14743652086;3011;42;MEDIO;CASADO;SERVIDOR PUBLICO;PROPRIA;SIM;NAO;3;4791.84;3644.74;25;0.4770186626514217
76127788637;3012;31;SUPERIOR;DIVORCIADO;SERVIDOR PUBLICO;FINANCIADA;SIM;NAO;1;16377.05;12970.94;46;0.0478466510732409
98672854767;3013;41;SUPERIOR;CASADO;AUTONOMO;PROPRIA;SIM;NAO;0;18071.51;14854.12;51;0.24791424759223946
35446220781;3014;49;POS;CASADO;ASSALARIADO;FINANCIADA;SIM;NAO;0;23114.49;19329.5;98;0.14760421234000706
97654153084;3015;33;MEDIO;SOLTEIRO;ASSALARIADO;PROPRIA;SIM;NAO;0;7822.39;6344.21;25;0.28191142894250487
52175759536;3016;58;SUPERIOR;CASADO;ASSALARIADO;ALUGADA;NAO;NAO;2;14146.96;10987.23;45;0.12566386212292413
20139214145;3017;29;MEDIO;CASADO;ASSALARIADO;FINANCIADA;NAO;SIM;2;2320.52;1779.75;35;0.49729781863081557
46077349870;3018;37;POS;VIUVO;ASSALARIADO;PROPRIA;SIM;NAO;1;24100.72;20024.23;33;0.22296071300006115
94424671186;3019;47;SUPERIOR;CASADO;SERVIDOR PUBLICO;PROPRIA;SIM;NAO;3;30260.77;23264.05;97;0.05165414770694503
49054459210;3020;38;MEDIO;SOLTEIRO;ASSALARIADO;ALUGADA;NAO;NAO;1;3079.44;2481.49;33;0.4744169146664794
58850462758;3021;45;POS;SOLTEIRO;ASSALARIADO;ALUGADA;SIM;NAO;0;21039.66;17024.6;82;0.055759697645539535
31569419056;3022;47;POS;SOLTEIRO;SERVIDOR PUBLICO;PROPRIA;NAO;NAO;3;25940.47;21410.41;54;0.21463656123197336
22870224184;3023;38;MEDIO;CASADO;AUTONOMO;ALUGADA;NAO;NAO;0;2472.16;1931.01;9;0.5143781972990769
35518640269;3024;36;SUPERIOR;SOLTEIRO;ASSALARIADO;PROPRIA;SIM;NAO;0;14141.05;11150.38;67;0.21312102055899895
69521635535;3025;66;SUPERIOR;CASADO;SERVIDOR PUBLICO;FINANCIADA;SIM;NAO;1;27277.99;20949.87;64;0.09277031030176695
37326332162;3026;52;FUNDAM;CASADO;ASSALARIADO;ALUGADA;SIM;NAO;1;6435.67;4968.45;55;0.24164195592145937
29543816178;3027;34;MEDIO;CASADO;SERVIDOR PUBLICO;PROPRIA;SIM;NAO;0;2893.8;2281.98;8;0.7023050941462846
23791620664;3028;47;FUNDAM;SOLTEIRO;EMPRESARIO;PROPRIA;SIM;NAO;0;3281.46;2520.52;47;0.400495178902073
14217415031;3029;49;SUPERIOR;CASADO;SERVIDOR PUBLICO;PROPRIA;NAO;NAO;0;10665.12;8752.11;64;0.2867107683992674
91087599312;3030;48;MEDIO;SOLTEIRO;ASSALARIADO;PROPRIA;SIM;NAO;0;4630.68;3675.18;50;0.24434429791483275
78015252367;3031;46;POS;CASADO;AUTONOMO;PROPRIA;NAO;NAO;0;22650.2;17240.51;24;0.13966232719925292
75740511075;3032;46;POS;SOLTEIRO;AUTONOMO;ALUGADA;SIM;NAO;1;21917.71;17324.82;32;0.21301063093465752
24946067488;3033;35;MEDIO;CASADO;ASSALARIADO;CEDIDA;SIM;NAO;1;4493.49;3491.53;31;0.3246684868616616
74769468478;3034;40;SUPERIOR;DIVORCIADO;APOSENTADO;PROPRIA;NAO;NAO;2;24639.76;19434.38;122;0.05414987268721058
93983621224;3035;38;SUPERIOR;CASADO;SERVIDOR PUBLICO;PROPRIA;SIM;NAO;1;18429.44;14374.64;28;0.13433968362876075
46087431235;3036;62;POS;SOLTEIRO;ASSALARIADO;CEDIDA;SIM;SIM;1;26752.32;21245.45;59;0.14264947559412577
42095722518;3037;40;MEDIO;VIUVO;ASSALARIADO;FINANCIADA;NAO;SIM;0;10854.2;8305.59;59;0.2964120968360589
25398256014;3038;27;FUNDAM;SOLTEIRO;ASSALARIADO;FINANCIADA;SIM;NAO;0;1412.0;1138.42;1;0.8427900842115017
72188566432;3039;31;SUPERIOR;CASADO;ASSALARIADO;PROPRIA;SIM;NAO;0;28430.02;22276.29;84;0.0973784455223118
31958480870;3040;31;SUPERIOR;CASADO;ASSALARIADO;PROPRIA;NAO;NAO;0;10996.28;8486.04;40;0.22581682208267367
19056732743;3041;45;POS;CASADO;EMPRESARIO;PROPRIA;NAO;NAO;0;38376.26;31049.2;75;0.053545557410501717
17727455336;3042;28;FUNDAM;CASADO;EMPRESARIO;PROPRIA;SIM;NAO;2;1432.02;1167.99;4;0.7765846035111494
99710830263;3043;45;SUPERIOR;CASADO;AUTONOMO;ALUGADA;NAO;SIM;1;24170.67;19767.71;112;0.13284015210724975
74430261423;3044;52;MEDIO;SOLTEIRO;ASSALARIADO;PROPRIA;SIM;NAO;0;6318.64;4846.59;61;0.14789412827734086
87682282058;3045;33;FUNDAM;SOLTEIRO;ASSALARIADO;FINANCIADA;SIM;NAO;1;2678.0;2097.5;8;0.3709400687305445
66946557187;3046;41;FUNDAM;CASADO;ASSALARIADO;ALUGADA;SIM;NAO;0;1995.64;1638.61;30;0.5433676140633075
23760248016;3047;36;POS;CASADO;ASSALARIADO;PROPRIA;SIM;NAO;0;25667.75;20035.35;62;0.08294395569850387
75290280047;3048;51;POS;VIUVO;SERVIDOR PUBLICO;FINANCIADA;SIM;NAO;1;19599.93;14997.91;55;0.2894406099868263
84577657679;3049;40;SUPERIOR;CASADO;ASSALARIADO;CEDIDA;SIM;SIM;1;16932.86;12951.13;69;0.12541280310159073
61931616883;3050;50;SUPERIOR;SOLTEIRO;AUTONOMO;FINANCIADA;SIM;NAO;1;16423.54;13056.11;48;0.18145987044952205
37848488035;3051;21;MEDIO;SOLTEIRO;EMPRESARIO;ALUGADA;SIM;NAO;3;9434.56;7721.19;35;0.17193947759679196
69418954359;3052;28;MEDIO;SOLTEIRO;AUTONOMO;PROPRIA;SIM;NAO;2;4754.49;3772.69;14;0.37628445286040396
79098815675;3053;58;MEDIO;CASADO;ASSALARIADO;ALUGADA;SIM;SIM;1;10090.21;8461.23;65;0.22868921890821495
54665243144;3054;19;SUPERIOR;SOLTEIRO;ASSALARIADO;PROPRIA;SIM;SIM;0;19167.07;15326.63;45;0.09810568312824826
32368890062;3055;30;SUPERIOR;SOLTEIRO;SERVIDOR PUBLICO;PROPRIA;SIM;SIM;1;8676.76;7118.05;27;0.3251082227685139
10321986917;3056;27;FUNDAM;SOLTEIRO;SERVIDOR PUBLICO;PROPRIA;SIM;NAO;0;1412.0;1124.88;1;0.8712859936984098
69137781382;3057;38;POS;DIVORCIADO;SERVIDOR PUBLICO;PROPRIA;SIM;NAO;0;14480.07;11759.05;60;0.446539438526165
99085755490;3058;47;SUPERIOR;CASADO;SERVIDOR PUBLICO;PROPRIA;NAO;NAO;0;23475.48;18767.32;103;0.14455589178204886
89717428224;3059;44;POS;CASADO;APOSENTADO;PROPRIA;SIM;NAO;0;40220.58;33082.62;92;0.12176617525806412
42616093432;3060;18;MEDIO;SOLTEIRO;EMPRESARIO;PROPRIA;SIM;NAO;2;1412.0;1113.18;4;0.98
89419362723;3061;50;POS;DIVORCIADO;ASSALARIADO;ALUGADA;NAO;NAO;1;26639.8;21360.61;48;0.12880525989697128
69798187767;3062;48;SUPERIOR;CASADO;AUTONOMO;FINANCIADA;SIM;SIM;0;19635.13;15925.79;59;0.15683406927559315
89674357887;3063;46;MEDIO;SOLTEIRO;AUTONOMO;ALUGADA;NAO;SIM;0;5770.29;4501.32;10;0.3052207881812916
48813767984;3064;20;MEDIO;CASADO;AUTONOMO;PROPRIA;NAO;SIM;0;5815.69;4446.89;43;0.3298859242136482
47357262361;3065;46;FUNDAM;SOLTEIRO;EMPRESARIO;PROPRIA;NAO;SIM;1;4082.13;3297.24;27;0.31146357670132
45094284284;3066;32;SUPERIOR;CASADO;ASSALARIADO;PROPRIA;NAO;SIM;2;15768.14;12534.55;38;0.22525598321253845
17098793374;3067;27;SUPERIOR;SOLTEIRO;ASSALARIADO;ALUGADA;SIM;NAO;0;32026.65;26284.72;84;0.054523733656664956
70094014519;3068;18;MEDIO;CASADO;APOSENTADO;FINANCIADA;SIM;NAO;1;1754.9;1337.3;4;0.921313641626262
70211895029;3069;50;MEDIO;CASADO;ASSALARIADO;ALUGADA;NAO;SIM;1;7366.57;6082.99;39;0.1335795646461062
51272837765;3070;32;SUPERIOR;CASADO;SERVIDOR PUBLICO;PROPRIA;SIM;NAO;1;10927.46;9042.29;49;0.47717050410174167
56957663449;3071;18;MEDIO;CASADO;ASSALARIADO;PROPRIA;SIM;NAO;1;3659.66;2948.81;10;0.3871409960713098
47482972872;3072;41;POS;CASADO;SERVIDOR PUBLICO;PROPRIA;SIM;SIM;2;15580.45;12244.38;13;0.21296250379236434
95374871159;3073;44;SUPERIOR;DIVORCIADO;AUTONOMO;PROPRIA;NAO;NAO;2;13567.47;10927.26;70;0.19014592594272095
80059583970;3074;50;SUPERIOR;DIVORCIADO;ASSALARIADO;PROPRIA;NAO;SIM;0;18408.18;14747.8;61;0.10459611354113817
63721756312;3075;36;FUNDAM;CASADO;ASSALARIADO;ALUGADA;NAO;NAO;0;3705.36;2821.38;33;0.19787943843134628
59229326382;3076;29;MEDIO;DIVORCIADO;EMPRESARIO;PROPRIA;NAO;NAO;1;2597.72;2154.65;8;0.6681228675334302
99057531554;3077;23;MEDIO;DIVORCIADO;EMPRESARIO;PROPRIA;SIM;NAO;0;2657.25;2073.38;9;0.6476432162710292
18991342044;3078;44;SUPERIOR;DIVORCIADO;SERVIDOR PUBLICO;ALUGADA;NAO;NAO;0;20746.76;16126.7;115;0.1168936977137024
94982530425;3079;55;SUPERIOR;CASADO;AUTONOMO;PROPRIA;SIM;NAO;2;28938.52;22232.45;106;0.14230051300158478
65821496030;3080;32;MEDIO;CASADO;SERVIDOR PUBLICO;PROPRIA;SIM;NAO;0;2775.75;2272.91;15;0.5181449149981674
49281536383;3081;34;MEDIO;CASADO;SERVIDOR PUBLICO;PROPRIA;NAO;NAO;0;2635.83;2108.0;9;0.556925895291146
58127431189;3082;21;MEDIO;CASADO;SERVIDOR PUBLICO;PROPRIA;SIM;NAO;1;2474.89;1947.17;16;0.7206317606559965
46449466887;3083;32;POS;CASADO;ASSALARIADO;PROPRIA;SIM;NAO;1;24234.51;20125.01;32;0.19943047013935966
45099452343;3084;37;MEDIO;SOLTEIRO;ASSALARIADO;PROPRIA;SIM;NAO;3;2706.93;2221.4;31;0.4560045624046848
48778934957;3085;22;SUPERIOR;SOLTEIRO;ASSALARIADO;ALUGADA;SIM;NAO;0;6107.47;4660.95;19;0.5172682191717696
49048378174;3086;47;FUNDAM;CASADO;APOSENTADO;ALUGADA;SIM;NAO;1;2319.42;1816.95;19;0.5551677326132572
91773365797;3087;42;SUPERIOR;CASADO;ASSALARIADO;PROPRIA;SIM;SIM;0;14183.07;11289.23;55;0.20938520903052865
14119137986;3088;60;POS;CASADO;AUTONOMO;PROPRIA;SIM;NAO;1;39739.16;32857.64;86;0.07123323628778713
84123789311;3089;52;MEDIO;SOLTEIRO;AUTONOMO;ALUGADA;NAO;NAO;1;3776.35;3136.45;43;0.3724516073837689
32444744679;3090;46;SUPERIOR;DIVORCIADO;AUTONOMO;FINANCIADA;NAO;SIM;1;14750.99;12012.7;61;0.16087319433783692
80054135060;3091;28;FUNDAM;SOLTEIRO;AUTONOMO;ALUGADA;NAO;NAO;3;4609.12;3525.76;6;0.28632896981211
69235558088;3092;18;FUNDAM;CASADO;AUTONOMO;PROPRIA;SIM;NAO;0;1624.61;1292.71;1;0.8804648416773428
27361494180;3093;53;MEDIO;SOLTEIRO;SERVIDOR PUBLICO;ALUGADA;SIM;NAO;0;8730.88;7264.71;62;0.289828433067592
40564779153;3094;43;MEDIO;SOLTEIRO;ASSALARIADO;FINANCIADA;SIM;SIM;0;3622.65;2763.99;28;0.2953326040652886
69757858623;3095;54;SUPERIOR;SOLTEIRO;AUTONOMO;ALUGADA;SIM;NAO;0;16439.77;12779.74;65;0.06404712007188201
80578869436;3096;36;MEDIO;CASADO;ASSALARIADO;PROPRIA;SIM;NAO;0;4728.14;3610.57;43;0.27426621908336124
55310168856;3097;18;MEDIO;SOLTEIRO;SERVIDOR PUBLICO;PROPRIA;SIM;SIM;1;1695.6;1290.31;8;0.7239195605640742
28774928849;3098;39;POS;DIVORCIADO;AUTONOMO;PROPRIA;SIM;NAO;1;40569.5;31054.94;71;0.12036685700042116
10488132298;3099;52;POS;SOLTEIRO;APOSENTADO;PROPRIA;NAO;SIM;2;40002.86;32305.53;71;0.16189904679637002
80943155032;3100;51;MEDIO;CASADO;SERVIDOR PUBLICO;ALUGADA;SIM;SIM;1;9587.9;7961.95;44;0.2133211011557148
54817885286;3101;54;POS;CASADO;APOSENTADO;ALUGADA;SIM;NAO;2;37127.5;29491.95;66;0.13018278052887955
52175323642;3102;44;FUNDAM;CASADO;AUTONOMO;ALUGADA;NAO;NAO;0;3392.56;2731.58;19;0.5161021578616061
90039490013;3103;36;FUNDAM;CASADO;ASSALARIADO;PROPRIA;SIM;NAO;1;2821.46;2280.19;15;0.7853366227121537
43789312491;3104;45;MEDIO;SOLTEIRO;ASSALARIADO;PROPRIA;SIM;NAO;0;8382.08;7015.31;62;0.11994982875669438
51698784417;3105;49;SUPERIOR;CASADO;ASSALARIADO;PROPRIA;NAO;SIM;3;14871.84;11497.36;50;0.230462023602709
67755143481;3106;44;MEDIO;SOLTEIRO;ASSALARIADO;ALUGADA;SIM;SIM;1;3824.72;3044.27;64;0.1934564385202581
19340273248;3107;23;MEDIO;CASADO;ASSALARIADO;ALUGADA;NAO;NAO;0;3513.62;2921.61;14;0.3834128805936503
31597280321;3108;45;SUPERIOR;CASADO;SERVIDOR PUBLICO;PROPRIA;SIM;SIM;0;26055.14;21700.44;95;0.0483412518738612
13562557960;3109;32;MEDIO;SOLTEIRO;ASSALARIADO;PROPRIA;NAO;NAO;0;6785.05;5633.01;21;0.37127734578645266
28243399537;3110;32;MEDIO;CASADO;SERVIDOR PUBLICO;PROPRIA;SIM;NAO;0;6249.22;5197.67;39;0.3224357425867174
65424749655;3111;65;POS;SOLTEIRO;APOSENTADO;ALUGADA;NAO;NAO;0;17047.03;13597.91;19;0.3142781568429985
18012953126;3112;40;SUPERIOR;CASADO;ASSALARIADO;PROPRIA;NAO;NAO;0;16313.84;12471.94;22;0.12708495941208078
91173569482;3113;29;FUNDAM;DIVORCIADO;ASSALARIADO;PROPRIA;NAO;NAO;1;1632.44;1369.28;31;0.5290086647737616
27067573510;3114;40;SUPERIOR;CASADO;ASSALARIADO;PROPRIA;SIM;NAO;0;26716.39;20725.83;137;0.08727718036487346
91688620821;3115;48;POS;CASADO;ASSALARIADO;PROPRIA;SIM;NAO;0;21707.12;16626.15;53;0.1796105194043491
21833512740;3116;29;SUPERIOR;CASADO;ASSALARIADO;ALUGADA;NAO;NAO;0;4631.52;3887.59;8;0.7000317628511628
41530434462;3117;27;MEDIO;CASADO;SERVIDOR PUBLICO;ALUGADA;NAO;SIM;1;3166.73;2559.78;8;0.4241264140312835
62231466956;3118;44;SUPERIOR;SOLTEIRO;ASSALARIADO;PROPRIA;NAO;NAO;0;27259.74;21701.31;87;0.07150835100891004
70416249223;3119;52;MEDIO;CASADO;ASSALARIADO;ALUGADA;NAO;NAO;1;9406.03;7393.13;57;0.24600680640177047
55099561815;3120;32;SUPERIOR;SOLTEIRO;SERVIDOR PUBLICO;ALUGADA;SIM;NAO;1;18366.2;14861.05;94;0.22958838466668186
51831851132;3121;37;SUPERIOR;CASADO;EMPRESARIO;FINANCIADA;SIM;NAO;1;18151.34;14553.69;61;0.15637191544099766
43692116124;3122;44;SUPERIOR;SOLTEIRO;AUTONOMO;PROPRIA;NAO;NAO;0;15329.53;12553.75;32;0.2563848981141631
49787892227;3123;49;POS;SOLTEIRO;EMPRESARIO;PROPRIA;NAO;NAO;1;37642.88;28617.2;84;0.10424181883993161
12514659898;3124;44;SUPERIOR;CASADO;APOSENTADO;ALUGADA;NAO;NAO;1;11085.58;9035.26;27;0.25832493596579253
52654887028;3125;24;MEDIO;CASADO;ASSALARIADO;PROPRIA;SIM;NAO;1;2045.81;1628.29;2;0.4076269195386954
49444799591;3126;18;MEDIO;CASADO;ASSALARIADO;ALUGADA;NAO;NAO;0;5355.02;4167.19;24;0.36816293608826
28049768892;3127;36;SUPERIOR;SOLTEIRO;AUTONOMO;FINANCIADA;SIM;SIM;0;12594.71;10251.51;53;0.2859290405159797
91153413152;3128;42;POS;CASADO;AUTONOMO;CEDIDA;NAO;NAO;1;39274.5;32636.16;54;0.08782636666292723
51661725783;3129;19;FUNDAM;CASADO;APOSENTADO;FINANCIADA;NAO;SIM;1;1412.0;1149.73;1;0.6523246021745382
76917223379;3130;34;FUNDAM;SOLTEIRO;ASSALARIADO;PROPRIA;NAO;SIM;1;1412.0;1077.81;20;0.4383920050423256
82382048511;3131;18;FUNDAM;CASADO;ASSALARIADO;PROPRIA;SIM;NAO;0;2147.99;1700.39;12;0.6140313682852228
10916061243;3132;28;FUNDAM;SOLTEIRO;AUTONOMO;ALUGADA;SIM;SIM;0;2543.01;2092.48;24;0.6014811619999753
85085690349;3133;30;SUPERIOR;DIVORCIADO;APOSENTADO;PROPRIA;SIM;NAO;2;3900.85;3128.16;13;0.730886148045863
47032366726;3134;38;POS;CASADO;SERVIDOR PUBLICO;PROPRIA;NAO;NAO;1;14836.2;11676.7;54;0.3561490384508946
41577856914;3135;33;POS;CASADO;ASSALARIADO;FINANCIADA;NAO;NAO;3;24482.04;19830.3;21;0.2307983057120719
93283411778;3136;55;FUNDAM;CASADO;APOSENTADO;PROPRIA;SIM;NAO;0;4037.75;3230.7;16;0.43017744804065405
16195642623;3137;38;MEDIO;SOLTEIRO;ASSALARIADO;FINANCIADA;SIM;NAO;1;3233.26;2616.54;11;0.42295588772187503
19350049633;3138;36;MEDIO;SOLTEIRO;ASSALARIADO;PROPRIA;SIM;NAO;1;4889.39;3998.94;16;0.6085209979813523
58393075732;3139;48;MEDIO;VIUVO;APOSENTADO;PROPRIA;SIM;NAO;3;5020.38;4057.0;22;0.31889380623512
50563691134;3140;47;SUPERIOR;CASADO;SERVIDOR PUBLICO;PROPRIA;NAO;NAO;2;25963.19;20441.1;73;0.09458211014037442
71172389669;3141;49;SUPERIOR;CASADO;SERVIDOR PUBLICO;PROPRIA;NAO;SIM;0;17982.75;14637.09;65;0.18913076467765916
60060921214;3142;25;MEDIO;CASADO;ASSALARIADO;FINANCIADA;SIM;NAO;1;2741.45;2243.87;8;0.7369406057868069
80527950611;3143;37;MEDIO;CASADO;ASSALARIADO;ALUGADA;NAO;SIM;3;4999.74;4125.58;36;0.17905857495188612
31395220758;3144;39;SUPERIOR;SOLTEIRO;ASSALARIADO;FINANCIADA;SIM;NAO;0;9435.22;7620.65;14;0.29539752593988766
56426728840;3145;49;SUPERIOR;CASADO;SERVIDOR PUBLICO;FINANCIADA;NAO;SIM;2;20004.99;15976.69;51;0.11946410825724327
18849012491;3146;33;SUPERIOR;SOLTEIRO;AUTONOMO;ALUGADA;SIM;NAO;1;18929.12;14655.62;58;0.1706116750132266
19522179770;3147;18;SUPERIOR;CASADO;ASSALARIADO;ALUGADA;SIM;NAO;0;4022.57;3088.94;5;0.7957604612771465
42711346715;3148;28;POS;SOLTEIRO;ASSALARIADO;PROPRIA;SIM;NAO;0;14933.22;11961.31;31;0.2549348282833961
21863417895;3149;32;MEDIO;CASADO;APOSENTADO;ALUGADA;SIM;NAO;1;4770.1;3707.22;11;0.5492061219593233
77552852718;3150;46;POS;DIVORCIADO;AUTONOMO;ALUGADA;NAO;SIM;2;15768.95;13238.78;21;0.21457098971378324
55222711174;3151;54;SUPERIOR;DIVORCIADO;EMPRESARIO;ALUGADA;SIM;NAO;0;7098.18;5583.13;65;0.4428740667555612
83628363271;3152;56;SUPERIOR;CASADO;ASSALARIADO;FINANCIADA;SIM;SIM;1;11850.7;9434.76;50;0.1798773839669513
12070261317;3153;36;MEDIO;SOLTEIRO;APOSENTADO;PROPRIA;SIM;NAO;2;3319.72;2602.03;9;0.37558752738710116
49576110853;3154;43;POS;SOLTEIRO;APOSENTADO;FINANCIADA;NAO;NAO;1;22922.28;19238.71;39;0.2574504954642072
96087095377;3155;39;MEDIO;SOLTEIRO;ASSALARIADO;PROPRIA;SIM;NAO;0;6905.72;5540.77;1;0.15331524109008893
56082773911;3156;45;FUNDAM;SOLTEIRO;ASSALARIADO;PROPRIA;SIM;NAO;1;3383.67;2798.87;17;0.3739522821518246
48675482759;3157;29;MEDIO;SOLTEIRO;SERVIDOR PUBLICO;FINANCIADA;NAO;NAO;0;2196.7;1786.0;14;0.7041441079428502
50923571562;3158;41;SUPERIOR;VIUVO;ASSALARIADO;PROPRIA;NAO;NAO;2;21710.6;16887.04;88;0.07467632037119418
61681127348;3159;42;MEDIO;SOLTEIRO;ASSALARIADO;PROPRIA;NAO;NAO;1;4353.07;3648.21;37;0.47017359139114445
46589996269;3160;49;SUPERIOR;SOLTEIRO;AUTONOMO;FINANCIADA;SIM;NAO;2;15346.21;12108.24;70;0.14567831756198607
22562886232;3161;49;MEDIO;CASADO;APOSENTADO;PROPRIA;SIM;SIM;2;5970.63;4968.62;21;0.28950113872773864
58685356066;3162;60;POS;SOLTEIRO;ASSALARIADO;FINANCIADA;SIM;NAO;1;35058.48;26840.37;87;0.11335684753360951
27143440057;3163;42;FUNDAM;CASADO;AUTONOMO;PROPRIA;NAO;SIM;1;4384.28;3367.96;63;0.16983503955491194
32162677717;3164;22;FUNDAM;CASADO;AUTONOMO;PROPRIA;NAO;SIM;2;3590.9;2808.5;17;0.29398996970653246
78560843448;3165;32;SUPERIOR;CASADO;SERVIDOR PUBLICO;FINANCIADA;SIM;NAO;1;32146.23;26871.99;51;0.17066441648405983
79077339129;3166;40;SUPERIOR;VIUVO;ASSALARIADO;FINANCIADA;NAO;SIM;2;8967.07;7274.68;14;0.4360677146618286
97562465554;3167;39;FUNDAM;DIVORCIADO;SERVIDOR PUBLICO;PROPRIA;SIM;NAO;1;1708.03;1376.42;2;0.5408152365998616
40263297832;3168;43;SUPERIOR;CASADO;ASSALARIADO;ALUGADA;NAO;NAO;0;30835.64;25023.18;92;0.06245822710549643
65787082549;3169;46;SUPERIOR;CASADO;ASSALARIADO;ALUGADA;NAO;NAO;0;6595.37;5251.38;1;0.3612866557983353
83354744398;3170;26;MEDIO;CASADO;EMPRESARIO;FINANCIADA;NAO;NAO;3;7791.92;5938.76;47;0.19418820769811906
53324758048;3171;22;SUPERIOR;CASADO;APOSENTADO;ALUGADA;SIM;NAO;0;10805.57;9060.83;45;0.4004998128808729
24948040192;3172;18;FUNDAM;DIVORCIADO;ASSALARIADO;CEDIDA;SIM;NAO;0;9005.45;7258.66;59;0.15777026362333535
13147285435;3173;41;SUPERIOR;CASADO;SERVIDOR PUBLICO;PROPRIA;SIM;NAO;1;20226.92;15448.71;90;0.0675946360714468
39936341620;3174;46;POS;SOLTEIRO;ASSALARIADO;FINANCIADA;NAO;NAO;2;44256.28;34781.58;47;0.08855358858205148
79884362782;3175;42;SUPERIOR;SOLTEIRO;EMPRESARIO;ALUGADA;NAO;NAO;0;31390.76;25760.08;104;0.07257573371122064
97281487768;3176;39;POS;CASADO;SERVIDOR PUBLICO;PROPRIA;SIM;NAO;0;19143.25;15955.35;32;0.15307983854073492
66457665214;3177;42;SUPERIOR;DIVORCIADO;SERVIDOR PUBLICO;PROPRIA;NAO;NAO;4;8614.0;6862.96;17;0.3332211878196688
10256056381;3178;37;FUNDAM;SOLTEIRO;SERVIDOR PUBLICO;CEDIDA;NAO;NAO;2;1734.37;1449.48;4;0.7845643220768443
38326567771;3179;29;FUNDAM;CASADO;SERVIDOR PUBLICO;PROPRIA;SIM;NAO;4;4207.08;3530.55;32;0.43051533006536735
36188675771;3180;48;MEDIO;VIUVO;SERVIDOR PUBLICO;PROPRIA;NAO;NAO;1;4303.0;3375.19;25;0.5070001250341702
13757139429;3181;39;MEDIO;DIVORCIADO;ASSALARIADO;PROPRIA;SIM;NAO;1;12294.26;9868.7;99;0.14777919940427564
82766753811;3182;37;SUPERIOR;SOLTEIRO;SERVIDOR PUBLICO;FINANCIADA;NAO;NAO;0;19615.9;15465.73;90;0.18561448405069025
83924371016;3183;55;POS;CASADO;ASSALARIADO;PROPRIA;SIM;NAO;0;24688.23;19155.1;97;0.2065142584996276
76913439452;3184;21;SUPERIOR;CASADO;AUTONOMO;PROPRIA;SIM;SIM;1;15860.11;12980.5;53;0.15955198777613386
75549711541;3185;41;SUPERIOR;CASADO;EMPRESARIO;PROPRIA;SIM;NAO;1;9759.53;8140.99;8;0.3080321558926133
53593895696;3186;23;FUNDAM;CASADO;AUTONOMO;PROPRIA;SIM;NAO;0;5787.09;4623.82;50;0.20290128875028376
35771251552;3187;33;SUPERIOR;SOLTEIRO;SERVIDOR PUBLICO;PROPRIA;NAO;SIM;0;16631.04;13069.74;52;0.23497901870028579
82511752572;3188;30;MEDIO;DIVORCIADO;ASSALARIADO;ALUGADA;NAO;NAO;2;6379.06;4885.84;37;0.08899138194137854
20918687618;3189;22;FUNDAM;CASADO;ASSALARIADO;ALUGADA;SIM;NAO;0;3004.46;2299.06;26;0.6014343635502184
44024487223;3190;26;MEDIO;CASADO;SERVIDOR PUBLICO;PROPRIA;SIM;SIM;2;2765.39;2316.77;14;0.6218570862186651
82176347082;3191;39;SUPERIOR;SOLTEIRO;SERVIDOR PUBLICO;FINANCIADA;NAO;SIM;2;17316.34;13912.39;47;0.18004160319544918
77044058272;3192;26;MEDIO;DIVORCIADO;ASSALARIADO;PROPRIA;SIM;SIM;2;2754.28;2107.54;1;0.5329719734950931
25361188413;3193;25;MEDIO;CASADO;APOSENTADO;PROPRIA;SIM;SIM;0;2057.56;1692.82;1;0.9023016622050889
23474286730;3194;37;SUPERIOR;CASADO;EMPRESARIO;PROPRIA;SIM;NAO;2;15473.92;11974.11;72;0.13939091065020406
15935394553;3195;46;SUPERIOR;CASADO;ASSALARIADO;PROPRIA;NAO;NAO;0;14686.31;11849.74;33;0.12531856640199637
83052112283;3196;42;FUNDAM;CASADO;SERVIDOR PUBLICO;ALUGADA;NAO;SIM;2;3771.13;3060.31;37;0.34653405356840095
46528824812;3197;30;MEDIO;SOLTEIRO;SERVIDOR PUBLICO;PROPRIA;SIM;NAO;0;3231.29;2663.23;1;0.7260521929879561
65962223688;3198;28;MEDIO;CASADO;ASSALARIADO;ALUGADA;SIM;NAO;2;2713.85;2271.19;10;0.6376275598431848
79054931586;3199;49;MEDIO;CASADO;AUTONOMO;PROPRIA;NAO;NAO;0;12005.47;9664.26;69;0.1900460386857163
95563459743;3200;38;MEDIO;CASADO;ASSALARIADO;PROPRIA;SIM;SIM;0;7904.15;6103.7;29;0.14738190107184446
80630576570;3201;34;MEDIO;CASADO;ASSALARIADO;PROPRIA;SIM;NAO;0;4391.37;3560.31;40;0.21041778537473593
80419262314;3202;49;SUPERIOR;CASADO;EMPRESARIO;PROPRIA;NAO;NAO;2;8889.53;6801.39;13;0.3078134608126693
41591891964;3203;42;POS;CASADO;SERVIDOR PUBLICO;PROPRIA;SIM;NAO;0;22665.87;18418.58;11;0.10811539402592336
68271093856;3204;24;SUPERIOR;CASADO;AUTONOMO;ALUGADA;SIM;SIM;1;4208.11;3215.46;15;0.5861159684290341
19522627066;3205;27;MEDIO;CASADO;ASSALARIADO;PROPRIA;SIM;SIM;0;4854.92;3883.12;31;0.284480198774516
30132468444;3206;41;MEDIO;CASADO;SERVIDOR PUBLICO;ALUGADA;NAO;SIM;3;1994.81;1526.09;15;0.6074435634529891
80975795079;3207;34;MEDIO;CASADO;ASSALARIADO;PROPRIA;NAO;NAO;1;2338.53;1906.58;16;0.6328298672951481
19683640413;3208;38;MEDIO;CASADO;ASSALARIADO;ALUGADA;NAO;NAO;0;2585.08;2089.06;21;0.5307524943004327
82412716316;3209;32;SUPERIOR;SOLTEIRO;SERVIDOR PUBLICO;ALUGADA;SIM;NAO;1;14563.46;12063.11;67;0.08845193581220183
68345423992;3210;41;SUPERIOR;SOLTEIRO;SERVIDOR PUBLICO;FINANCIADA;SIM;NAO;0;11189.86;8922.89;24;0.34102802054677245
26934352127;3211;45;SUPERIOR;CASADO;AUTONOMO;FINANCIADA;SIM;NAO;0;27615.76;23076.02;90;0.11169791763159986
89580390568;3212;43;SUPERIOR;CASADO;SERVIDOR PUBLICO;FINANCIADA;NAO;SIM;4;10770.41;8486.58;83;0.4136465202540333
96169766178;3213;56;POS;CASADO;EMPRESARIO;PROPRIA;SIM;NAO;2;42088.3;33566.28;76;0.04073181647345264
35147881082;3214;18;POS;CASADO;ASSALARIADO;PROPRIA;SIM;SIM;2;8734.64;7327.31;44;0.2921581623884363
99888684727;3215;41;MEDIO;CASADO;APOSENTADO;PROPRIA;NAO;NAO;1;5791.36;4847.24;64;0.08807939550803728
76915135181;3216;56;MEDIO;CASADO;ASSALARIADO;CEDIDA;SIM;NAO;2;13239.74;10568.45;92;0.19800190034679943
75675828323;3217;74;SUPERIOR;CASADO;ASSALARIADO;PROPRIA;SIM;NAO;2;27681.21;21837.34;108;0.14454258763904523
88380269027;3218;42;SUPERIOR;CASADO;APOSENTADO;FINANCIADA;SIM;NAO;2;27008.61;21848.06;96;0.01
45683434049;3219;22;MEDIO;SOLTEIRO;ASSALARIADO;PROPRIA;NAO;NAO;0;2075.38;1741.82;22;0.42921676643728046
11242898773;3220;18;MEDIO;CASADO;ASSALARIADO;CEDIDA;SIM;NAO;0;3402.95;2854.63;27;0.43733666668942667
72958593833;3221;59;POS;CASADO;ASSALARIADO;FINANCIADA;NAO;NAO;1;13792.46;10772.42;37;0.15690869395268928
58338239819;3222;49;SUPERIOR;CASADO;ASSALARIADO;FINANCIADA;NAO;SIM;1;28174.98;21871.3;102;0.10597469198050462
86611247170;3223;36;POS;CASADO;ASSALARIADO;FINANCIADA;SIM;SIM;2;39832.89;32990.14;99;0.10592825626492665
88959240915;3224;55;SUPERIOR;CASADO;ASSALARIADO;ALUGADA;SIM;NAO;1;24578.91;20377.65;92;0.13321452270412432
40576091179;3225;37;SUPERIOR;CASADO;ASSALARIADO;FINANCIADA;SIM;NAO;0;27436.42;22168.81;90;0.14090263525489452
36260164684;3226;32;SUPERIOR;CASADO;APOSENTADO;PROPRIA;SIM;NAO;0;4738.07;3624.53;2;0.8691121006207588
16386512967;3227;37;SUPERIOR;CASADO;AUTONOMO;PROPRIA;NAO;NAO;1;15655.11;11979.11;4;0.2351441879810258
66950465220;3228;45;SUPERIOR;SOLTEIRO;AUTONOMO;PROPRIA;SIM;NAO;0;14408.14;11711.82;77;0.20731844939812455
16982240234;3229;54;SUPERIOR;SOLTEIRO;AUTONOMO;PROPRIA;NAO;NAO;2;26335.45;21935.48;87;0.1028172357486828
89927387922;3230;48;POS;SOLTEIRO;SERVIDOR PUBLICO;CEDIDA;NAO;NAO;3;25112.21;19229.14;52;0.12848734230640455
80887953244;3231;19;SUPERIOR;CASADO;EMPRESARIO;PROPRIA;SIM;SIM;2;10595.31;8603.33;28;0.28880541231644924
11756558876;3232;48;FUNDAM;SOLTEIRO;ASSALARIADO;PROPRIA;SIM;NAO;2;4222.61;3369.02;44;0.2815497525800351
27086559957;3233;33;SUPERIOR;CASADO;SERVIDOR PUBLICO;PROPRIA;NAO;SIM;0;13511.34;10613.95;1;0.28654631098303407
81845797274;3234;37;MEDIO;CASADO;ASSALARIADO;FINANCIADA;NAO;SIM;1;12823.98;10582.84;123;0.16144065665921692
45457484441;3235;32;SUPERIOR;CASADO;ASSALARIADO;PROPRIA;SIM;NAO;0;20186.26;15405.97;23;0.09172764597338369
68066880140;3236;26;SUPERIOR;SOLTEIRO;EMPRESARIO;ALUGADA;NAO;NAO;1;16116.17;13005.37;51;0.1935159329270536
80915241153;3237;66;SUPERIOR;SOLTEIRO;ASSALARIADO;CEDIDA;SIM;NAO;1;16466.63;13787.61;53;0.1045499746117607
67341526616;3238;21;MEDIO;SOLTEIRO;SERVIDOR PUBLICO;ALUGADA;SIM;NAO;0;1940.01;1523.0;7;0.98
81359559654;3239;21;MEDIO;VIUVO;ASSALARIADO;PROPRIA;NAO;NAO;0;5794.48;4405.34;31;0.47319367162587245
74489917750;3240;49;SUPERIOR;CASADO;ASSALARIADO;PROPRIA;SIM;NAO;1;9436.85;7749.09;4;0.45057681427106955
75323569550;3241;32;MEDIO;CASADO;SERVIDOR PUBLICO;PROPRIA;SIM;SIM;2;8105.12;6164.86;41;0.19284809599010963
60171462117;3242;40;SUPERIOR;CASADO;SERVIDOR PUBLICO;PROPRIA;SIM;NAO;2;19586.89;15537.31;57;0.18290765253596594
82015196961;3243;46;POS;SOLTEIRO;AUTONOMO;PROPRIA;NAO;SIM;3;15469.68;12743.85;43;0.5635234444686938
34281664845;3244;29;MEDIO;VIUVO;ASSALARIADO;FINANCIADA;NAO;NAO;0;3555.92;2907.14;20;0.4576319552088478
76016570528;3245;37;MEDIO;SOLTEIRO;ASSALARIADO;ALUGADA;SIM;NAO;2;2566.55;2032.89;20;0.487604482552073
35284369033;3246;45;SUPERIOR;DIVORCIADO;ASSALARIADO;PROPRIA;SIM;NAO;1;19831.49;15250.61;66;0.15087258601734654
97395579010;3247;31;POS;SOLTEIRO;ASSALARIADO;PROPRIA;NAO;NAO;1;14250.51;11512.87;27;0.2669596091093432
20688572691;3248;43;SUPERIOR;CASADO;AUTONOMO;PROPRIA;SIM;NAO;1;18723.08;14745.86;45;0.1794049236941947
90628636637;3249;23;FUNDAM;CASADO;EMPRESARIO;ALUGADA;SIM;NAO;2;1617.74;1271.57;12;0.6979113963107603
75096326166;3250;43;MEDIO;SOLTEIRO;SERVIDOR PUBLICO;PROPRIA;SIM;SIM;0;4541.43;3471.55;50;0.24492807601300634
46035624233;3251;32;FUNDAM;SOLTEIRO;AUTONOMO;ALUGADA;NAO;SIM;0;6706.95;5366.78;40;0.33278141164971736
16916612360;3252;37;SUPERIOR;CASADO;ASSALARIADO;PROPRIA;NAO;NAO;2;25540.13;20394.67;75;0.1390426324103967
99382179581;3253;51;SUPERIOR;CASADO;ASSALARIADO;PROPRIA;SIM;NAO;0;11455.97;9120.08;14;0.25515773921817386
39954489374;3254;52;MEDIO;CASADO;ASSALARIADO;ALUGADA;SIM;NAO;1;24114.43;20165.09;63;0.07935881312320399
86822333312;3255;32;SUPERIOR;SOLTEIRO;SERVIDOR PUBLICO;PROPRIA;NAO;NAO;1;16759.84;14059.53;60;0.10221575530417806
71729582785;3256;36;POS;CASADO;ASSALARIADO;ALUGADA;NAO;NAO;0;36010.74;29155.98;67;0.08681967772681566
17757171442;3257;36;FUNDAM;DIVORCIADO;EMPRESARIO;ALUGADA;SIM;NAO;2;2280.65;1813.74;21;0.5045033824828945
72412075472;3258;44;MEDIO;CASADO;ASSALARIADO;CEDIDA;NAO;NAO;0;5873.47;4665.71;30;0.12791607796186677
65883584074;3259;49;MEDIO;CASADO;APOSENTADO;PROPRIA;SIM;SIM;0;9614.59;8073.81;62;0.1545958569812896
91890059084;3260;18;FUNDAM;DIVORCIADO;ASSALARIADO;PROPRIA;SIM;NAO;0;1412.0;1170.92;9;0.701351795197241
98345558118;3261;40;FUNDAM;SOLTEIRO;ASSALARIADO;PROPRIA;NAO;SIM;0;10337.27;8649.26;53;0.21325298428011663
38676843219;3262;56;MEDIO;SOLTEIRO;ASSALARIADO;PROPRIA;NAO;NAO;0;4851.12;3743.34;35;0.36793126039060886
23640087091;3263;27;SUPERIOR;CASADO;SERVIDOR PUBLICO;PROPRIA;SIM;NAO;0;19956.34;16669.67;73;0.13658275612072662
47876651517;3264;35;SUPERIOR;DIVORCIADO;SERVIDOR PUBLICO;FINANCIADA;NAO;NAO;1;29093.7;24407.05;112;0.06844821295505948
60375776589;3265;41;MEDIO;SOLTEIRO;ASSALARIADO;PROPRIA;SIM;NAO;2;4274.21;3314.03;29;0.5413290333940965
82433757269;3266;59;POS;SOLTEIRO;ASSALARIADO;ALUGADA;SIM;NAO;1;40382.27;33177.64;110;0.08210919136434869
84847887142;3267;37;MEDIO;CASADO;APOSENTADO;PROPRIA;SIM;SIM;0;4606.25;3848.98;41;0.35797879912133335
64268149888;3268;44;SUPERIOR;CASADO;ASSALARIADO;PROPRIA;SIM;NAO;0;10016.79;7913.77;21;0.25759421792520804
26625868441;3269;30;SUPERIOR;CASADO;ASSALARIADO;CEDIDA;SIM;NAO;3;8586.26;7046.24;16;0.40553104072401175
93177726994;3270;35;FUNDAM;CASADO;ASSALARIADO;PROPRIA;SIM;NAO;0;3498.36;2830.73;29;0.5848984835477313
15277443461;3271;50;SUPERIOR;DIVORCIADO;EMPRESARIO;ALUGADA;SIM;NAO;2;16770.37;13409.98;15;0.20145958903645614
71870345171;3272;37;SUPERIOR;CASADO;ASSALARIADO;CEDIDA;NAO;NAO;1;20896.71;16323.33;62;0.1585411007462988
81346025010;3273;18;MEDIO;CASADO;SERVIDOR PUBLICO;PROPRIA;SIM;NAO;1;3321.57;2761.51;30;0.6236499060023646
69154282456;3274;31;SUPERIOR;CASADO;SERVIDOR PUBLICO;PROPRIA;SIM;NAO;3;8954.27;7373.97;34;0.33389633023630844
82011982926;3275;39;SUPERIOR;CASADO;EMPRESARIO;PROPRIA;NAO;NAO;3;7224.39;5707.76;7;0.4789193623894997
57212442374;3276;40;MEDIO;CASADO;APOSENTADO;PROPRIA;SIM;NAO;0;2850.72;2239.75;13;0.46102272019722385
22417763387;3277;18;FUNDAM;CASADO;ASSALARIADO;PROPRIA;NAO;SIM;2;1412.0;1127.53;17;0.7711716949768905
88242449872;3278;56;MEDIO;CASADO;EMPRESARIO;PROPRIA;SIM;NAO;0;4592.52;3624.11;48;0.37664361102821753
33527451795;3279;51;SUPERIOR;VIUVO;ASSALARIADO;FINANCIADA;NAO;NAO;1;12789.29;10172.67;56;0.16818018082196026
62717029260;3280;33;SUPERIOR;DIVORCIADO;ASSALARIADO;FINANCIADA;NAO;SIM;1;5735.45;4414.27;22;0.40710325339027975
10684598117;3281;24;MEDIO;SOLTEIRO;SERVIDOR PUBLICO;CEDIDA;SIM;SIM;1;6591.5;5153.0;31;0.3096802000200953
35677118854;3282;49;SUPERIOR;CASADO;AUTONOMO;PROPRIA;NAO;NAO;4;18950.89;15255.09;57;0.14243498558476975
47460393097;3283;18;FUNDAM;CASADO;AUTONOMO;PROPRIA;NAO;SIM;1;1690.89;1388.58;5;0.5287751839105037
96729665846;3284;22;MEDIO;CASADO;EMPRESARIO;ALUGADA;NAO;SIM;1;2999.39;2387.77;12;0.6612132164630833
73957141868;3285;33;MEDIO;DIVORCIADO;AUTONOMO;PROPRIA;SIM;NAO;0;5791.23;4785.34;53;0.3219395931775805
81135074196;3286;46;SUPERIOR;CASADO;SERVIDOR PUBLICO;FINANCIADA;SIM;SIM;0;24435.94;19256.81;68;0.08978538950637828
13167856593;3287;49;MEDIO;SOLTEIRO;SERVIDOR PUBLICO;ALUGADA;SIM;SIM;0;10840.0;8330.48;9;0.01812780156622293
74052574793;3288;30;SUPERIOR;SOLTEIRO;ASSALARIADO;ALUGADA;SIM;NAO;0;7963.16;6614.73;11;0.4383581530351733
37278756925;3289;31;FUNDAM;CASADO;SERVIDOR PUBLICO;ALUGADA;SIM;SIM;0;1854.62;1493.18;14;0.5786118029344115
83695575939;3290;24;SUPERIOR;DIVORCIADO;AUTONOMO;PROPRIA;SIM;NAO;1;16911.64;13076.15;57;0.07349402524497772
26070027345;3291;59;SUPERIOR;SOLTEIRO;ASSALARIADO;FINANCIADA;SIM;NAO;1;28341.32;23415.45;70;0.061400347770549674
29970581949;3292;39;FUNDAM;SOLTEIRO;ASSALARIADO;PROPRIA;SIM;NAO;1;1778.77;1410.2;13;0.7989670158788298
34981812654;3293;47;SUPERIOR;DIVORCIADO;SERVIDOR PUBLICO;PROPRIA;NAO;SIM;1;14418.69;11690.1;39;0.15939771318241858
17350713028;3294;42;POS;CASADO;ASSALARIADO;PROPRIA;NAO;NAO;1;16168.08;13574.14;27;0.34175497489794043
92335442011;3295;23;MEDIO;CASADO;ASSALARIADO;FINANCIADA;SIM;NAO;0;1468.34;1131.82;9;0.8624216538546061
65075232498;3296;50;POS;SOLTEIRO;ASSALARIADO;PROPRIA;NAO;NAO;0;46140.15;35181.11;96;0.11698113681617564
88517196321;3297;30;SUPERIOR;SOLTEIRO;EMPRESARIO;FINANCIADA;SIM;NAO;2;10316.36;8413.34;17;0.2320858377781555
98682256853;3298;46;POS;SOLTEIRO;ASSALARIADO;ALUGADA;NAO;SIM;0;38397.45;30173.07;88;0.09037540793170497
93392067184;3299;44;POS;CASADO;ASSALARIADO;CEDIDA;SIM;NAO;2;26632.69;20854.98;60;0.10005699549446971
53470074030;3300;18;MEDIO;SOLTEIRO;ASSALARIADO;FINANCIADA;NAO;NAO;0;3473.12;2765.72;28;0.5242364282328478
81792299872;3301;57;SUPERIOR;CASADO;ASSALARIADO;PROPRIA;NAO;SIM;1;16577.61;12719.95;41;0.18534505708630045
20467464026;3302;25;FUNDAM;SOLTEIRO;ASSALARIADO;PROPRIA;SIM;NAO;2;1412.0;1140.48;4;0.7740651043071436
79721248771;3303;45;SUPERIOR;CASADO;ASSALARIADO;FINANCIADA;SIM;SIM;0;9250.23;7225.26;43;0.32958417244616883
46556156166;3304;42;SUPERIOR;CASADO;ASSALARIADO;PROPRIA;SIM;NAO;0;17811.99;14108.72;29;0.20517078467798822
68493384014;3305;48;SUPERIOR;CASADO;ASSALARIADO;PROPRIA;SIM;NAO;0;17370.56;13682.49;66;0.21437144785324355
50183552418;3306;28;MEDIO;CASADO;AUTONOMO;PROPRIA;SIM;NAO;4;8390.81;6411.64;44;0.18888288310036386
20755155030;3307;54;SUPERIOR;SOLTEIRO;ASSALARIADO;FINANCIADA;NAO;NAO;0;15350.95;12032.29;45;0.24036969816814344
13873183397;3308;33;POS;CASADO;AUTONOMO;PROPRIA;SIM;NAO;0;37155.33;28729.99;87;0.11281724599201652
29275525592;3309;36;SUPERIOR;SOLTEIRO;SERVIDOR PUBLICO;PROPRIA;NAO;SIM;0;16331.92;13093.42;50;0.20558598678538142
18677371232;3310;48;POS;SOLTEIRO;EMPRESARIO;PROPRIA;NAO;NAO;0;13630.93;11168.71;45;0.3141429545174859
35184675550;3311;49;FUNDAM;SOLTEIRO;ASSALARIADO;PROPRIA;SIM;NAO;1;2343.94;1894.59;4;0.47956003621565735
19530764676;3312;56;SUPERIOR;SOLTEIRO;APOSENTADO;ALUGADA;NAO;NAO;1;7807.96;6285.72;35;0.34975541720968445
93075998775;3313;42;MEDIO;CASADO;SERVIDOR PUBLICO;PROPRIA;NAO;NAO;0;3386.73;2743.79;27;0.2542448002996365
17623317797;3314;51;POS;SOLTEIRO;EMPRESARIO;ALUGADA;SIM;NAO;1;37192.08;28818.55;83;0.14778070495730608
95866169873;3315;67;MEDIO;CASADO;ASSALARIADO;PROPRIA;NAO;NAO;0;4632.68;3656.85;37;0.1744351961625872
64870134454;3316;41;SUPERIOR;CASADO;EMPRESARIO;PROPRIA;SIM;NAO;0;8436.35;6498.64;49;0.33915714374879263
38617183368;3317;30;SUPERIOR;SOLTEIRO;ASSALARIADO;PROPRIA;SIM;NAO;0;10135.69;8405.91;24;0.282430420905787
88347428040;3318;42;SUPERIOR;SOLTEIRO;ASSALARIADO;PROPRIA;SIM;SIM;2;23755.97;18970.39;77;0.13838663174132365
77452034871;3319;25;MEDIO;SOLTEIRO;SERVIDOR PUBLICO;ALUGADA;SIM;NAO;0;3460.42;2892.85;17;0.6378824637303212
26660931674;3320;33;MEDIO;CASADO;AUTONOMO;PROPRIA;SIM;SIM;2;3655.26;2792.11;27;0.43778035149345496
54634676883;3321;44;SUPERIOR;SOLTEIRO;ASSALARIADO;PROPRIA;SIM;NAO;3;7201.8;5813.55;41;0.3313901367234888
10745944939;3322;39;POS;DIVORCIADO;APOSENTADO;ALUGADA;NAO;NAO;2;38370.61;30762.81;64;0.12320091220748894
52480975464;3323;21;MEDIO;SOLTEIRO;ASSALARIADO;PROPRIA;SIM;SIM;0;3148.46;2560.21;11;0.4742082146463421
82743274829;3324;35;SUPERIOR;CASADO;ASSALARIADO;CEDIDA;SIM;NAO;0;7891.78;6195.95;34;0.26097655981601336
51972711227;3325;35;MEDIO;CASADO;ASSALARIADO;ALUGADA;NAO;NAO;0;4329.38;3447.11;25;0.4319120718270536
10752585217;3326;30;FUNDAM;CASADO;SERVIDOR PUBLICO;ALUGADA;NAO;SIM;1;2124.98;1779.07;19;0.5606685868179675
15941372633;3327;26;MEDIO;SOLTEIRO;SERVIDOR PUBLICO;PROPRIA;NAO;NAO;0;3778.16;3140.78;22;0.37805906181712357
65520354660;3328;34;FUNDAM;CASADO;ASSALARIADO;PROPRIA;NAO;NAO;2;4942.93;4018.45;49;0.4312503716160239
31132660917;3329;49;MEDIO;DIVORCIADO;APOSENTADO;PROPRIA;SIM;SIM;0;11603.71;9535.0;83;0.13867538640061572
57152385042;3330;27;MEDIO;SOLTEIRO;ASSALARIADO;PROPRIA;NAO;NAO;1;6615.06;5358.34;49;0.4288740825166784
17750438864;3331;45;MEDIO;CASADO;SERVIDOR PUBLICO;PROPRIA;NAO;NAO;0;7335.96;5836.73;31;0.35261388076983124
93241242523;3332;42;MEDIO;DIVORCIADO;SERVIDOR PUBLICO;PROPRIA;SIM;NAO;0;4642.48;3727.57;2;0.4813396861812243
31963673948;3333;41;SUPERIOR;SOLTEIRO;ASSALARIADO;ALUGADA;SIM;SIM;1;25862.42;20784.95;70;0.1504379358167708
37878297065;3334;21;MEDIO;CASADO;ASSALARIADO;PROPRIA;NAO;SIM;1;6651.92;5100.46;79;0.22579251551576204
24425815137;3335;32;FUNDAM;SOLTEIRO;ASSALARIADO;FINANCIADA;SIM;SIM;3;1631.25;1247.13;10;0.7012438928225526
23447611789;3336;25;MEDIO;CASADO;EMPRESARIO;FINANCIADA;SIM;NAO;1;4666.25;3840.17;24;0.49549048863463474
23350373696;3337;39;FUNDAM;SOLTEIRO;ASSALARIADO;ALUGADA;SIM;SIM;0;1412.0;1163.05;12;0.7523284304535679
61325297815;3338;42;SUPERIOR;CASADO;ASSALARIADO;CEDIDA;SIM;NAO;2;5459.11;4168.57;17;0.5586600564209004
52684325618;3339;18;MEDIO;SOLTEIRO;ASSALARIADO;FINANCIADA;SIM;SIM;2;4995.29;4143.24;24;0.42195575316031253
24188278589;3340;36;SUPERIOR;CASADO;ASSALARIADO;PROPRIA;SIM;NAO;1;9327.81;7698.86;41;0.2964718324976666
97998240073;3341;29;FUNDAM;CASADO;ASSALARIADO;CEDIDA;NAO;SIM;2;1637.64;1305.07;9;0.7039139588541528
39962044777;3342;30;MEDIO;SOLTEIRO;EMPRESARIO;ALUGADA;NAO;SIM;2;7900.16;6270.31;44;0.23117013010441176
58775147895;3343;47;MEDIO;CASADO;ASSALARIADO;PROPRIA;SIM;SIM;3;3578.28;2874.11;24;0.41388226928048655
99677947913;3344;29;SUPERIOR;CASADO;ASSALARIADO;PROPRIA;SIM;SIM;1;24175.26;18921.37;74;0.07083996823896509
39777282311;3345;31;MEDIO;CASADO;AUTONOMO;FINANCIADA;SIM;SIM;3;4379.12;3461.87;14;0.3590850425320695
68349792836;3346;31;FUNDAM;DIVORCIADO;APOSENTADO;FINANCIADA;NAO;NAO;2;2858.71;2270.51;13;0.503660297238449
17643279338;3347;62;MEDIO;SOLTEIRO;ASSALARIADO;PROPRIA;NAO;SIM;0;9409.32;7779.08;57;0.15690399490893778
87531555275;3348;42;MEDIO;CASADO;AUTONOMO;PROPRIA;NAO;NAO;2;10010.09;8234.74;46;0.07213458537359042
56871381185;3349;34;MEDIO;VIUVO;SERVIDOR PUBLICO;ALUGADA;NAO;NAO;1;9196.58;7636.43;55;0.2121138150898198
55778981050;3350;53;POS;CASADO;ASSALARIADO;PROPRIA;SIM;NAO;3;24208.6;20134.0;44;0.20733862242686973
74989372735;3351;28;SUPERIOR;CASADO;ASSALARIADO;FINANCIADA;SIM;NAO;0;16656.17;13919.45;35;0.1780471612222324
55395361121;3352;33;SUPERIOR;SOLTEIRO;APOSENTADO;ALUGADA;SIM;NAO;0;16208.31;12883.78;41;0.06832401639541093
54155488091;3353;32;FUNDAM;CASADO;AUTONOMO;ALUGADA;SIM;NAO;2;1589.81;1322.58;11;0.5611514092986759
80813088424;3354;42;MEDIO;CASADO;AUTONOMO;PROPRIA;NAO;NAO;2;5207.13;4186.42;25;0.32276914523444417
63380837142;3355;32;MEDIO;CASADO;ASSALARIADO;PROPRIA;NAO;NAO;3;9167.62;7072.62;39;0.2349865034829258
39648796484;3356;58;SUPERIOR;CASADO;EMPRESARIO;ALUGADA;SIM;NAO;1;31229.51;25030.55;104;0.12500027508185474
93652421433;3357;33;MEDIO;SOLTEIRO;AUTONOMO;PROPRIA;NAO;NAO;0;3249.49;2610.25;28;0.4081739110032814
65585316721;3358;64;SUPERIOR;VIUVO;APOSENTADO;PROPRIA;SIM;SIM;3;13452.83;11149.6;41;0.1720208765221417
28235995612;3359;37;POS;SOLTEIRO;AUTONOMO;PROPRIA;SIM;NAO;1;9487.65;7901.57;30;0.5089287300222499
15821336455;3360;38;SUPERIOR;CASADO;APOSENTADO;PROPRIA;NAO;SIM;0;10324.55;8387.94;26;0.32930696044431873
88023272262;3361;48;MEDIO;CASADO;ASSALARIADO;PROPRIA;NAO;NAO;0;3324.1;2619.21;18;0.4171177720316928
22316048885;3362;42;MEDIO;SOLTEIRO;ASSALARIADO;PROPRIA;SIM;SIM;3;9869.97;8152.44;52;0.04624041476655519
55748451837;3363;30;MEDIO;SOLTEIRO;ASSALARIADO;PROPRIA;SIM;NAO;1;3371.7;2764.35;6;0.5255966762975486
91854989078;3364;31;SUPERIOR;SOLTEIRO;SERVIDOR PUBLICO;FINANCIADA;NAO;NAO;0;18005.56;14361.83;52;0.1999528622902011
26043442033;3365;30;FUNDAM;SOLTEIRO;AUTONOMO;PROPRIA;SIM;SIM;0;2090.18;1613.84;14;0.6602518703029244
62080251870;3366;50;MEDIO;CASADO;AUTONOMO;PROPRIA;SIM;NAO;0;6809.25;5530.09;54;0.28729150536930737
75542793932;3367;26;SUPERIOR;CASADO;EMPRESARIO;PROPRIA;NAO;NAO;1;17054.45;13681.5;51;0.13117952517929451
54559452768;3368;40;SUPERIOR;SOLTEIRO;ASSALARIADO;FINANCIADA;SIM;SIM;2;17129.02;14105.59;45;0.22501766006369933
82070283272;3369;33;POS;DIVORCIADO;SERVIDOR PUBLICO;FINANCIADA;SIM;NAO;2;25282.25;20877.25;75;0.1093145571342934
36669829590;3370;41;MEDIO;CASADO;ASSALARIADO;PROPRIA;SIM;NAO;0;3892.2;2985.63;20;0.5000411709607241
94261959858;3371;52;SUPERIOR;CASADO;AUTONOMO;CEDIDA;NAO;NAO;2;16876.1;13023.19;54;0.10042640243733605
61921413341;3372;42;MEDIO;CASADO;SERVIDOR PUBLICO;PROPRIA;SIM;NAO;2;5370.31;4257.25;35;0.32151781000265517
94419918186;3373;23;MEDIO;DIVORCIADO;ASSALARIADO;PROPRIA;SIM;SIM;0;9921.17;7867.7;46;0.19389152190433045
70548280472;3374;22;FUNDAM;DIVORCIADO;SERVIDOR PUBLICO;PROPRIA;NAO;SIM;1;3487.13;2880.49;37;0.38197007692649465
66471016639;3375;23;FUNDAM;CASADO;EMPRESARIO;PROPRIA;SIM;NAO;3;2436.93;1940.54;21;0.34113734960358033
67097950842;3376;22;MEDIO;CASADO;SERVIDOR PUBLICO;PROPRIA;SIM;SIM;2;4440.83;3659.09;16;0.4974978008113917
62766035838;3377;26;FUNDAM;CASADO;ASSALARIADO;PROPRIA;SIM;NAO;0;1997.0;1584.7;22;0.4704806500810914
36933433678;3378;47;POS;VIUVO;ASSALARIADO;PROPRIA;SIM;SIM;1;23537.89;18683.08;6;0.16431781729037667
92847212830;3379;50;MEDIO;CASADO;EMPRESARIO;ALUGADA;NAO;NAO;2;15026.26;11651.55;80;0.09032274265175272
50734038366;3380;22;MEDIO;SOLTEIRO;ASSALARIADO;PROPRIA;NAO;NAO;0;4547.26;3555.09;14;0.39818031197026543
47879656431;3381;37;SUPERIOR;SOLTEIRO;ASSALARIADO;ALUGADA;NAO;SIM;2;18384.66;15022.4;39;0.14428895615721687
89197137337;3382;49;SUPERIOR;SOLTEIRO;AUTONOMO;PROPRIA;SIM;NAO;4;12392.5;10369.72;81;0.1684517182357289
41268586835;3383;45;SUPERIOR;SOLTEIRO;ASSALARIADO;ALUGADA;NAO;NAO;0;24241.31;19200.19;80;0.07220024620503251
59795764464;3384;40;SUPERIOR;VIUVO;EMPRESARIO;PROPRIA;SIM;NAO;0;16015.84;12520.51;67;0.2093244443472253
42811721978;3385;55;POS;CASADO;ASSALARIADO;PROPRIA;NAO;SIM;1;42732.67;35265.57;70;0.09327916924008642
95387749785;3386;18;FUNDAM;CASADO;SERVIDOR PUBLICO;PROPRIA;SIM;NAO;0;2665.08;2035.75;12;0.499925798151435
45139426360;3387;55;MEDIO;SOLTEIRO;ASSALARIADO;FINANCIADA;NAO;NAO;2;8045.45;6289.71;70;0.1563269897873708
97875441442;3388;41;SUPERIOR;CASADO;ASSALARIADO;PROPRIA;SIM;NAO;4;9528.82;7574.12;17;0.36313873758894955
56393540612;3389;51;SUPERIOR;CASADO;ASSALARIADO;PROPRIA;NAO;NAO;1;26500.22;20281.4;97;0.07101406939742232
18973120043;3390;24;SUPERIOR;SOLTEIRO;ASSALARIADO;PROPRIA;SIM;SIM;1;10297.5;8592.15;11;0.32489290344710975
90987671923;3391;49;MEDIO;CASADO;SERVIDOR PUBLICO;PROPRIA;SIM;NAO;0;7489.34;6225.24;59;0.312690152978791
45259520114;3392;31;SUPERIOR;SOLTEIRO;APOSENTADO;PROPRIA;NAO;SIM;0;4691.09;3690.0;12;0.5969984660207489
34246644742;3393;21;MEDIO;CASADO;ASSALARIADO;PROPRIA;SIM;NAO;3;2618.67;2034.81;5;0.6744976548907112
18018487449;3394;38;SUPERIOR;CASADO;ASSALARIADO;PROPRIA;SIM;NAO;1;18723.88;15003.36;50;0.19242200866066175
26281061969;3395;20;FUNDAM;DIVORCIADO;SERVIDOR PUBLICO;FINANCIADA;SIM;NAO;2;2418.4;1998.97;12;0.4784962971048304
65357821914;3396;18;FUNDAM;CASADO;ASSALARIADO;ALUGADA;SIM;SIM;0;1412.0;1084.2;6;0.958268497230105
10431534595;3397;19;MEDIO;DIVORCIADO;ASSALARIADO;PROPRIA;SIM;NAO;2;1612.71;1263.88;42;0.4777371235680552
73781682574;3398;18;FUNDAM;DIVORCIADO;AUTONOMO;FINANCIADA;SIM;NAO;2;1412.0;1114.11;10;0.5396069132268122
94818248566;3399;38;MEDIO;DIVORCIADO;AUTONOMO;PROPRIA;NAO;NAO;2;9687.61;7515.41;49;0.1925252378472318
27779175039;3400;38;MEDIO;CASADO;ASSALARIADO;FINANCIADA;SIM;SIM;0;5951.95;4641.98;38;0.4959834586419858
78582647724;3401;49;SUPERIOR;CASADO;SERVIDOR PUBLICO;ALUGADA;SIM;NAO;2;30442.14;24754.86;87;0.0585976390062138
15995449515;3402;55;SUPERIOR;CASADO;APOSENTADO;PROPRIA;SIM;NAO;0;20201.32;16722.08;103;0.08747274018903954
83310426544;3403;18;FUNDAM;CASADO;AUTONOMO;PROPRIA;SIM;NAO;0;1412.0;1082.58;3;0.8215366383660817
53816323323;3404;50;POS;CASADO;SERVIDOR PUBLICO;PROPRIA;SIM;SIM;2;24739.06;19021.58;33;0.14771945765940514
66327737218;3405;45;POS;CASADO;ASSALARIADO;FINANCIADA;SIM;NAO;0;10074.37;7913.98;14;0.44093607841471427
77964717358;3406;36;MEDIO;CASADO;ASSALARIADO;ALUGADA;SIM;NAO;0;4083.18;3374.92;22;0.4474860013377006
53529630840;3407;36;FUNDAM;CASADO;AUTONOMO;PROPRIA;SIM;SIM;3;2159.87;1770.74;1;0.830087295301853
28468957088;3408;18;MEDIO;SOLTEIRO;AUTONOMO;FINANCIADA;NAO;SIM;1;1412.0;1183.7;9;0.7944267968288631
53068770869;3409;45;POS;CASADO;EMPRESARIO;PROPRIA;SIM;NAO;1;21328.94;16695.65;36;0.12623702693759664
86098984331;3410;58;POS;SOLTEIRO;ASSALARIADO;ALUGADA;NAO;NAO;3;39768.32;32506.02;26;0.11180959229920917
38551526593;3411;59;SUPERIOR;CASADO;ASSALARIADO;PROPRIA;SIM;SIM;0;17216.42;14271.6;63;0.23851213339816074
22998832273;3412;52;SUPERIOR;SOLTEIRO;ASSALARIADO;PROPRIA;NAO;NAO;1;25019.33;20439.42;95;0.1157610400302272
78979451112;3413;47;MEDIO;CASADO;AUTONOMO;PROPRIA;SIM;NAO;0;13799.39;11145.4;101;0.0588424186861374
54224719871;3414;41;MEDIO;VIUVO;EMPRESARIO;PROPRIA;NAO;SIM;2;9305.59;7101.92;59;0.25465947466215727
54663055854;3415;30;SUPERIOR;CASADO;EMPRESARIO;PROPRIA;NAO;NAO;1;6188.11;5180.75;26;0.4767239749251266
16959454587;3416;37;MEDIO;SOLTEIRO;ASSALARIADO;PROPRIA;SIM;NAO;3;4763.84;3853.54;28;0.3061868618299688
11329253790;3417;45;POS;SOLTEIRO;AUTONOMO;PROPRIA;NAO;NAO;0;24866.73;20394.43;62;0.05273492537501004
28785794540;3418;38;POS;CASADO;EMPRESARIO;PROPRIA;SIM;NAO;1;15405.35;12854.94;31;0.4092118454553273
65630184178;3419;39;SUPERIOR;CASADO;SERVIDOR PUBLICO;PROPRIA;SIM;NAO;0;22244.27;16945.66;69;0.24348978475237512
69111956459;3420;48;MEDIO;CASADO;ASSALARIADO;PROPRIA;NAO;NAO;2;13593.58;10780.0;121;0.07461199578368241
87671330088;3421;25;SUPERIOR;CASADO;SERVIDOR PUBLICO;FINANCIADA;NAO;NAO;0;5953.96;4820.13;10;0.5387916363069136
27940117782;3422;45;MEDIO;SOLTEIRO;AUTONOMO;ALUGADA;SIM;NAO;0;4449.42;3594.64;8;0.3747682042623929
74851615640;3423;26;MEDIO;DIVORCIADO;ASSALARIADO;ALUGADA;NAO;NAO;1;3800.92;3133.71;20;0.6524583315812282
86239482162;3424;36;SUPERIOR;CASADO;APOSENTADO;PROPRIA;NAO;NAO;0;31252.43;25719.75;97;0.03256571532168609
45246843767;3425;22;POS;CASADO;APOSENTADO;PROPRIA;SIM;NAO;1;9097.04;7008.06;10;0.4011972095663716
43157293136;3426;44;SUPERIOR;DIVORCIADO;ASSALARIADO;PROPRIA;NAO;NAO;0;9702.79;7741.86;35;0.2614290186990447
71634487658;3427;24;POS;CASADO;EMPRESARIO;PROPRIA;SIM;NAO;2;13199.2;10543.63;24;0.25595111094114037
29130467431;3428;39;MEDIO;SOLTEIRO;AUTONOMO;PROPRIA;SIM;NAO;0;4423.09;3529.76;2;0.3463241606962778
10177897988;3429;38;MEDIO;DIVORCIADO;SERVIDOR PUBLICO;FINANCIADA;NAO;NAO;0;2064.84;1604.3;12;0.7271574345562836
76241788056;3430;37;SUPERIOR;DIVORCIADO;ASSALARIADO;PROPRIA;SIM;NAO;0;8962.79;7004.89;32;0.5072726620756038
24762479436;3431;52;MEDIO;CASADO;ASSALARIADO;CEDIDA;SIM;NAO;2;7139.85;5837.55;38;0.3995348664344497
20551495731;3432;23;MEDIO;DIVORCIADO;APOSENTADO;PROPRIA;SIM;NAO;3;1412.0;1145.52;1;0.8404496658620954
13141912171;3433;18;FUNDAM;DIVORCIADO;SERVIDOR PUBLICO;FINANCIADA;SIM;NAO;0;1856.89;1536.05;16;0.4841197785371155
58914610077;3434;34;SUPERIOR;SOLTEIRO;ASSALARIADO;ALUGADA;NAO;NAO;1;10695.83;8667.66;30;0.2515788081317376
56327044247;3435;38;POS;CASADO;SERVIDOR PUBLICO;ALUGADA;SIM;SIM;0;8469.7;6824.14;10;0.5951199822098274
52458349712;3436;54;POS;CASADO;ASSALARIADO;ALUGADA;NAO;NAO;0;26968.87;20619.66;38;0.2950949681814046
93239988317;3437;43;SUPERIOR;SOLTEIRO;ASSALARIADO;ALUGADA;NAO;NAO;0;16449.32;12908.84;81;0.2709016819819936
54818441711;3438;41;FUNDAM;CASADO;ASSALARIADO;PROPRIA;NAO;NAO;4;3657.25;2781.75;36;0.44268464797810597
17581718565;3439;41;MEDIO;SOLTEIRO;SERVIDOR PUBLICO;PROPRIA;SIM;NAO;0;1667.83;1330.06;6;0.8021835941012606
31128860716;3440;32;FUNDAM;SOLTEIRO;ASSALARIADO;PROPRIA;SIM;NAO;2;1412.0;1172.89;15;0.67768698123544
44090141531;3441;24;POS;CASADO;ASSALARIADO;ALUGADA;NAO;NAO;3;25939.21;20461.21;31;0.12163985034207214
50499560822;3442;23;MEDIO;CASADO;APOSENTADO;PROPRIA;SIM;NAO;3;4567.41;3575.21;25;0.35287476657386563
33680957253;3443;42;SUPERIOR;SOLTEIRO;ASSALARIADO;PROPRIA;NAO;NAO;3;15758.9;12733.03;28;0.16536185841235929
38045115438;3444;24;FUNDAM;SOLTEIRO;ASSALARIADO;PROPRIA;SIM;NAO;0;1412.0;1082.65;7;0.8428285798302781
85190294389;3445;36;FUNDAM;CASADO;ASSALARIADO;PROPRIA;SIM;NAO;0;1412.0;1110.87;2;0.7732945254322438
42881660885;3446;52;MEDIO;SOLTEIRO;APOSENTADO;ALUGADA;SIM;NAO;2;8678.12;6639.33;8;0.4026748467362861
44560249877;3447;26;MEDIO;CASADO;ASSALARIADO;PROPRIA;SIM;SIM;0;4356.78;3517.03;16;0.5363114851849847
91681314347;3448;34;MEDIO;DIVORCIADO;ASSALARIADO;PROPRIA;SIM;SIM;1;4250.23;3343.85;21;0.4587184695092248
21136741595;3449;35;SUPERIOR;DIVORCIADO;SERVIDOR PUBLICO;FINANCIADA;NAO;NAO;1;8409.94;6866.95;36;0.3276983863221302
80360644924;3450;68;SUPERIOR;CASADO;SERVIDOR PUBLICO;PROPRIA;SIM;NAO;0;25224.88;20139.8;80;0.11783600528800738
90368085277;3451;21;SUPERIOR;CASADO;SERVIDOR PUBLICO;ALUGADA;SIM;NAO;0;9294.61;7293.38;34;0.3946667407157261
18927037487;3452;39;POS;SOLTEIRO;AUTONOMO;ALUGADA;NAO;NAO;0;13703.44;11088.18;34;0.3305341876517557
44621926535;3453;29;MEDIO;CASADO;ASSALARIADO;ALUGADA;NAO;NAO;0;6417.67;5113.27;19;0.08053212722032294
71731446158;3454;35;POS;CASADO;ASSALARIADO;PROPRIA;NAO;NAO;1;26249.39;21840.28;60;0.1907503629797308
41693360186;3455;39;MEDIO;CASADO;SERVIDOR PUBLICO;CEDIDA;SIM;NAO;0;3038.52;2463.36;12;0.5627926826138576
75184045945;3456;35;SUPERIOR;CASADO;ASSALARIADO;ALUGADA;SIM;NAO;0;28920.68;21994.98;76;0.07670880672740943
93590876784;3457;31;SUPERIOR;DIVORCIADO;SERVIDOR PUBLICO;PROPRIA;SIM;NAO;1;8936.46;6974.52;33;0.3453090648715077
53984684138;3458;36;MEDIO;CASADO;ASSALARIADO;FINANCIADA;NAO;NAO;2;3379.89;2644.47;8;0.4783895651360939
11444024125;3459;44;MEDIO;SOLTEIRO;ASSALARIADO;PROPRIA;SIM;NAO;1;4124.22;3252.24;25;0.4119896062471317
57438381745;3460;51;MEDIO;CASADO;ASSALARIADO;PROPRIA;SIM;NAO;0;5361.9;4255.13;27;0.2483086324241134
49378628118;3461;58;POS;SOLTEIRO;ASSALARIADO;CEDIDA;NAO;NAO;1;24781.62;20121.3;75;0.30679262814214603
31988148173;3462;54;SUPERIOR;CASADO;ASSALARIADO;ALUGADA;SIM;NAO;0;30411.36;24478.77;82;0.08808133154136548
18215668865;3463;28;MEDIO;CASADO;ASSALARIADO;ALUGADA;SIM;NAO;1;9615.54;7370.83;49;0.3069893066264126
27896890661;3464;51;MEDIO;CASADO;AUTONOMO;ALUGADA;SIM;NAO;0;5785.36;4520.39;3;0.4096049970168997
41841642280;3465;47;SUPERIOR;SOLTEIRO;ASSALARIADO;CEDIDA;NAO;SIM;2;22674.54;18430.01;69;0.1412735097990321
12711334546;3466;55;FUNDAM;VIUVO;ASSALARIADO;PROPRIA;SIM;NAO;1;3222.99;2530.51;7;0.5454277358959239
72379163310;3467;47;POS;DIVORCIADO;EMPRESARIO;PROPRIA;NAO;SIM;1;15217.87;11965.09;62;0.3341539662655655
85081532163;3468;42;FUNDAM;CASADO;ASSALARIADO;PROPRIA;NAO;SIM;2;4621.36;3589.16;24;0.20576962507552463
78521157489;3469;33;MEDIO;SOLTEIRO;ASSALARIADO;ALUGADA;SIM;NAO;1;2855.25;2257.18;19;0.4129950286641926
18485916775;3470;38;POS;SOLTEIRO;EMPRESARIO;ALUGADA;SIM;NAO;2;41067.03;34163.68;127;0.08660989161368306
74620017075;3471;45;SUPERIOR;CASADO;SERVIDOR PUBLICO;PROPRIA;SIM;NAO;2;24359.36;19636.22;99;0.17937019597568876
30399623010;3472;46;SUPERIOR;CASADO;APOSENTADO;CEDIDA;SIM;NAO;2;5968.75;4746.29;22;0.2567379193206034
13488359817;3473;37;MEDIO;CASADO;AUTONOMO;PROPRIA;SIM;SIM;1;6208.55;4832.47;14;0.22983610297209917
76036041140;3474;30;MEDIO;DIVORCIADO;SERVIDOR PUBLICO;CEDIDA;SIM;NAO;0;1412.0;1142.08;25;0.40912773530396374
86218935696;3475;25;MEDIO;CASADO;SERVIDOR PUBLICO;PROPRIA;SIM;NAO;0;3978.85;3118.22;20;0.3408093745176076
49664355293;3476;41;MEDIO;SOLTEIRO;ASSALARIADO;FINANCIADA;SIM;NAO;0;2679.88;2041.82;28;0.4791967508588068
40619149067;3477;29;MEDIO;CASADO;APOSENTADO;ALUGADA;NAO;NAO;3;1465.08;1141.48;7;0.71453573282528
56038759327;3478;35;MEDIO;SOLTEIRO;ASSALARIADO;PROPRIA;SIM;NAO;0;4271.75;3479.28;53;0.3053340154570269
27397661993;3479;51;MEDIO;CASADO;ASSALARIADO;FINANCIADA;NAO;NAO;0;5801.67;4849.96;30;0.3812833275933387
38162991311;3480;45;MEDIO;CASADO;ASSALARIADO;ALUGADA;NAO;NAO;0;8028.53;6510.97;71;0.1862576841078717
53058966067;3481;26;SUPERIOR;CASADO;AUTONOMO;PROPRIA;SIM;NAO;1;24224.71;19035.58;75;0.01663394233077231
44384687531;3482;54;MEDIO;CASADO;ASSALARIADO;ALUGADA;SIM;NAO;4;6062.69;5018.62;1;0.2480780606628084
70957919834;3483;51;MEDIO;SOLTEIRO;ASSALARIADO;PROPRIA;SIM;NAO;2;8933.53;6881.72;73;0.2023108607638575
81068952738;3484;18;SUPERIOR;CASADO;SERVIDOR PUBLICO;PROPRIA;NAO;NAO;1;4048.73;3162.96;7;0.6245640260713268
61848382234;3485;29;MEDIO;SOLTEIRO;ASSALARIADO;ALUGADA;SIM;NAO;2;4817.37;3798.03;36;0.3236987116595708
61948638681;3486;55;POS;CASADO;ASSALARIADO;PROPRIA;SIM;NAO;1;16094.02;12382.68;26;0.41175664578015836
16789923423;3487;24;SUPERIOR;SOLTEIRO;ASSALARIADO;PROPRIA;SIM;SIM;2;18777.07;14467.52;30;0.18930023130077298
51729662346;3488;49;POS;CASADO;EMPRESARIO;PROPRIA;SIM;NAO;1;42275.05;35024.46;70;0.14097936883109896
38218447686;3489;42;SUPERIOR;CASADO;SERVIDOR PUBLICO;PROPRIA;SIM;SIM;2;30440.46;23349.53;105;0.06547765833864286
70064590973;3490;57;SUPERIOR;CASADO;ASSALARIADO;PROPRIA;SIM;NAO;0;17486.7;13767.38;69;0.21369133683212663
84765911630;3491;29;MEDIO;SOLTEIRO;AUTONOMO;PROPRIA;SIM;NAO;0;16893.5;12978.35;99;0.1402386254819044
37063719821;3492;37;MEDIO;CASADO;ASSALARIADO;ALUGADA;SIM;NAO;0;5234.84;4071.58;21;0.23892110592261265
60712132794;3493;33;MEDIO;SOLTEIRO;AUTONOMO;ALUGADA;SIM;SIM;0;3028.81;2327.81;3;0.5155670946106321
45217349072;3494;22;MEDIO;CASADO;SERVIDOR PUBLICO;ALUGADA;SIM;SIM;0;2088.45;1713.85;4;0.6662393171923308
63956590798;3495;32;MEDIO;CASADO;SERVIDOR PUBLICO;PROPRIA;SIM;NAO;1;6921.55;5724.88;40;0.35597529897385166
40598146489;3496;62;SUPERIOR;CASADO;ASSALARIADO;ALUGADA;SIM;SIM;3;18064.79;14958.45;55;0.2683315463868569
36589258710;3497;30;MEDIO;CASADO;ASSALARIADO;PROPRIA;SIM;NAO;1;2956.65;2414.66;9;0.6222171686200165
17231190591;3498;37;MEDIO;CASADO;ASSALARIADO;PROPRIA;NAO;NAO;1;2573.81;2122.1;9;0.5891300201639791
83226454221;3499;36;SUPERIOR;DIVORCIADO;APOSENTADO;PROPRIA;SIM;NAO;1;14729.81;12142.48;32;0.17655720657868226
70762366748;3500;40;FUNDAM;CASADO;ASSALARIADO;PROPRIA;SIM;NAO;0;3135.2;2521.9;14;0.5632809319683735
30353941141;3501;43;SUPERIOR;CASADO;ASSALARIADO;PROPRIA;SIM;NAO;0;15398.48;12705.58;47;0.1275344581983653
64477028911;3502;40;SUPERIOR;CASADO;ASSALARIADO;ALUGADA;NAO;NAO;1;7192.14;5725.1;2;0.629825127582377
15169274061;3503;18;MEDIO;DIVORCIADO;AUTONOMO;PROPRIA;SIM;NAO;3;1609.63;1345.43;1;0.6803933082351992
45047919284;3504;35;MEDIO;CASADO;APOSENTADO;ALUGADA;NAO;NAO;1;12830.08;10062.92;86;0.11203644917793668
59223196717;3505;27;FUNDAM;SOLTEIRO;ASSALARIADO;PROPRIA;NAO;NAO;0;2716.54;2270.26;14;0.7478963397518211
45576043021;3506;47;MEDIO;CASADO;APOSENTADO;PROPRIA;NAO;NAO;1;5581.46;4366.01;28;0.3087990304414682
31744690183;3507;24;FUNDAM;SOLTEIRO;SERVIDOR PUBLICO;PROPRIA;NAO;NAO;1;1412.0;1143.59;2;0.8790156770707561
60686145886;3508;31;SUPERIOR;CASADO;ASSALARIADO;CEDIDA;NAO;NAO;0;9342.28;7681.76;5;0.38079476099302134
81518067973;3509;26;MEDIO;CASADO;ASSALARIADO;PROPRIA;SIM;NAO;0;3452.61;2797.23;10;0.8845958484762271
71463990893;3510;53;MEDIO;SOLTEIRO;EMPRESARIO;PROPRIA;SIM;NAO;0;9494.41;7875.1;94;0.13703217751334937
55460368356;3511;38;POS;DIVORCIADO;ASSALARIADO;ALUGADA;SIM;NAO;1;24423.32;19785.87;38;0.20179989510208984
88296230330;3512;61;SUPERIOR;CASADO;SERVIDOR PUBLICO;FINANCIADA;NAO;NAO;4;32789.87;25545.46;82;0.07473800122430682
14756377841;3513;18;FUNDAM;CASADO;EMPRESARIO;ALUGADA;SIM;NAO;1;1412.0;1115.68;2;0.98
10544345127;3514;31;MEDIO;CASADO;ASSALARIADO;ALUGADA;SIM;NAO;0;3363.8;2721.8;19;0.5164066949468644
28397555718;3515;29;MEDIO;CASADO;ASSALARIADO;ALUGADA;SIM;NAO;1;2570.1;1995.04;4;0.627166251524236
34212671217;3516;19;MEDIO;CASADO;APOSENTADO;PROPRIA;SIM;NAO;1;2812.97;2352.44;19;0.5001166782482307
28067784513;3517;43;SUPERIOR;CASADO;AUTONOMO;PROPRIA;SIM;NAO;1;26139.91;21620.99;132;0.13467903314464671
55788112450;3518;50;SUPERIOR;SOLTEIRO;AUTONOMO;FINANCIADA;SIM;SIM;0;16467.68;13078.27;56;0.2513633701913203
56130181115;3519;34;MEDIO;SOLTEIRO;SERVIDOR PUBLICO;FINANCIADA;NAO;NAO;0;10548.56;8739.41;87;0.16834544493413325
87227613692;3520;39;POS;DIVORCIADO;APOSENTADO;PROPRIA;SIM;NAO;2;24221.37;20101.32;47;0.1027730048795231
92027631119;3521;42;SUPERIOR;CASADO;ASSALARIADO;PROPRIA;NAO;SIM;3;16222.79;13575.85;28;0.12610135204507933
30987869020;3522;43;MEDIO;CASADO;AUTONOMO;PROPRIA;SIM;NAO;1;6091.38;4823.38;55;0.22897160493204638
34332058748;3523;43;SUPERIOR;SOLTEIRO;EMPRESARIO;PROPRIA;SIM;NAO;1;12778.24;9891.82;45;0.08855703363390761
48467565817;3524;46;MEDIO;SOLTEIRO;SERVIDOR PUBLICO;PROPRIA;SIM;NAO;4;12773.39;9910.65;104;0.10474545961840642
17522544757;3525;34;SUPERIOR;CASADO;SERVIDOR PUBLICO;PROPRIA;SIM;NAO;0;27770.36;22869.8;56;0.020131672566512757
56657620591;3526;39;MEDIO;SOLTEIRO;ASSALARIADO;PROPRIA;NAO;NAO;2;18303.77;14038.5;115;0.06375718154040397
48132572628;3527;29;MEDIO;SOLTEIRO;SERVIDOR PUBLICO;FINANCIADA;NAO;SIM;1;1412.0;1167.91;7;0.8739411261662182
18732542173;3528;37;FUNDAM;CASADO;APOSENTADO;FINANCIADA;SIM;NAO;0;3290.4;2514.98;16;0.4735237162179917
96393920871;3529;19;FUNDAM;CASADO;ASSALARIADO;PROPRIA;NAO;NAO;0;1412.0;1092.7;8;0.893328956402532
30047489680;3530;56;POS;CASADO;ASSALARIADO;PROPRIA;NAO;NAO;1;25817.21;20823.05;24;0.16773053949551656
48839525912;3531;52;SUPERIOR;CASADO;ASSALARIADO;PROPRIA;SIM;SIM;0;14998.24;11756.35;49;0.11533001375067002
62154526754;3532;24;MEDIO;CASADO;EMPRESARIO;PROPRIA;SIM;NAO;2;4031.02;3371.28;38;0.5411755461250994
69444485055;3533;40;SUPERIOR;VIUVO;ASSALARIADO;PROPRIA;SIM;SIM;3;14866.43;12048.25;19;0.20605274258955608
94127823887;3534;27;MEDIO;CASADO;APOSENTADO;FINANCIADA;SIM;NAO;1;9142.3;7227.06;74;0.22918159001905508
79071856642;3535;37;MEDIO;CASADO;ASSALARIADO;PROPRIA;SIM;SIM;0;8724.98;6893.74;50;0.1727802989862571
22972970491;3536;59;MEDIO;SOLTEIRO;APOSENTADO;PROPRIA;NAO;NAO;2;16546.83;13152.93;99;0.05899527866026389
20910979524;3537;48;SUPERIOR;SOLTEIRO;ASSALARIADO;PROPRIA;NAO;SIM;4;18507.36;15046.45;60;0.07371959469818645
82563856930;3538;35;SUPERIOR;CASADO;ASSALARIADO;PROPRIA;NAO;SIM;0;13169.38;10150.0;60;0.22617035457047102
51480022779;3539;49;FUNDAM;DIVORCIADO;ASSALARIADO;PROPRIA;SIM;NAO;0;4408.95;3500.5;44;0.22857374866532545
36852362668;3540;47;SUPERIOR;CASADO;SERVIDOR PUBLICO;FINANCIADA;SIM;NAO;1;29663.67;22998.36;84;0.062276732364256474
32297952532;3541;48;SUPERIOR;CASADO;SERVIDOR PUBLICO;ALUGADA;NAO;NAO;1;16274.2;13380.51;20;0.16925320365127236
93146519863;3542;26;MEDIO;CASADO;APOSENTADO;PROPRIA;SIM;NAO;1;3352.54;2703.48;28;0.566449483765183
61919676780;3543;32;POS;CASADO;APOSENTADO;PROPRIA;SIM;NAO;0;40272.08;31406.28;80;0.03344615926439076
59049626940;3544;32;SUPERIOR;DIVORCIADO;ASSALARIADO;FINANCIADA;NAO;NAO;1;18012.71;14369.92;56;0.24268449191364416
11290221959;3545;18;FUNDAM;CASADO;SERVIDOR PUBLICO;PROPRIA;SIM;SIM;0;1412.0;1086.54;15;0.734884194171283
42650558118;3546;56;SUPERIOR;CASADO;AUTONOMO;ALUGADA;SIM;NAO;1;28874.11;23726.93;103;0.07471513369349021
58261480330;3547;61;SUPERIOR;CASADO;APOSENTADO;PROPRIA;NAO;NAO;1;29328.45;24135.32;47;0.15376216410124577
99334868845;3548;42;MEDIO;CASADO;ASSALARIADO;FINANCIADA;SIM;NAO;1;5325.24;4235.73;34;0.3298291410505957
36583950110;3549;39;POS;SOLTEIRO;ASSALARIADO;PROPRIA;SIM;SIM;0;24873.31;19991.49;49;0.12079847546434208
64979468752;3550;50;SUPERIOR;SOLTEIRO;ASSALARIADO;PROPRIA;NAO;NAO;0;8867.93;6838.19;56;0.34321756907725653
14215019269;3551;34;MEDIO;CASADO;ASSALARIADO;ALUGADA;NAO;NAO;0;3161.84;2476.08;16;0.477819007501666
92567181514;3552;42;MEDIO;CASADO;ASSALARIADO;ALUGADA;NAO;SIM;2;16727.03;13823.99;84;0.156703577733998
14135754321;3553;40;SUPERIOR;CASADO;ASSALARIADO;FINANCIADA;SIM;NAO;1;8596.94;6540.52;17;0.4331008341199558
49765866544;3554;30;SUPERIOR;CASADO;APOSENTADO;PROPRIA;SIM;NAO;1;10749.37;8933.44;15;0.26617648990818366
65847962812;3555;53;SUPERIOR;DIVORCIADO;ASSALARIADO;FINANCIADA;NAO;NAO;1;24632.9;20450.42;117;0.0710470972879638
17241995170;3556;18;SUPERIOR;SOLTEIRO;ASSALARIADO;PROPRIA;SIM;NAO;1;7920.91;6564.67;60;0.26295406640387753
43110657671;3557;43;POS;CASADO;APOSENTADO;PROPRIA;SIM;NAO;1;27435.79;22008.52;50;0.1833252057165393
73399211711;3558;44;POS;SOLTEIRO;EMPRESARIO;ALUGADA;SIM;SIM;1;15590.65;13000.48;66;0.2888969969519084
78711089328;3559;49;SUPERIOR;CASADO;SERVIDOR PUBLICO;FINANCIADA;NAO;NAO;2;26739.35;21271.3;49;0.14798540357205803
84169595522;3560;39;MEDIO;CASADO;ASSALARIADO;ALUGADA;SIM;NAO;1;8520.8;7141.73;35;0.3229544904527524
61765126474;3561;20;SUPERIOR;CASADO;SERVIDOR PUBLICO;PROPRIA;SIM;NAO;3;18995.17;14972.2;37;0.19486261237956848
40786932950;3562;20;FUNDAM;CASADO;AUTONOMO;PROPRIA;NAO;NAO;3;1964.57;1598.95;12;0.45333132901402684
92912918747;3563;56;SUPERIOR;CASADO;ASSALARIADO;PROPRIA;NAO;NAO;2;30518.58;24752.42;56;0.060058358497991314
83038522518;3564;31;SUPERIOR;VIUVO;EMPRESARIO;PROPRIA;SIM;NAO;0;14412.58;11832.02;49;0.10872696341765116
71237195985;3565;57;MEDIO;CASADO;APOSENTADO;FINANCIADA;SIM;NAO;3;5968.53;4562.56;19;0.35569626715699515
94315010838;3566;34;MEDIO;CASADO;SERVIDOR PUBLICO;PROPRIA;SIM;SIM;0;3179.71;2655.76;24;0.5293434508628354
47079031226;3567;52;POS;CASADO;ASSALARIADO;PROPRIA;SIM;NAO;0;15382.55;12601.94;35;0.28946344698528076
77290118927;3568;27;SUPERIOR;CASADO;ASSALARIADO;PROPRIA;SIM;NAO;0;12011.85;9428.55;38;0.24603172898689135
45371370061;3569;18;FUNDAM;VIUVO;SERVIDOR PUBLICO;ALUGADA;SIM;NAO;1;2361.32;1978.99;18;0.33796480722943534
32573514957;3570;26;FUNDAM;CASADO;APOSENTADO;PROPRIA;NAO;NAO;2;2218.67;1808.19;18;0.7405103901120178
40017880596;3571;33;SUPERIOR;SOLTEIRO;ASSALARIADO;ALUGADA;NAO;NAO;2;13489.67;10717.39;77;0.061572430836960054
65693797028;3572;46;MEDIO;SOLTEIRO;SERVIDOR PUBLICO;PROPRIA;NAO;NAO;1;4696.1;3654.85;73;0.30325259508119096
90173327372;3573;38;FUNDAM;CASADO;APOSENTADO;PROPRIA;SIM;NAO;1;1412.0;1087.44;11;0.8631251809179372
69869074147;3574;37;FUNDAM;SOLTEIRO;SERVIDOR PUBLICO;FINANCIADA;SIM;NAO;2;1412.0;1087.95;4;0.8811345578276566
95693967184;3575;42;MEDIO;VIUVO;EMPRESARIO;ALUGADA;NAO;NAO;0;1702.52;1401.07;18;0.8001520702416685
64015916846;3576;39;MEDIO;CASADO;AUTONOMO;PROPRIA;NAO;NAO;1;10398.57;8411.96;34;0.08458796642025533
69587943594;3577;53;SUPERIOR;DIVORCIADO;AUTONOMO;PROPRIA;NAO;SIM;0;15969.31;12709.73;84;0.17947108869675704
77679766630;3578;44;SUPERIOR;CASADO;AUTONOMO;PROPRIA;SIM;NAO;0;10131.85;7937.74;28;0.1906060478853598
57532598417;3579;35;FUNDAM;CASADO;APOSENTADO;PROPRIA;SIM;NAO;2;1412.0;1090.7;23;0.41868769672253836
46545024876;3580;19;MEDIO;SOLTEIRO;EMPRESARIO;FINANCIADA;SIM;NAO;3;4473.7;3483.6;30;0.26293672286724507
28622444041;3581;36;SUPERIOR;SOLTEIRO;ASSALARIADO;PROPRIA;NAO;NAO;2;9789.8;7902.38;43;0.5390729112065382
79772425322;3582;43;MEDIO;SOLTEIRO;SERVIDOR PUBLICO;FINANCIADA;SIM;NAO;0;3933.43;3154.72;14;0.4243495843651281
88261334042;3583;29;FUNDAM;SOLTEIRO;ASSALARIADO;PROPRIA;NAO;NAO;2;6667.03;5514.85;4;0.1463014451663826
54713067688;3584;30;MEDIO;CASADO;APOSENTADO;PROPRIA;NAO;SIM;1;2513.33;1920.08;9;0.6361775799109268
28171472824;3585;32;SUPERIOR;CASADO;SERVIDOR PUBLICO;PROPRIA;SIM;SIM;1;15982.37;12401.85;47;0.1855576312945481
43927942652;3586;50;MEDIO;CASADO;SERVIDOR PUBLICO;PROPRIA;SIM;NAO;0;8716.52;6741.18;63;0.24799748242092273
87930461615;3587;28;MEDIO;SOLTEIRO;ASSALARIADO;FINANCIADA;SIM;NAO;2;6644.33;5317.63;27;0.10417061962439789
61692952848;3588;34;POS;SOLTEIRO;SERVIDOR PUBLICO;ALUGADA;NAO;NAO;2;8813.33;7275.86;21;0.46076095160179426
97433893715;3589;60;SUPERIOR;CASADO;SERVIDOR PUBLICO;FINANCIADA;SIM;NAO;3;28493.85;21686.69;57;0.1882636186532581
94257462776;3590;47;SUPERIOR;CASADO;ASSALARIADO;PROPRIA;NAO;NAO;1;16636.8;13158.23;49;0.17473324108066365
25938094992;3591;32;FUNDAM;CASADO;ASSALARIADO;FINANCIADA;NAO;SIM;4;1412.0;1075.39;5;0.8804579259811193
97957764655;3592;41;MEDIO;SOLTEIRO;ASSALARIADO;FINANCIADA;SIM;NAO;0;12404.75;9466.6;73;0.08062405144466882
92112656522;3593;51;SUPERIOR;DIVORCIADO;AUTONOMO;PROPRIA;NAO;SIM;0;10882.05;8460.3;16;0.32958356994347515
97598851476;3594;24;POS;CASADO;SERVIDOR PUBLICO;PROPRIA;SIM;NAO;0;14755.25;12037.67;40;0.3033128816853491
13031528946;3595;51;MEDIO;CASADO;ASSALARIADO;ALUGADA;SIM;NAO;0;7668.5;6243.92;22;0.16646510713283114
76145278424;3596;51;SUPERIOR;CASADO;SERVIDOR PUBLICO;PROPRIA;SIM;NAO;4;11434.77;8826.1;4;0.24930827646325932
96916171787;3597;37;FUNDAM;CASADO;EMPRESARIO;CEDIDA;SIM;NAO;0;4077.69;3182.28;63;0.25950647206380467
40322362638;3598;41;MEDIO;CASADO;ASSALARIADO;PROPRIA;SIM;NAO;0;6618.46;5124.87;28;0.44865513447903765
63788974342;3599;25;SUPERIOR;CASADO;ASSALARIADO;PROPRIA;SIM;SIM;0;15692.74;13068.89;55;0.16079538920528208
79616812744;3600;37;MEDIO;CASADO;AUTONOMO;PROPRIA;SIM;SIM;1;5040.51;4034.28;49;0.3097017224869824
52551596055;3601;57;SUPERIOR;SOLTEIRO;ASSALARIADO;PROPRIA;SIM;NAO;0;24066.46;18820.12;86;0.10842755836143801
37919342857;3602;36;MEDIO;CASADO;ASSALARIADO;FINANCIADA;SIM;NAO;1;9213.96;7736.46;48;0.3077826633109766
87824996896;3603;53;SUPERIOR;CASADO;ASSALARIADO;FINANCIADA;NAO;NAO;1;15274.37;12454.75;44;0.15942576565491753
57622045167;3604;47;SUPERIOR;CASADO;EMPRESARIO;FINANCIADA;NAO;NAO;2;16555.93;12727.83;80;0.1136406627251291
20730178215;3605;42;SUPERIOR;CASADO;SERVIDOR PUBLICO;ALUGADA;SIM;SIM;2;13920.62;10611.4;68;0.07835160225116718
82426299894;3606;33;POS;DIVORCIADO;ASSALARIADO;PROPRIA;NAO;NAO;1;24248.18;19687.63;33;0.24478835543295185
82346978243;3607;36;MEDIO;CASADO;ASSALARIADO;PROPRIA;NAO;NAO;0;4025.87;3290.46;16;0.5879236008271945
35827291246;3608;34;SUPERIOR;CASADO;ASSALARIADO;PROPRIA;SIM;NAO;0;14965.77;12315.11;70;0.11389435693678955
92048891784;3609;18;MEDIO;SOLTEIRO;ASSALARIADO;PROPRIA;SIM;NAO;1;2920.05;2311.91;19;0.7769442494144537
21162848717;3610;19;MEDIO;SOLTEIRO;ASSALARIADO;CEDIDA;SIM;NAO;2;1640.58;1358.86;4;0.8363894194634236
14097861031;3611;55;SUPERIOR;CASADO;SERVIDOR PUBLICO;PROPRIA;SIM;SIM;0;11233.95;8778.1;45;0.4597249000741198
70789415715;3612;41;SUPERIOR;SOLTEIRO;EMPRESARIO;ALUGADA;SIM;NAO;1;29043.01;22100.86;72;0.0675724076475972
25867087156;3613;39;SUPERIOR;CASADO;ASSALARIADO;ALUGADA;SIM;NAO;1;16747.23;12985.54;68;0.1628738817997817
20283327069;3614;49;MEDIO;CASADO;ASSALARIADO;PROPRIA;SIM;NAO;0;4496.78;3516.65;18;0.3775004632316032
57234967426;3615;46;MEDIO;CASADO;ASSALARIADO;ALUGADA;SIM;NAO;0;5376.67;4412.73;51;0.17983026366358143
86019414926;3616;63;POS;CASADO;ASSALARIADO;PROPRIA;SIM;NAO;0;39075.18;29873.49;72;0.1118201230955474
21440350573;3617;34;SUPERIOR;CASADO;EMPRESARIO;FINANCIADA;SIM;NAO;2;10226.78;8356.21;26;0.41427648727283384
83451388723;3618;36;MEDIO;SOLTEIRO;AUTONOMO;ALUGADA;NAO;NAO;0;2972.94;2482.93;2;0.7541300791776839
37086439866;3619;30;MEDIO;SOLTEIRO;ASSALARIADO;PROPRIA;SIM;NAO;0;5538.67;4351.74;38;0.3962314104941784
50253639532;3620;53;SUPERIOR;CASADO;APOSENTADO;PROPRIA;SIM;NAO;4;27317.05;22279.93;119;0.0830705562091597
46381712181;3621;53;MEDIO;DIVORCIADO;EMPRESARIO;ALUGADA;SIM;NAO;1;6359.15;4936.26;48;0.369157664799946
64237115333;3622;39;MEDIO;CASADO;SERVIDOR PUBLICO;FINANCIADA;SIM;NAO;2;10257.64;8341.8;65;0.14517678068245368
63242764979;3623;30;MEDIO;CASADO;SERVIDOR PUBLICO;CEDIDA;SIM;NAO;0;6083.84;4976.72;75;0.2877350103928204
24173076987;3624;37;SUPERIOR;SOLTEIRO;ASSALARIADO;ALUGADA;NAO;NAO;1;3731.83;2962.41;8;0.831086198996221
36235947692;3625;38;SUPERIOR;CASADO;AUTONOMO;FINANCIADA;NAO;NAO;0;12470.12;9754.57;47;0.11127101393178794
89250289752;3626;41;MEDIO;SOLTEIRO;ASSALARIADO;ALUGADA;NAO;SIM;0;10668.15;8681.1;55;0.1749430763195194
44962689642;3627;47;SUPERIOR;CASADO;AUTONOMO;PROPRIA;SIM;NAO;3;24256.96;19472.23;84;0.1293153108656252
90690712296;3628;24;MEDIO;CASADO;ASSALARIADO;PROPRIA;NAO;NAO;1;2039.98;1588.26;15;0.35248164932850956
41780320051;3629;18;SUPERIOR;CASADO;ASSALARIADO;ALUGADA;SIM;NAO;0;6785.45;5552.39;27;0.3722056807232356
91944994742;3630;53;FUNDAM;DIVORCIADO;EMPRESARIO;PROPRIA;NAO;NAO;2;7210.47;5882.66;27;0.21566512305826974
44649324772;3631;29;SUPERIOR;SOLTEIRO;ASSALARIADO;PROPRIA;NAO;NAO;1;6879.36;5530.89;37;0.5632996020047056
74356724224;3632;49;SUPERIOR;DIVORCIADO;AUTONOMO;PROPRIA;SIM;SIM;0;27127.8;20814.86;77;0.14744261651608076
93050056758;3633;46;SUPERIOR;SOLTEIRO;ASSALARIADO;PROPRIA;SIM;NAO;1;10004.47;8221.38;20;0.34235680713623995
62860087920;3634;38;MEDIO;SOLTEIRO;ASSALARIADO;PROPRIA;SIM;NAO;0;9135.24;6984.81;43;0.159805067115166
32176522098;3635;34;SUPERIOR;SOLTEIRO;ASSALARIADO;PROPRIA;NAO;NAO;3;25929.84;20399.26;95;0.05765454178349671
52853797274;3636;36;MEDIO;SOLTEIRO;APOSENTADO;PROPRIA;NAO;NAO;1;2942.97;2340.05;55;0.2929906217031682
16263780668;3637;22;MEDIO;CASADO;ASSALARIADO;ALUGADA;SIM;SIM;1;2292.5;1833.68;4;0.7173128906719964
73339821920;3638;31;SUPERIOR;CASADO;AUTONOMO;FINANCIADA;SIM;SIM;0;25141.32;20779.11;83;0.045512240071969724
53089532144;3639;53;MEDIO;SOLTEIRO;SERVIDOR PUBLICO;PROPRIA;SIM;NAO;2;8916.28;6780.22;34;0.24767809309890046
49019663836;3640;28;MEDIO;SOLTEIRO;APOSENTADO;PROPRIA;NAO;SIM;3;4059.1;3155.42;75;0.17258975967756723
97319427414;3641;37;POS;DIVORCIADO;ASSALARIADO;PROPRIA;SIM;NAO;0;25752.5;20319.71;46;0.10678850484527563
32564812078;3642;31;MEDIO;SOLTEIRO;ASSALARIADO;FINANCIADA;SIM;NAO;0;2464.35;1932.51;8;0.8386542124891493
19690941811;3643;18;MEDIO;DIVORCIADO;ASSALARIADO;PROPRIA;NAO;NAO;1;5046.29;4074.85;16;0.44972246911830716
44222727827;3644;26;MEDIO;CASADO;EMPRESARIO;PROPRIA;SIM;NAO;2;4628.22;3613.0;25;0.28752914831144283
51849370841;3645;19;MEDIO;CASADO;ASSALARIADO;ALUGADA;SIM;NAO;3;3087.69;2497.39;10;0.3684167823872111
33313657074;3646;55;SUPERIOR;CASADO;ASSALARIADO;ALUGADA;SIM;NAO;2;30074.29;25222.07;73;0.15891915981709326
62846564736;3647;46;MEDIO;VIUVO;ASSALARIADO;PROPRIA;SIM;NAO;1;4663.42;3769.03;71;0.3695300387317761
14726652171;3648;52;MEDIO;SOLTEIRO;APOSENTADO;ALUGADA;SIM;NAO;0;11600.62;9142.2;61;0.18117801684826365
55156891011;3649;31;POS;CASADO;ASSALARIADO;FINANCIADA;NAO;NAO;3;14448.34;12131.57;34;0.43116789173154085
98918852168;3650;23;FUNDAM;CASADO;SERVIDOR PUBLICO;PROPRIA;SIM;NAO;0;1579.39;1283.76;5;0.9070049161011657
78743324053;3651;42;FUNDAM;SOLTEIRO;ASSALARIADO;ALUGADA;SIM;NAO;0;1803.06;1432.07;14;0.6259207146981853
63015977043;3652;37;MEDIO;DIVORCIADO;SERVIDOR PUBLICO;FINANCIADA;NAO;NAO;1;9085.23;7228.18;52;0.2013547114242529
78055688397;3653;47;FUNDAM;SOLTEIRO;ASSALARIADO;PROPRIA;SIM;NAO;1;3523.0;2821.18;16;0.43696097143393237
68332838664;3654;42;SUPERIOR;CASADO;AUTONOMO;PROPRIA;NAO;SIM;0;30214.53;23696.11;76;0.0991643772196108
45198426932;3655;57;SUPERIOR;CASADO;ASSALARIADO;FINANCIADA;SIM;NAO;0;26530.91;21630.47;99;0.12149050730124453
77796745132;3656;56;SUPERIOR;CASADO;SERVIDOR PUBLICO;PROPRIA;NAO;SIM;1;16213.39;12367.9;67;0.19788670038143885
34544234935;3657;53;SUPERIOR;CASADO;AUTONOMO;PROPRIA;NAO;NAO;1;15041.04;11998.97;55;0.20566114784709336
90735810086;3658;46;MEDIO;SOLTEIRO;APOSENTADO;PROPRIA;SIM;NAO;4;4595.85;3570.04;33;0.22735966662171875
31853363853;3659;50;MEDIO;CASADO;ASSALARIADO;PROPRIA;SIM;SIM;1;5524.04;4376.95;21;0.42303524173511825
44166681424;3660;31;FUNDAM;CASADO;APOSENTADO;PROPRIA;SIM;SIM;2;1412.0;1076.58;8;0.8481619231960316
19330914397;3661;24;SUPERIOR;CASADO;SERVIDOR PUBLICO;PROPRIA;SIM;NAO;2;10546.67;8624.07;31;0.4215177458560784
45131329678;3662;29;SUPERIOR;DIVORCIADO;SERVIDOR PUBLICO;FINANCIADA;SIM;NAO;2;11333.33;8625.78;65;0.341796460813692
76198026631;3663;41;POS;CASADO;ASSALARIADO;PROPRIA;NAO;NAO;0;31078.99;23720.29;64;0.14536583636877506
49066135263;3664;45;SUPERIOR;CASADO;ASSALARIADO;CEDIDA;SIM;NAO;0;26453.19;20812.39;81;0.07459643482840078
82494172521;3665;29;SUPERIOR;SOLTEIRO;AUTONOMO;ALUGADA;NAO;NAO;1;7784.73;6069.9;18;0.3601816351630273
45682681676;3666;55;SUPERIOR;CASADO;EMPRESARIO;FINANCIADA;SIM;NAO;0;19219.53;14835.5;72;0.11892880473393005
70565280611;3667;18;MEDIO;DIVORCIADO;AUTONOMO;FINANCIADA;SIM;NAO;1;3971.6;3283.83;34;0.5091823414991636
92441428858;3668;40;SUPERIOR;CASADO;SERVIDOR PUBLICO;CEDIDA;SIM;NAO;2;28927.36;24050.51;73;0.16142017983049564
78898865426;3669;35;POS;CASADO;APOSENTADO;PROPRIA;SIM;NAO;2;36013.25;30028.83;82;0.03842203826562381
66981263186;3670;21;MEDIO;SOLTEIRO;ASSALARIADO;PROPRIA;SIM;NAO;1;4267.32;3524.79;31;0.36634263347202733
66522315713;3671;45;POS;CASADO;SERVIDOR PUBLICO;PROPRIA;SIM;NAO;1;25778.26;19761.34;30;0.1394473394032309
70217154718;3672;37;POS;DIVORCIADO;ASSALARIADO;ALUGADA;NAO;SIM;2;43842.14;35008.08;96;0.08685867535037217
82490248037;3673;34;SUPERIOR;CASADO;SERVIDOR PUBLICO;FINANCIADA;NAO;NAO;3;6091.21;4877.56;21;0.4531708164147547
76681027754;3674;57;SUPERIOR;CASADO;APOSENTADO;PROPRIA;SIM;NAO;3;25659.82;19733.61;89;0.019523448038969923
58136964069;3675;35;MEDIO;DIVORCIADO;APOSENTADO;PROPRIA;NAO;NAO;2;3471.36;2846.06;27;0.2438080688255877
25615634570;3676;49;POS;CASADO;ASSALARIADO;ALUGADA;SIM;NAO;0;22611.25;17186.07;42;0.17061430283660772
31279921275;3677;52;POS;CASADO;APOSENTADO;ALUGADA;NAO;NAO;1;44837.47;35896.74;65;0.07810959013009877
15062195560;3678;46;POS;DIVORCIADO;ASSALARIADO;PROPRIA;SIM;NAO;1;28302.57;22752.83;33;0.18433063524295798
34245159296;3679;50;POS;SOLTEIRO;SERVIDOR PUBLICO;PROPRIA;SIM;SIM;0;9030.7;7488.03;4;0.4182402894423844
78715653566;3680;36;POS;SOLTEIRO;EMPRESARIO;PROPRIA;NAO;NAO;4;21970.44;16890.46;68;0.29284248016760894
95295382621;3681;21;MEDIO;CASADO;EMPRESARIO;PROPRIA;SIM;SIM;2;2123.53;1743.88;15;0.33310475772914294
56090157275;3682;64;MEDIO;CASADO;ASSALARIADO;ALUGADA;SIM;NAO;0;11800.05;9789.79;90;0.08174848333013476
52460879330;3683;28;SUPERIOR;SOLTEIRO;SERVIDOR PUBLICO;PROPRIA;NAO;SIM;0;6607.62;5080.99;15;0.4082245572953194
98745050189;3684;40;SUPERIOR;SOLTEIRO;AUTONOMO;PROPRIA;SIM;NAO;0;14309.48;11971.76;63;0.17418407003397443
56196440116;3685;38;MEDIO;CASADO;SERVIDOR PUBLICO;PROPRIA;NAO;NAO;0;5395.23;4314.85;38;0.3088833548995656
88711087316;3686;55;POS;DIVORCIADO;ASSALARIADO;PROPRIA;NAO;NAO;0;13180.03;11066.82;49;0.26474530472913393
14412946196;3687;26;MEDIO;CASADO;ASSALARIADO;PROPRIA;NAO;SIM;3;2733.68;2157.01;5;0.5188515015883437
63945783865;3688;24;SUPERIOR;CASADO;SERVIDOR PUBLICO;ALUGADA;SIM;SIM;2;18719.99;15308.79;82;0.08642609439666381
22844341557;3689;45;MEDIO;SOLTEIRO;EMPRESARIO;PROPRIA;NAO;SIM;0;14753.96;12197.85;105;0.16067621330880338
12728270990;3690;60;MEDIO;DIVORCIADO;ASSALARIADO;FINANCIADA;SIM;NAO;1;16867.34;13405.05;98;0.14292022598468843
18789854238;3691;29;SUPERIOR;CASADO;ASSALARIADO;PROPRIA;SIM;SIM;3;7271.84;5842.59;2;0.5046487404035533
89594552573;3692;47;MEDIO;DIVORCIADO;SERVIDOR PUBLICO;PROPRIA;NAO;NAO;1;5229.04;4379.15;6;0.3108179699824725
99176558820;3693;46;POS;CASADO;SERVIDOR PUBLICO;FINANCIADA;NAO;NAO;0;10665.07;8773.46;38;0.4532200367236464
75551938438;3694;31;SUPERIOR;CASADO;ASSALARIADO;PROPRIA;SIM;SIM;0;11437.59;8960.92;80;0.16838234452308615
70751036654;3695;36;MEDIO;SOLTEIRO;AUTONOMO;PROPRIA;NAO;NAO;0;9640.4;7823.13;34;0.19888877947444347
29978892077;3696;45;SUPERIOR;SOLTEIRO;ASSALARIADO;ALUGADA;SIM;SIM;0;27756.97;22967.75;92;0.15727237326924934
53522030341;3697;22;FUNDAM;SOLTEIRO;APOSENTADO;PROPRIA;NAO;SIM;1;1716.45;1392.98;5;0.7274899610973715
28681585473;3698;45;MEDIO;CASADO;AUTONOMO;FINANCIADA;SIM;NAO;0;4072.79;3255.32;16;0.4180411071768938
92382718359;3699;24;MEDIO;SOLTEIRO;AUTONOMO;PROPRIA;SIM;NAO;0;3279.05;2591.16;4;0.6266523611575052
33310696315;3700;35;MEDIO;DIVORCIADO;ASSALARIADO;FINANCIADA;SIM;NAO;2;7806.78;6270.67;1;0.0624140138165359
31066375721;3701;34;MEDIO;CASADO;SERVIDOR PUBLICO;PROPRIA;NAO;SIM;2;5660.62;4389.5;33;0.20146225679353613
84672277619;3702;23;POS;SOLTEIRO;ASSALARIADO;ALUGADA;SIM;SIM;0;13652.07;11247.28;55;0.1931952745391212
95412098522;3703;33;SUPERIOR;CASADO;ASSALARIADO;PROPRIA;SIM;NAO;0;14386.38;11687.27;37;0.26677551082773193
35367775744;3704;35;MEDIO;CASADO;SERVIDOR PUBLICO;PROPRIA;SIM;NAO;1;1858.45;1532.72;13;0.7725553565020672
97919733283;3705;25;FUNDAM;SOLTEIRO;SERVIDOR PUBLICO;PROPRIA;NAO;NAO;0;2129.22;1647.7;18;0.5463099549941354
20089225194;3706;36;MEDIO;CASADO;ASSALARIADO;ALUGADA;SIM;NAO;1;1412.0;1183.47;5;0.5774701460351117
59290692735;3707;29;MEDIO;CASADO;AUTONOMO;PROPRIA;SIM;NAO;0;2731.93;2110.01;31;0.5684356655996818
86690990678;3708;51;POS;SOLTEIRO;EMPRESARIO;PROPRIA;NAO;NAO;1;23678.55;18928.88;18;0.1912645333169772
93796339641;3709;53;SUPERIOR;CASADO;AUTONOMO;ALUGADA;SIM;SIM;1;17259.85;14060.82;43;0.19950787243435705
61911779710;3710;22;MEDIO;CASADO;SERVIDOR PUBLICO;FINANCIADA;SIM;NAO;0;1913.1;1582.16;7;0.8618135181678632
76327494872;3711;64;SUPERIOR;SOLTEIRO;APOSENTADO;FINANCIADA;NAO;NAO;0;26497.24;21206.23;55;0.09556859452628672
50312521348;3712;39;FUNDAM;CASADO;SERVIDOR PUBLICO;PROPRIA;NAO;NAO;1;1871.17;1550.8;12;0.6366383248243663
12244510423;3713;34;MEDIO;CASADO;EMPRESARIO;PROPRIA;NAO;NAO;0;3808.81;3108.45;27;0.33489507821529013
19835572854;3714;38;POS;CASADO;SERVIDOR PUBLICO;ALUGADA;SIM;NAO;1;12715.65;10357.36;39;0.4211445410022009
55163321242;3715;24;MEDIO;CASADO;ASSALARIADO;PROPRIA;NAO;NAO;4;1704.77;1342.45;4;0.98
88042771355;3716;44;POS;SOLTEIRO;SERVIDOR PUBLICO;PROPRIA;SIM;NAO;0;25677.56;20688.59;70;0.18313860413683677
30020751110;3717;37;POS;CASADO;APOSENTADO;ALUGADA;SIM;SIM;3;22260.26;17854.5;17;0.13795581267225115
24250055964;3718;21;MEDIO;CASADO;ASSALARIADO;PROPRIA;NAO;NAO;0;7953.71;6580.5;38;0.07710368910582238
21832092323;3719;47;MEDIO;CASADO;EMPRESARIO;FINANCIADA;SIM;NAO;0;6397.09;5055.12;51;0.33077767287142307
68821615541;3720;46;FUNDAM;CASADO;ASSALARIADO;PROPRIA;SIM;SIM;3;6634.41;5126.6;40;0.15458712108988143
84522498434;3721;48;POS;CASADO;SERVIDOR PUBLICO;PROPRIA;SIM;NAO;4;27791.86;22797.2;49;0.144553743373774
70250719239;3722;32;MEDIO;SOLTEIRO;ASSALARIADO;ALUGADA;SIM;SIM;1;2385.57;1947.76;12;0.5629116039997613
31861824016;3723;18;SUPERIOR;CASADO;SERVIDOR PUBLICO;PROPRIA;SIM;NAO;1;4243.61;3348.7;7;0.6409100608666392
71080963368;3724;37;POS;SOLTEIRO;AUTONOMO;FINANCIADA;SIM;NAO;1;22021.35;17551.6;57;0.1700516528288998
49763262957;3725;55;SUPERIOR;SOLTEIRO;SERVIDOR PUBLICO;PROPRIA;NAO;SIM;3;18235.19;14538.7;78;0.23122190585498414
19212513846;3726;18;MEDIO;SOLTEIRO;APOSENTADO;PROPRIA;NAO;NAO;2;2571.14;2016.66;4;0.5260121551840519
80154798171;3727;67;MEDIO;CASADO;SERVIDOR PUBLICO;PROPRIA;NAO;NAO;3;6099.13;5015.88;61;0.07963608096269681
58376750021;3728;32;POS;SOLTEIRO;SERVIDOR PUBLICO;PROPRIA;SIM;NAO;1;44106.8;35090.6;84;0.16753865953998232
63931513065;3729;54;SUPERIOR;CASADO;AUTONOMO;ALUGADA;NAO;NAO;1;28356.31;23725.9;86;0.09667124699548607
59635528338;3730;39;MEDIO;CASADO;ASSALARIADO;PROPRIA;NAO;NAO;0;6564.12;5227.14;28;0.36978994012965993
73090299222;3731;48;SUPERIOR;VIUVO;ASSALARIADO;PROPRIA;SIM;NAO;1;29083.39;23917.62;75;0.09523153278813931
47052868440;3732;24;FUNDAM;CASADO;APOSENTADO;PROPRIA;NAO;NAO;1;1412.0;1116.18;6;0.98
57099075563;3733;35;MEDIO;CASADO;AUTONOMO;PROPRIA;SIM;NAO;2;4967.68;4066.99;30;0.4196919276817934
34465823557;3734;47;MEDIO;CASADO;SERVIDOR PUBLICO;FINANCIADA;SIM;SIM;3;5726.93;4716.01;18;0.3871690260676075
82029140528;3735;33;SUPERIOR;DIVORCIADO;APOSENTADO;PROPRIA;NAO;NAO;1;15597.73;12771.44;32;0.18518685538789553
14246470288;3736;43;SUPERIOR;CASADO;SERVIDOR PUBLICO;ALUGADA;SIM;NAO;1;9555.85;7446.36;32;0.40629993486303967
69980828056;3737;31;MEDIO;SOLTEIRO;ASSALARIADO;ALUGADA;SIM;SIM;2;2714.04;2174.38;55;0.45918146605423077
90515636498;3738;36;POS;CASADO;ASSALARIADO;PROPRIA;SIM;NAO;1;10006.83;8210.08;26;0.37551238967190725
75484763868;3739;28;SUPERIOR;DIVORCIADO;ASSALARIADO;PROPRIA;SIM;NAO;1;5864.89;4749.1;25;0.3936291929675558
27210565025;3740;44;MEDIO;CASADO;ASSALARIADO;ALUGADA;SIM;NAO;1;4679.5;3915.9;35;0.3202983079004063
86791889691;3741;18;MEDIO;SOLTEIRO;ASSALARIADO;FINANCIADA;NAO;NAO;3;2291.99;1792.42;15;0.6444135793801764
96735624015;3742;30;FUNDAM;CASADO;SERVIDOR PUBLICO;ALUGADA;NAO;NAO;3;3762.84;2882.83;21;0.42477507240905515
63120196591;3743;31;MEDIO;SOLTEIRO;SERVIDOR PUBLICO;PROPRIA;SIM;NAO;3;3140.47;2583.3;14;0.4842815584355924
73764860189;3744;71;SUPERIOR;CASADO;ASSALARIADO;FINANCIADA;SIM;NAO;0;27452.76;22769.52;65;0.0576404531519275
56148775374;3745;52;POS;CASADO;ASSALARIADO;CEDIDA;SIM;NAO;1;31621.42;24482.42;52;0.13484318674535423
41129944629;3746;41;POS;CASADO;APOSENTADO;ALUGADA;NAO;NAO;1;29136.15;22555.59;57;0.1983220985793204
48999662064;3747;43;MEDIO;CASADO;EMPRESARIO;CEDIDA;SIM;SIM;0;3046.19;2333.36;14;0.17213736191149337
13196486127;3748;36;MEDIO;CASADO;EMPRESARIO;PROPRIA;SIM;NAO;0;8491.35;7078.44;65;0.17418495016591992
90429088614;3749;55;MEDIO;SOLTEIRO;APOSENTADO;PROPRIA;SIM;SIM;0;8462.63;6778.01;63;0.16092045825918824
41123954879;3750;32;MEDIO;SOLTEIRO;SERVIDOR PUBLICO;PROPRIA;SIM;NAO;0;1749.02;1332.47;1;0.6151702358189466
30849174437;3751;35;MEDIO;CASADO;SERVIDOR PUBLICO;PROPRIA;SIM;NAO;3;2362.9;1813.78;8;0.6414585962287879
56292719197;3752;30;MEDIO;SOLTEIRO;SERVIDOR PUBLICO;ALUGADA;SIM;NAO;1;2007.02;1635.08;1;0.6949102199958952
18917145489;3753;48;SUPERIOR;CASADO;EMPRESARIO;ALUGADA;NAO;NAO;0;13821.82;11580.88;74;0.18225563328187896
68262866264;3754;36;POS;SOLTEIRO;ASSALARIADO;PROPRIA;NAO;NAO;0;9528.82;7605.87;11;0.43160501759912057
19841979880;3755;39;SUPERIOR;SOLTEIRO;SERVIDOR PUBLICO;PROPRIA;NAO;NAO;0;21688.42;17437.46;50;0.09278839975929176
66293411736;3756;61;SUPERIOR;CASADO;SERVIDOR PUBLICO;PROPRIA;NAO;NAO;1;16067.56;13252.35;37;0.1632130857917902
30825917485;3757;40;MEDIO;SOLTEIRO;ASSALARIADO;ALUGADA;SIM;NAO;0;11015.68;8525.57;36;0.14308137241960933
78577517521;3758;48;SUPERIOR;CASADO;SERVIDOR PUBLICO;PROPRIA;SIM;NAO;2;15150.38;11573.39;73;0.26702105637582707
41431178176;3759;38;POS;CASADO;ASSALARIADO;CEDIDA;NAO;NAO;0;23624.7;18903.72;74;0.2847834648739865
38636069556;3760;28;SUPERIOR;CASADO;ASSALARIADO;CEDIDA;NAO;NAO;0;5739.73;4716.78;23;0.6029299485879589
34778186865;3761;37;SUPERIOR;SOLTEIRO;SERVIDOR PUBLICO;PROPRIA;NAO;NAO;3;31069.39;25037.73;75;0.11137205187203675
23884826845;3762;38;MEDIO;SOLTEIRO;ASSALARIADO;PROPRIA;SIM;NAO;2;2295.28;1831.77;30;0.33202522646650784
73438641897;3763;23;MEDIO;CASADO;SERVIDOR PUBLICO;PROPRIA;SIM;NAO;2;6532.64;5158.56;37;0.39651440763897233
60749892411;3764;38;MEDIO;DIVORCIADO;SERVIDOR PUBLICO;PROPRIA;SIM;NAO;2;10000.37;8321.32;64;0.1579658007850023
38492639695;3765;26;MEDIO;DIVORCIADO;SERVIDOR PUBLICO;PROPRIA;SIM;NAO;1;6225.7;5091.84;20;0.25490393177917187
14035023893;3766;59;MEDIO;CASADO;AUTONOMO;PROPRIA;SIM;NAO;1;9998.42;7969.76;50;0.15612491649732185
97481819890;3767;42;SUPERIOR;SOLTEIRO;SERVIDOR PUBLICO;PROPRIA;SIM;SIM;2;7579.43;6116.39;33;0.350668798542972
23185513039;3768;57;SUPERIOR;CASADO;SERVIDOR PUBLICO;ALUGADA;SIM;NAO;0;11422.46;9297.38;42;0.13259796449072905
54455270429;3769;51;POS;CASADO;AUTONOMO;ALUGADA;NAO;SIM;1;34910.67;29032.19;105;0.12401732869846205
55634496823;3770;47;POS;CASADO;AUTONOMO;PROPRIA;SIM;NAO;2;40962.8;34229.4;74;0.08286265994955638
60321814327;3771;53;POS;DIVORCIADO;SERVIDOR PUBLICO;ALUGADA;NAO;NAO;0;15130.14;11712.75;18;0.3552160001606256
30869254179;3772;33;SUPERIOR;CASADO;ASSALARIADO;PROPRIA;NAO;NAO;0;4122.45;3421.66;11;0.7162047804750052
37686079351;3773;47;SUPERIOR;DIVORCIADO;AUTONOMO;FINANCIADA;NAO;NAO;1;17551.17;14683.82;78;0.2275019322551292
36546344754;3774;23;FUNDAM;CASADO;ASSALARIADO;FINANCIADA;SIM;NAO;1;2678.32;2160.73;25;0.611798272745398
28263239677;3775;46;FUNDAM;CASADO;ASSALARIADO;PROPRIA;SIM;NAO;1;3419.23;2775.95;26;0.29141812597653605
84084861061;3776;24;FUNDAM;SOLTEIRO;ASSALARIADO;FINANCIADA;SIM;NAO;0;2410.84;1944.62;7;0.6494379786162126
21174512474;3777;18;MEDIO;SOLTEIRO;APOSENTADO;FINANCIADA;NAO;NAO;2;2755.26;2156.83;18;0.3708862606928952
83935333344;3778;52;SUPERIOR;CASADO;EMPRESARIO;PROPRIA;SIM;NAO;1;11883.75;9223.37;20;0.38895041239926853
35820790773;3779;25;SUPERIOR;VIUVO;SERVIDOR PUBLICO;FINANCIADA;NAO;NAO;3;9184.52;7678.18;26;0.16076507926784334
31569818978;3780;23;MEDIO;CASADO;ASSALARIADO;FINANCIADA;SIM;NAO;1;3282.45;2588.96;1;0.4976848057079828
64534453587;3781;41;SUPERIOR;SOLTEIRO;SERVIDOR PUBLICO;PROPRIA;NAO;NAO;0;14732.61;12077.35;53;0.19653657137653405
89160999347;3782;24;SUPERIOR;CASADO;ASSALARIADO;PROPRIA;SIM;SIM;0;14025.64;11674.58;44;0.28347845560577767
96428053926;3783;46;SUPERIOR;CASADO;SERVIDOR PUBLICO;PROPRIA;SIM;NAO;0;29818.07;22997.65;103;0.10419383177195488
58033533524;3784;44;MEDIO;SOLTEIRO;EMPRESARIO;CEDIDA;SIM;NAO;2;3771.42;3009.57;25;0.5260625294100543
45411380074;3785;35;MEDIO;SOLTEIRO;AUTONOMO;PROPRIA;SIM;NAO;2;3293.01;2601.8;27;0.45041961372414585
62545784846;3786;51;MEDIO;CASADO;SERVIDOR PUBLICO;ALUGADA;NAO;NAO;1;13394.53;10439.44;75;0.06841756413056939
68747232641;3787;18;MEDIO;CASADO;ASSALARIADO;PROPRIA;NAO;NAO;1;5099.5;4048.12;65;0.31366046791812946
61396450125;3788;31;POS;CASADO;EMPRESARIO;PROPRIA;NAO;NAO;0;15088.78;12425.74;23;0.276778060480318
95644536025;3789;32;SUPERIOR;CASADO;APOSENTADO;PROPRIA;SIM;NAO;0;27918.93;22923.71;76;0.13488645400809998
20743562217;3790;18;FUNDAM;SOLTEIRO;AUTONOMO;PROPRIA;SIM;SIM;1;1412.0;1176.4;1;0.806628213797847
55092041589;3791;45;POS;CASADO;APOSENTADO;ALUGADA;SIM;NAO;1;26042.55;20606.92;45;0.13341004316742597
61883174140;3792;48;SUPERIOR;DIVORCIADO;ASSALARIADO;ALUGADA;SIM;NAO;1;24644.72;19691.13;103;0.08539700281798118
87833216470;3793;35;SUPERIOR;SOLTEIRO;APOSENTADO;PROPRIA;SIM;NAO;0;9770.86;7633.37;52;0.3397865410689553
79619370542;3794;18;MEDIO;CASADO;ASSALARIADO;ALUGADA;SIM;NAO;2;3111.53;2516.05;23;0.751295897705688
23955728252;3795;45;SUPERIOR;SOLTEIRO;ASSALARIADO;ALUGADA;SIM;SIM;1;33501.21;26395.91;75;0.1305660948923042
71721959614;3796;29;FUNDAM;CASADO;ASSALARIADO;FINANCIADA;SIM;SIM;0;5831.3;4832.19;47;0.3814354758679322
41862994913;3797;37;FUNDAM;SOLTEIRO;ASSALARIADO;CEDIDA;SIM;NAO;1;3538.31;2887.37;62;0.21806406862687477
88715275963;3798;49;POS;CASADO;SERVIDOR PUBLICO;PROPRIA;NAO;NAO;1;37334.33;29479.02;67;0.09007331954839516
12733817644;3799;43;SUPERIOR;CASADO;AUTONOMO;ALUGADA;NAO;NAO;2;21804.41;17862.04;52;0.11121865696117346
51690432718;3800;46;SUPERIOR;VIUVO;ASSALARIADO;FINANCIADA;SIM;SIM;1;8953.05;7304.22;20;0.4900696038846673
63710025297;3801;43;POS;CASADO;ASSALARIADO;ALUGADA;SIM;NAO;2;26684.45;21878.91;43;0.09972993042493258
76965317524;3802;37;FUNDAM;CASADO;SERVIDOR PUBLICO;PROPRIA;SIM;NAO;1;1412.0;1109.1;1;0.6516618033240267
82383019275;3803;18;SUPERIOR;CASADO;EMPRESARIO;FINANCIADA;NAO;NAO;3;5287.13;4048.11;11;0.37247040490406125
62671087766;3804;20;MEDIO;CASADO;APOSENTADO;PROPRIA;NAO;NAO;1;1581.28;1248.6;6;0.8390921055840312
25351761967;3805;56;MEDIO;VIUVO;SERVIDOR PUBLICO;PROPRIA;SIM;NAO;2;9398.47;7619.73;81;0.19712505188370663
16435524277;3806;20;FUNDAM;CASADO;SERVIDOR PUBLICO;PROPRIA;SIM;NAO;2;1518.71;1251.45;11;0.8323870572263061
55065322928;3807;45;SUPERIOR;SOLTEIRO;ASSALARIADO;CEDIDA;SIM;NAO;1;13059.1;10795.29;54;0.10628080462233351
40146043893;3808;53;POS;CASADO;ASSALARIADO;ALUGADA;SIM;NAO;0;24264.19;19321.11;56;0.18721080631082257
78834728546;3809;53;SUPERIOR;DIVORCIADO;ASSALARIADO;ALUGADA;NAO;NAO;1;34971.75;27393.4;70;0.055687560747612254
93389297095;3810;51;SUPERIOR;CASADO;EMPRESARIO;PROPRIA;SIM;NAO;2;27922.47;22861.56;45;0.07685832670272863
95330384948;3811;42;SUPERIOR;SOLTEIRO;APOSENTADO;ALUGADA;NAO;NAO;4;7128.14;5622.6;1;0.5436688252230996
23978772169;3812;29;SUPERIOR;CASADO;SERVIDOR PUBLICO;PROPRIA;SIM;NAO;1;7419.36;5980.93;21;0.1996684614295874
45575325310;3813;24;MEDIO;DIVORCIADO;ASSALARIADO;ALUGADA;SIM;NAO;0;8560.05;7167.3;79;0.22862338209006136
23731451888;3814;38;SUPERIOR;CASADO;ASSALARIADO;PROPRIA;NAO;NAO;0;8857.74;7015.64;32;0.18458376842787805
66448074711;3815;38;POS;CASADO;AUTONOMO;ALUGADA;NAO;SIM;0;27371.21;22285.7;59;0.16666605546774954
50326897438;3816;37;SUPERIOR;CASADO;ASSALARIADO;PROPRIA;SIM;SIM;0;9619.11;7781.16;29;0.3873878082202007
93099713950;3817;35;SUPERIOR;CASADO;SERVIDOR PUBLICO;PROPRIA;SIM;NAO;0;14135.34;11488.29;81;0.14665018613351996
22753466477;3818;53;MEDIO;DIVORCIADO;SERVIDOR PUBLICO;PROPRIA;SIM;NAO;1;4956.01;3829.63;27;0.5893687874551742
88034976749;3819;18;MEDIO;CASADO;SERVIDOR PUBLICO;PROPRIA;SIM;NAO;0;3172.69;2575.85;9;0.4131131539343943
71832824888;3820;32;POS;SOLTEIRO;ASSALARIADO;PROPRIA;SIM;NAO;0;13856.46;10833.42;56;0.28544847854500666
92938879285;3821;27;MEDIO;CASADO;ASSALARIADO;PROPRIA;SIM;NAO;0;8502.92;6922.94;70;0.20071939511024095
89729565020;3822;64;POS;SOLTEIRO;APOSENTADO;ALUGADA;SIM;NAO;1;25982.19;20724.19;60;0.17996831183908432
71997956587;3823;27;SUPERIOR;CASADO;ASSALARIADO;PROPRIA;SIM;NAO;1;7355.77;5926.63;13;0.5570128757540838
75466051796;3824;59;SUPERIOR;DIVORCIADO;ASSALARIADO;PROPRIA;SIM;SIM;0;13397.21;10414.83;31;0.2319203326464332
58229631719;3825;57;SUPERIOR;SOLTEIRO;SERVIDOR PUBLICO;PROPRIA;SIM;NAO;0;15590.46;12615.82;76;0.09194625577409829
69057990997;3826;46;SUPERIOR;CASADO;ASSALARIADO;ALUGADA;SIM;NAO;1;32277.72;26917.03;99;0.11000756494566617
39165643519;3827;49;SUPERIOR;CASADO;APOSENTADO;PROPRIA;SIM;NAO;0;12266.78;9450.99;20;0.2953353965237305
45397147723;3828;46;MEDIO;SOLTEIRO;ASSALARIADO;PROPRIA;NAO;SIM;3;3685.63;2871.7;23;0.35190922410047204
29662998863;3829;34;MEDIO;CASADO;SERVIDOR PUBLICO;ALUGADA;NAO;NAO;2;2250.8;1771.48;25;0.6938197126639821
36345071969;3830;40;POS;CASADO;ASSALARIADO;PROPRIA;SIM;NAO;0;24558.03;18684.83;72;0.20683410121364235
43724032820;3831;45;POS;SOLTEIRO;SERVIDOR PUBLICO;FINANCIADA;NAO;NAO;1;21173.85;16136.3;66;0.25443131156102977
35868382066;3832;48;FUNDAM;SOLTEIRO;ASSALARIADO;ALUGADA;SIM;NAO;1;3421.7;2796.62;16;0.38232972447680386
32962466044;3833;30;SUPERIOR;DIVORCIADO;ASSALARIADO;PROPRIA;SIM;NAO;0;6496.18;5295.54;21;0.3149149789183687
91245974792;3834;43;SUPERIOR;VIUVO;APOSENTADO;ALUGADA;SIM;NAO;1;16871.78;12908.91;80;0.28006000080720983
78173117872;3835;33;SUPERIOR;CASADO;ASSALARIADO;PROPRIA;SIM;NAO;3;8695.56;7167.32;34;0.3866195235365914
55459748468;3836;31;SUPERIOR;CASADO;ASSALARIADO;PROPRIA;SIM;NAO;1;14587.8;11125.11;58;0.14420709077834287
17692835328;3837;31;MEDIO;CASADO;SERVIDOR PUBLICO;PROPRIA;SIM;NAO;0;2302.3;1844.68;2;0.7344521382930431
15616254931;3838;28;SUPERIOR;SOLTEIRO;SERVIDOR PUBLICO;ALUGADA;SIM;NAO;0;29460.02;23171.37;103;0.22661930054488594
10765425235;3839;38;MEDIO;CASADO;ASSALARIADO;ALUGADA;SIM;NAO;0;2338.65;1900.3;11;0.7495779012745272
55987088878;3840;20;MEDIO;CASADO;EMPRESARIO;PROPRIA;NAO;NAO;1;2692.2;2237.32;39;0.5279614202675589
75112634710;3841;31;SUPERIOR;SOLTEIRO;SERVIDOR PUBLICO;FINANCIADA;SIM;SIM;1;9552.76;7775.3;31;0.3294845651345815
27028166561;3842;48;SUPERIOR;CASADO;ASSALARIADO;ALUGADA;SIM;NAO;2;29692.34;23511.36;58;0.11056581921732532
72842988028;3843;33;SUPERIOR;CASADO;EMPRESARIO;PROPRIA;SIM;NAO;3;10034.16;7769.92;1;0.35176163351943207
96272719387;3844;47;SUPERIOR;CASADO;APOSENTADO;PROPRIA;NAO;SIM;1;17084.67;14277.69;1;0.23601685414896661
15713197358;3845;52;MEDIO;CASADO;ASSALARIADO;CEDIDA;NAO;NAO;3;12881.12;10510.22;108;0.10434473910221037
71396875355;3846;23;SUPERIOR;CASADO;APOSENTADO;FINANCIADA;SIM;NAO;1;8807.32;6840.03;75;0.3965692678899098
96870328829;3847;23;FUNDAM;CASADO;SERVIDOR PUBLICO;ALUGADA;NAO;NAO;0;1624.04;1245.08;2;0.8968985684916537
76455880036;3848;28;SUPERIOR;DIVORCIADO;EMPRESARIO;FINANCIADA;NAO;NAO;0;7743.71;6400.25;4;0.39059792455447756
34893685458;3849;42;FUNDAM;CASADO;ASSALARIADO;PROPRIA;NAO;NAO;1;3551.54;2816.5;18;0.5632167770581131
62823028117;3850;64;SUPERIOR;CASADO;ASSALARIADO;PROPRIA;NAO;SIM;2;27588.39;21494.17;83;0.1360154335710111
66683652540;3851;46;SUPERIOR;CASADO;ASSALARIADO;PROPRIA;SIM;NAO;0;17107.75;13732.52;53;0.10945703164491191
87542010414;3852;29;POS;CASADO;APOSENTADO;PROPRIA;NAO;SIM;0;47184.55;37495.43;102;0.07139231303889933
13385010071;3853;39;FUNDAM;DIVORCIADO;SERVIDOR PUBLICO;PROPRIA;NAO;NAO;2;2324.31;1851.41;10;0.27934469528180966
10990594517;3854;18;FUNDAM;CASADO;EMPRESARIO;PROPRIA;NAO;NAO;0;2306.8;1784.43;17;0.6824485435836891
76419253370;3855;36;MEDIO;CASADO;ASSALARIADO;PROPRIA;SIM;NAO;0;4813.04;3794.76;14;0.3339748907959751
64831213051;3856;56;SUPERIOR;CASADO;ASSALARIADO;FINANCIADA;SIM;NAO;2;31173.91;25310.92;42;0.07087283361670357
25146044076;3857;29;SUPERIOR;CASADO;ASSALARIADO;PROPRIA;SIM;NAO;0;18072.82;14583.88;57;0.1595907154317429
57928974580;3858;43;SUPERIOR;CASADO;SERVIDOR PUBLICO;PROPRIA;SIM;NAO;0;11244.69;8780.12;52;0.284912995511964
15049851773;3859;50;POS;SOLTEIRO;SERVIDOR PUBLICO;ALUGADA;NAO;NAO;2;23573.6;19537.57;74;0.21981439434274974
84917535291;3860;24;SUPERIOR;CASADO;ASSALARIADO;PROPRIA;NAO;NAO;2;8076.89;6715.45;25;0.4040573436070255
76480167794;3861;18;MEDIO;CASADO;SERVIDOR PUBLICO;PROPRIA;SIM;NAO;1;2459.53;1875.57;27;0.5453426922819895
63412641638;3862;47;SUPERIOR;SOLTEIRO;SERVIDOR PUBLICO;FINANCIADA;NAO;NAO;0;11350.97;8958.98;43;0.33790287572156047
65839394881;3863;38;POS;CASADO;ASSALARIADO;PROPRIA;SIM;SIM;1;20513.64;16168.87;70;0.08898212089909344
67263289067;3864;42;MEDIO;CASADO;ASSALARIADO;CEDIDA;SIM;NAO;3;7783.2;6520.56;52;0.1187976112006523
79124514381;3865;54;SUPERIOR;CASADO;ASSALARIADO;FINANCIADA;SIM;NAO;2;27301.76;22709.49;96;0.15793821787685147
27944362084;3866;50;SUPERIOR;CASADO;ASSALARIADO;PROPRIA;SIM;NAO;0;16480.86;13024.58;54;0.06579606532117892
14493929555;3867;30;SUPERIOR;CASADO;SERVIDOR PUBLICO;PROPRIA;SIM;NAO;2;22461.38;18120.28;73;0.22077811220437368
69940422985;3868;38;FUNDAM;DIVORCIADO;APOSENTADO;PROPRIA;SIM;NAO;1;4465.78;3748.11;35;0.29700827884101944
30395044372;3869;29;POS;SOLTEIRO;ASSALARIADO;PROPRIA;NAO;SIM;3;16269.47;13207.34;29;0.3339208068602029
67141412425;3870;52;POS;SOLTEIRO;SERVIDOR PUBLICO;ALUGADA;SIM;NAO;0;42468.61;34493.68;97;0.12522771351974815
54835399241;3871;52;MEDIO;CASADO;ASSALARIADO;PROPRIA;NAO;SIM;1;10080.96;7943.28;37;0.17164847444699155
53186492433;3872;46;MEDIO;CASADO;SERVIDOR PUBLICO;PROPRIA;SIM;SIM;1;9236.99;7040.03;90;0.046736064140218775
33159821943;3873;52;SUPERIOR;SOLTEIRO;ASSALARIADO;ALUGADA;NAO;NAO;0;27966.52;22227.69;108;0.1111094679228019
78982670361;3874;25;MEDIO;CASADO;ASSALARIADO;ALUGADA;SIM;SIM;1;1990.19;1592.67;26;0.3945930567210736
69319567365;3875;44;SUPERIOR;CASADO;AUTONOMO;PROPRIA;SIM;NAO;2;23296.66;18748.77;96;0.09751211839901512
60840113848;3876;58;SUPERIOR;SOLTEIRO;SERVIDOR PUBLICO;FINANCIADA;SIM;SIM;1;20143.99;16219.22;45;0.2616307051897105
89577695772;3877;49;POS;CASADO;EMPRESARIO;PROPRIA;SIM;NAO;1;43384.26;35140.82;53;0.07513134592652522
34899051054;3878;32;MEDIO;CASADO;SERVIDOR PUBLICO;PROPRIA;NAO;NAO;0;2450.19;2050.58;8;0.9605696639364526
99049897922;3879;43;SUPERIOR;SOLTEIRO;SERVIDOR PUBLICO;PROPRIA;NAO;NAO;0;11877.14;9201.03;54;0.11212506446831441
18539892132;3880;45;MEDIO;VIUVO;APOSENTADO;FINANCIADA;NAO;SIM;0;7791.26;6209.85;68;0.23180508265007066
67471381178;3881;31;MEDIO;CASADO;SERVIDOR PUBLICO;PROPRIA;SIM;NAO;3;4993.14;4042.25;26;0.3454449379131695
77847516163;3882;29;FUNDAM;CASADO;ASSALARIADO;PROPRIA;SIM;SIM;0;3072.41;2570.17;26;0.47231087378038705
33243322912;3883;25;MEDIO;CASADO;SERVIDOR PUBLICO;PROPRIA;NAO;NAO;1;1537.67;1264.79;1;0.8082213799799944
93340049792;3884;26;SUPERIOR;SOLTEIRO;AUTONOMO;PROPRIA;SIM;SIM;0;16957.41;13765.38;56;0.07436260951570246
84887410210;3885;29;MEDIO;CASADO;SERVIDOR PUBLICO;PROPRIA;NAO;NAO;0;2249.15;1860.12;7;0.6810350854908744
53567250622;3886;21;FUNDAM;CASADO;EMPRESARIO;PROPRIA;NAO;NAO;0;1827.19;1399.87;16;0.8909199146851181
67260752719;3887;34;FUNDAM;CASADO;ASSALARIADO;ALUGADA;NAO;NAO;0;1966.92;1603.06;12;0.6524099511717355
83851688028;3888;49;MEDIO;CASADO;ASSALARIADO;PROPRIA;NAO;NAO;1;4437.43;3595.37;32;0.3958238871259226
82316180692;3889;59;SUPERIOR;CASADO;ASSALARIADO;PROPRIA;SIM;SIM;3;9542.7;7298.95;39;0.32015686095693163
64250214120;3890;69;SUPERIOR;SOLTEIRO;SERVIDOR PUBLICO;PROPRIA;SIM;NAO;0;14952.66;12324.54;46;0.19524320122188907
33839594290;3891;42;SUPERIOR;SOLTEIRO;SERVIDOR PUBLICO;PROPRIA;SIM;SIM;2;7129.15;5436.65;35;0.36110021019991206
96546981248;3892;30;SUPERIOR;SOLTEIRO;ASSALARIADO;PROPRIA;SIM;NAO;0;10254.67;7979.75;12;0.24214838120655782
58944294443;3893;41;MEDIO;CASADO;EMPRESARIO;PROPRIA;SIM;SIM;1;5471.96;4261.72;35;0.28714452845698063
86282078724;3894;21;SUPERIOR;SOLTEIRO;AUTONOMO;ALUGADA;SIM;SIM;1;17752.74;14811.43;21;0.16891078252014458
38614614712;3895;41;MEDIO;CASADO;SERVIDOR PUBLICO;FINANCIADA;SIM;NAO;0;4737.5;3752.65;5;0.40253771931023236
40027739045;3896;19;MEDIO;SOLTEIRO;ASSALARIADO;PROPRIA;SIM;NAO;3;5221.98;4234.6;14;0.4326770975087422
50982922661;3897;57;POS;CASADO;AUTONOMO;FINANCIADA;SIM;NAO;1;43331.7;33788.03;88;0.09730666518530501
37936193861;3898;43;MEDIO;SOLTEIRO;ASSALARIADO;PROPRIA;NAO;NAO;1;4244.98;3502.98;24;0.271025581048005
12714468948;3899;24;POS;CASADO;SERVIDOR PUBLICO;ALUGADA;SIM;NAO;1;14741.15;12050.02;25;0.4594634059257619
56875081559;3900;29;MEDIO;CASADO;ASSALARIADO;PROPRIA;NAO;NAO;2;1862.76;1546.21;4;0.5144679370027813
60726190280;3901;23;SUPERIOR;CASADO;SERVIDOR PUBLICO;PROPRIA;SIM;NAO;0;17002.57;13297.49;70;0.12460562720778331
34489022829;3902;28;SUPERIOR;SOLTEIRO;ASSALARIADO;ALUGADA;SIM;SIM;3;14887.3;11860.19;55;0.24461914331462825
77119779329;3903;30;MEDIO;DIVORCIADO;AUTONOMO;ALUGADA;NAO;NAO;2;2730.22;2195.64;11;0.6126982581411073
43380831530;3904;59;MEDIO;CASADO;APOSENTADO;ALUGADA;SIM;NAO;0;5612.49;4683.96;63;0.11256499719363554
94393348283;3905;18;FUNDAM;CASADO;ASSALARIADO;ALUGADA;NAO;NAO;1;1635.65;1326.34;20;0.603636727413252
24083465733;3906;57;MEDIO;SOLTEIRO;SERVIDOR PUBLICO;PROPRIA;SIM;NAO;1;4003.9;3316.32;17;0.2196899876063342
47513265297;3907;44;MEDIO;CASADO;AUTONOMO;PROPRIA;SIM;SIM;3;5130.53;4080.88;6;0.3717062623077184
61236428697;3908;42;FUNDAM;CASADO;ASSALARIADO;ALUGADA;SIM;NAO;1;4851.08;3809.99;80;0.16540891678279798
63765092131;3909;19;MEDIO;CASADO;ASSALARIADO;PROPRIA;SIM;SIM;1;5785.37;4487.57;37;0.3641289336577863
45257983682;3910;29;SUPERIOR;CASADO;ASSALARIADO;PROPRIA;SIM;SIM;0;15439.75;12167.39;13;0.14962272712854868
56956345498;3911;49;POS;CASADO;AUTONOMO;PROPRIA;NAO;NAO;1;39552.19;33198.81;30;0.0966695912764697
71063672162;3912;33;SUPERIOR;DIVORCIADO;ASSALARIADO;FINANCIADA;NAO;NAO;0;13336.1;10139.16;76;0.23669006042950191
36581950159;3913;39;MEDIO;CASADO;ASSALARIADO;PROPRIA;SIM;NAO;0;16280.24;12867.14;75;0.07713260318667126
64041387177;3914;20;FUNDAM;CASADO;SERVIDOR PUBLICO;FINANCIADA;SIM;NAO;0;1661.45;1264.03;1;0.8729886920167466
17886674322;3915;18;MEDIO;SOLTEIRO;ASSALARIADO;PROPRIA;SIM;NAO;2;1662.58;1317.34;1;0.9115752710510963
27715215579;3916;38;SUPERIOR;CASADO;AUTONOMO;FINANCIADA;SIM;NAO;2;18740.29;15728.37;74;0.1575598647762316
42415490079;3917;22;MEDIO;CASADO;ASSALARIADO;PROPRIA;SIM;SIM;3;3901.79;2999.17;31;0.32259177115851867
51768085167;3918;51;SUPERIOR;CASADO;APOSENTADO;ALUGADA;SIM;NAO;3;15525.18;12752.15;66;0.1739418194652345
90388095916;3919;40;MEDIO;SOLTEIRO;SERVIDOR PUBLICO;PROPRIA;NAO;NAO;2;4247.05;3443.96;44;0.4436410134320119
15674889364;3920;24;SUPERIOR;SOLTEIRO;APOSENTADO;ALUGADA;NAO;SIM;0;7748.2;6423.98;18;0.5608435702181146
63496879535;3921;38;FUNDAM;VIUVO;ASSALARIADO;PROPRIA;SIM;SIM;1;1412.0;1178.72;2;0.8108759839777169
72768653286;3922;50;MEDIO;CASADO;SERVIDOR PUBLICO;PROPRIA;SIM;NAO;2;7414.55;6130.66;69;0.20537616709623793
66354980025;3923;29;SUPERIOR;CASADO;ASSALARIADO;ALUGADA;SIM;NAO;0;6114.55;4765.51;15;0.4758651947139664
96075970796;3924;24;SUPERIOR;SOLTEIRO;ASSALARIADO;ALUGADA;SIM;NAO;1;14856.13;12074.68;77;0.10498692527792042
35117274359;3925;22;MEDIO;CASADO;ASSALARIADO;PROPRIA;SIM;NAO;1;1412.0;1171.67;5;0.9108306382600412
90972259519;3926;53;POS;SOLTEIRO;AUTONOMO;ALUGADA;NAO;NAO;2;39026.29;29865.72;67;0.07268467517704214
15530293371;3927;47;POS;CASADO;ASSALARIADO;CEDIDA;NAO;NAO;1;12978.9;10783.06;37;0.22520940702413417
23965191245;3928;32;MEDIO;CASADO;SERVIDOR PUBLICO;CEDIDA;SIM;NAO;0;5585.04;4660.38;39;0.4134664923662685
53392165015;3929;33;MEDIO;SOLTEIRO;EMPRESARIO;PROPRIA;SIM;NAO;0;3713.98;3057.15;26;0.5347140666924206
42058862310;3930;56;SUPERIOR;CASADO;ASSALARIADO;PROPRIA;SIM;NAO;1;20776.58;16933.84;79;0.08718284277842159
18326377757;3931;25;MEDIO;CASADO;ASSALARIADO;FINANCIADA;NAO;NAO;1;2154.02;1803.74;20;0.6488204867172759
87060878960;3932;35;SUPERIOR;SOLTEIRO;SERVIDOR PUBLICO;PROPRIA;SIM;NAO;0;14636.63;12019.94;39;0.18538889698676528
27224784955;3933;45;SUPERIOR;CASADO;APOSENTADO;PROPRIA;NAO;NAO;1;12277.86;9586.21;21;0.43685944047230596
42723897565;3934;46;SUPERIOR;SOLTEIRO;AUTONOMO;PROPRIA;NAO;NAO;0;14757.16;11734.98;54;0.2536096376149667
99664115950;3935;40;POS;VIUVO;ASSALARIADO;ALUGADA;NAO;NAO;1;24798.18;20724.38;53;0.16025079908924608
27911920939;3936;45;FUNDAM;CASADO;ASSALARIADO;ALUGADA;SIM;NAO;4;3419.63;2826.72;46;0.2051125867855872
40030336748;3937;33;SUPERIOR;SOLTEIRO;EMPRESARIO;PROPRIA;SIM;NAO;0;18933.93;14790.21;58;0.18540722689929234
16531498984;3938;47;SUPERIOR;CASADO;ASSALARIADO;ALUGADA;SIM;SIM;2;26938.6;21191.13;71;0.1053688373757956
78736892927;3939;40;POS;CASADO;APOSENTADO;CEDIDA;NAO;SIM;4;37200.13;29757.26;97;0.07286391230062557
24625460039;3940;49;SUPERIOR;CASADO;ASSALARIADO;PROPRIA;SIM;SIM;2;17915.66;14024.05;33;0.15659453691121566
74056054217;3941;32;SUPERIOR;CASADO;SERVIDOR PUBLICO;PROPRIA;SIM;SIM;0;6991.93;5333.98;35;0.49267736362460485
67476124787;3942;18;FUNDAM;SOLTEIRO;ASSALARIADO;ALUGADA;SIM;NAO;1;1412.0;1134.92;12;0.5976855598298053
75394724648;3943;60;SUPERIOR;CASADO;ASSALARIADO;ALUGADA;SIM;NAO;0;25741.16;21365.59;65;0.12023546374638579
99170439382;3944;50;POS;CASADO;ASSALARIADO;ALUGADA;SIM;NAO;0;21151.37;16243.38;36;0.11265543412957248
40548912558;3945;53;POS;CASADO;APOSENTADO;PROPRIA;SIM;NAO;1;41916.13;32882.27;75;0.14046967170901037
19963146034;3946;51;POS;SOLTEIRO;ASSALARIADO;PROPRIA;NAO;NAO;1;38490.51;31192.72;98;0.08545490057883143
74772220336;3947;53;POS;SOLTEIRO;ASSALARIADO;PROPRIA;NAO;NAO;0;14135.71;11757.74;37;0.20337789308086746
73912030292;3948;41;MEDIO;CASADO;ASSALARIADO;PROPRIA;NAO;NAO;1;5005.49;3966.25;33;0.36269415357203233
78618917022;3949;35;POS;DIVORCIADO;ASSALARIADO;PROPRIA;NAO;NAO;2;36576.27;28142.05;70;0.03623459227998253
85169946733;3950;44;SUPERIOR;CASADO;ASSALARIADO;ALUGADA;NAO;NAO;0;16862.47;14159.71;56;0.21906030692195017
83713880793;3951;45;SUPERIOR;DIVORCIADO;SERVIDOR PUBLICO;CEDIDA;SIM;NAO;3;28333.84;22954.24;48;0.07546110969494238
30466892269;3952;27;FUNDAM;VIUVO;AUTONOMO;ALUGADA;SIM;NAO;0;1412.0;1181.11;20;0.403357685548638
92096825053;3953;31;MEDIO;CASADO;SERVIDOR PUBLICO;PROPRIA;NAO;NAO;1;1525.77;1198.09;1;0.8787884861393856
17697952167;3954;65;SUPERIOR;CASADO;ASSALARIADO;PROPRIA;SIM;NAO;1;31566.72;25921.62;80;0.159098486935941
98697626366;3955;49;MEDIO;SOLTEIRO;SERVIDOR PUBLICO;PROPRIA;NAO;NAO;1;7429.5;5814.19;55;0.15093001067703787
66726848884;3956;22;MEDIO;CASADO;ASSALARIADO;PROPRIA;SIM;SIM;1;2777.85;2169.84;7;0.6453040172124886
61124343126;3957;42;MEDIO;CASADO;AUTONOMO;PROPRIA;NAO;NAO;0;1994.73;1572.35;10;0.7391934998598748
25829936832;3958;23;MEDIO;CASADO;ASSALARIADO;PROPRIA;SIM;NAO;0;10170.01;8062.53;53;0.12478577199465118
36035873878;3959;45;SUPERIOR;CASADO;ASSALARIADO;PROPRIA;SIM;NAO;2;25970.44;19941.7;86;0.0695785446128738
90939738089;3960;50;SUPERIOR;CASADO;ASSALARIADO;PROPRIA;SIM;NAO;2;26944.3;21627.29;88;0.0991561540701531
17476371697;3961;22;MEDIO;SOLTEIRO;ASSALARIADO;PROPRIA;SIM;SIM;0;5346.08;4227.71;44;0.3708326743509111
22553752269;3962;34;SUPERIOR;CASADO;ASSALARIADO;PROPRIA;SIM;NAO;4;16040.31;13021.43;51;0.19935458817728927
48014554455;3963;42;POS;CASADO;AUTONOMO;PROPRIA;NAO;SIM;0;43325.0;35861.5;92;0.07236267805846076
43756467621;3964;46;MEDIO;CASADO;AUTONOMO;PROPRIA;NAO;NAO;1;4327.02;3412.73;44;0.41466216923045385
18687545221;3965;48;SUPERIOR;SOLTEIRO;ASSALARIADO;PROPRIA;NAO;NAO;0;25344.34;19914.94;96;0.17907911931108145
69232145886;3966;32;MEDIO;DIVORCIADO;AUTONOMO;PROPRIA;SIM;NAO;0;3600.83;2854.49;35;0.46294545698536627
54350422418;3967;38;SUPERIOR;DIVORCIADO;AUTONOMO;PROPRIA;SIM;NAO;1;16974.09;14060.7;38;0.22070071867562724
61073089580;3968;52;SUPERIOR;VIUVO;AUTONOMO;PROPRIA;NAO;NAO;0;27869.89;21393.66;76;0.15322084534070488
30959760851;3969;50;MEDIO;CASADO;ASSALARIADO;PROPRIA;SIM;SIM;0;4411.95;3456.41;20;0.42049762913289873
90040193132;3970;41;MEDIO;DIVORCIADO;APOSENTADO;PROPRIA;NAO;SIM;1;5791.84;4774.9;67;0.16876175471031124
53667692248;3971;28;FUNDAM;CASADO;ASSALARIADO;PROPRIA;SIM;NAO;0;1412.0;1140.72;5;0.8476124973230761
29173382228;3972;48;SUPERIOR;SOLTEIRO;APOSENTADO;PROPRIA;NAO;NAO;0;10699.42;8206.09;33;0.3300284767317928
10310651284;3973;39;POS;CASADO;AUTONOMO;PROPRIA;SIM;NAO;0;23087.7;18965.46;50;0.15590153039530907
70435287554;3974;35;MEDIO;CASADO;AUTONOMO;CEDIDA;SIM;NAO;1;4594.04;3606.65;1;0.4154449115285962
55636067483;3975;50;MEDIO;DIVORCIADO;SERVIDOR PUBLICO;PROPRIA;SIM;NAO;0;6936.63;5459.66;44;0.21478894560342257
27069924484;3976;22;FUNDAM;SOLTEIRO;EMPRESARIO;PROPRIA;SIM;NAO;1;1412.0;1131.99;17;0.7847817783093222
64595587553;3977;47;SUPERIOR;VIUVO;ASSALARIADO;PROPRIA;SIM;NAO;1;17592.17;13863.39;58;0.1898889617689767
58650722917;3978;43;MEDIO;CASADO;APOSENTADO;FINANCIADA;NAO;NAO;0;6113.83;5005.06;19;0.34081179062985323
89821039944;3979;38;POS;CASADO;ASSALARIADO;PROPRIA;NAO;NAO;2;47738.14;39118.68;92;0.08565935494816232
66986710385;3980;36;SUPERIOR;CASADO;ASSALARIADO;FINANCIADA;NAO;NAO;1;14792.43;11514.09;85;0.16592913510706522
21845817931;3981;26;FUNDAM;VIUVO;EMPRESARIO;PROPRIA;SIM;SIM;1;2532.6;1966.47;18;0.36761887617052624
30859828524;3982;23;MEDIO;SOLTEIRO;AUTONOMO;PROPRIA;SIM;NAO;2;3814.52;2922.76;32;0.4942865401041298
75938634178;3983;56;POS;CASADO;ASSALARIADO;PROPRIA;SIM;NAO;3;22301.05;17324.24;19;0.13602693538894814
83328179855;3984;45;SUPERIOR;SOLTEIRO;ASSALARIADO;PROPRIA;SIM;NAO;1;16800.46;13393.62;47;0.11068572284144977
49797723177;3985;38;MEDIO;SOLTEIRO;SERVIDOR PUBLICO;CEDIDA;NAO;NAO;0;4231.47;3358.69;29;0.5136138896350396
67836298348;3986;59;FUNDAM;CASADO;AUTONOMO;PROPRIA;SIM;NAO;2;2322.85;1817.91;25;0.7643973099097445
83894439160;3987;36;SUPERIOR;SOLTEIRO;ASSALARIADO;FINANCIADA;NAO;SIM;3;21677.66;17496.75;100;0.15861276480654413
39121083141;3988;44;SUPERIOR;CASADO;ASSALARIADO;PROPRIA;NAO;NAO;0;10490.39;8755.05;28;0.24661484006715906
84730551944;3989;25;MEDIO;CASADO;ASSALARIADO;PROPRIA;SIM;NAO;0;8277.96;6755.68;46;0.1278797543258358
73445722756;3990;20;FUNDAM;DIVORCIADO;AUTONOMO;ALUGADA;SIM;SIM;0;1672.27;1374.25;10;0.6475973957418715
41561148921;3991;54;POS;CASADO;ASSALARIADO;ALUGADA;SIM;NAO;1;44096.6;35500.44;87;0.14918529000063388
21528946258;3992;35;SUPERIOR;CASADO;AUTONOMO;ALUGADA;NAO;NAO;1;19010.11;15194.67;67;0.24178086649542974
11168372091;3993;44;POS;CASADO;SERVIDOR PUBLICO;ALUGADA;SIM;NAO;0;9950.23;8060.79;31;0.639005095595807
47075794179;3994;40;POS;SOLTEIRO;SERVIDOR PUBLICO;CEDIDA;SIM;NAO;2;40526.86;33677.19;69;0.10010036993130703
87220818698;3995;48;MEDIO;CASADO;ASSALARIADO;ALUGADA;SIM;NAO;1;5634.64;4359.13;40;0.46804589940568364
87491098854;3996;55;MEDIO;SOLTEIRO;ASSALARIADO;FINANCIADA;SIM;NAO;2;4469.33;3539.8;32;0.3698759817923917
80889848128;3997;42;MEDIO;SOLTEIRO;ASSALARIADO;PROPRIA;NAO;SIM;0;7956.98;6404.86;73;0.2447798303053872
72658365544;3998;48;SUPERIOR;CASADO;EMPRESARIO;PROPRIA;NAO;SIM;0;16713.9;13475.94;60;0.1792417686060539
78234822782;3999;48;SUPERIOR;CASADO;SERVIDOR PUBLICO;PROPRIA;SIM;NAO;0;6610.81;5535.37;44;0.21512544603791706
99182724570;4000;62;SUPERIOR;CASADO;AUTONOMO;ALUGADA;NAO;NAO;0;24991.13;19198.86;114;0.11761318984991971
78394028065;4001;33;MEDIO;CASADO;ASSALARIADO;CEDIDA;SIM;NAO;2;6115.58;4814.4;38;0.29055811193552605
20190177213;4002;36;FUNDAM;DIVORCIADO;ASSALARIADO;PROPRIA;SIM;NAO;3;3682.54;2934.82;28;0.37270387566344654
82350640545;4003;66;MEDIO;SOLTEIRO;EMPRESARIO;FINANCIADA;SIM;NAO;0;2624.51;2100.85;23;0.45069955936853767
82978239452;4004;50;POS;CASADO;ASSALARIADO;PROPRIA;SIM;NAO;0;42944.0;35465.35;101;0.09513559598856945
13133921497;4005;55;SUPERIOR;CASADO;AUTONOMO;PROPRIA;NAO;SIM;2;21481.22;17226.53;66;0.11886724688151906
62445211142;4006;51;POS;SOLTEIRO;ASSALARIADO;CEDIDA;SIM;NAO;1;23999.85;18359.34;57;0.20080435909635247
73624111257;4007;41;SUPERIOR;VIUVO;ASSALARIADO;PROPRIA;NAO;NAO;2;15306.11;11942.68;55;0.2706911870930222
16041877613;4008;25;MEDIO;SOLTEIRO;ASSALARIADO;ALUGADA;SIM;NAO;4;7000.13;5539.65;49;0.2418248449373141
80733128471;4009;46;POS;CASADO;AUTONOMO;ALUGADA;SIM;NAO;1;16472.8;13515.86;38;0.23827999692595636
37113893091;4010;36;POS;SOLTEIRO;ASSALARIADO;PROPRIA;SIM;NAO;0;39803.83;32737.3;112;0.125198798493898
88378657832;4011;55;SUPERIOR;CASADO;SERVIDOR PUBLICO;ALUGADA;SIM;NAO;2;23618.97;19832.72;77;0.1461553880331535
73147747567;4012;40;MEDIO;SOLTEIRO;ASSALARIADO;PROPRIA;NAO;NAO;2;10474.34;8075.95;43;0.17714492981121324
80541226584;4013;32;MEDIO;CASADO;AUTONOMO;FINANCIADA;NAO;SIM;3;3076.01;2410.43;16;0.576418132978177
61691430757;4014;42;MEDIO;SOLTEIRO;ASSALARIADO;PROPRIA;NAO;NAO;2;10687.16;8543.1;77;0.134370579274768
65227813630;4015;33;SUPERIOR;DIVORCIADO;ASSALARIADO;PROPRIA;SIM;NAO;1;9628.62;7553.15;39;0.3845129408341056
49130523621;4016;45;SUPERIOR;CASADO;ASSALARIADO;PROPRIA;NAO;NAO;0;14115.32;10828.25;61;0.1135809235655094
63688827335;4017;18;MEDIO;VIUVO;ASSALARIADO;PROPRIA;SIM;NAO;2;2595.32;2036.38;13;0.7577213675585666
35321793534;4018;32;MEDIO;CASADO;ASSALARIADO;CEDIDA;SIM;NAO;3;1560.29;1227.62;16;0.8644958697044706
52325916138;4019;26;SUPERIOR;CASADO;APOSENTADO;ALUGADA;NAO;NAO;1;14727.87;11585.46;74;0.17039351876618977
19711827779;4020;46;MEDIO;SOLTEIRO;ASSALARIADO;PROPRIA;SIM;NAO;2;9645.14;8059.97;58;0.09624906362381003
75970844143;4021;29;SUPERIOR;CASADO;EMPRESARIO;PROPRIA;SIM;NAO;0;15676.71;12670.55;35;0.21156983044223102
95073184450;4022;29;FUNDAM;CASADO;AUTONOMO;PROPRIA;SIM;NAO;2;5623.42;4601.0;67;0.2013321178752927
39216780873;4023;24;SUPERIOR;VIUVO;ASSALARIADO;PROPRIA;SIM;NAO;0;11979.29;9185.94;29;0.26538534510098255
43170815068;4024;25;POS;SOLTEIRO;EMPRESARIO;PROPRIA;SIM;NAO;2;8704.81;6753.54;20;0.38852087344108555
73827198754;4025;39;MEDIO;SOLTEIRO;SERVIDOR PUBLICO;PROPRIA;NAO;SIM;2;3138.96;2430.09;30;0.26479008296010736
27962864622;4026;38;POS;VIUVO;SERVIDOR PUBLICO;ALUGADA;SIM;NAO;1;8730.58;7184.44;12;0.40483083093719685
14510392874;4027;30;SUPERIOR;DIVORCIADO;ASSALARIADO;PROPRIA;SIM;NAO;0;16281.6;12564.2;59;0.2587716203918974
58514289498;4028;40;SUPERIOR;CASADO;ASSALARIADO;PROPRIA;SIM;NAO;1;26913.77;22290.83;72;0.0947499171629639
54989040695;4029;18;MEDIO;SOLTEIRO;SERVIDOR PUBLICO;ALUGADA;SIM;SIM;0;2613.93;2018.68;18;0.41461977046053156
43728391963;4030;54;MEDIO;SOLTEIRO;ASSALARIADO;PROPRIA;SIM;NAO;0;10263.97;8320.26;42;0.05062452190142763
24332342210;4031;32;MEDIO;VIUVO;AUTONOMO;PROPRIA;SIM;NAO;0;4863.02;3807.16;49;0.34706342889961495
70959297169;4032;40;SUPERIOR;CASADO;SERVIDOR PUBLICO;ALUGADA;NAO;NAO;0;11480.43;9084.12;74;0.1680089246022522
59339964718;4033;46;MEDIO;SOLTEIRO;ASSALARIADO;ALUGADA;SIM;NAO;0;10397.94;8460.13;122;0.11004963100370829
23464240977;4034;25;FUNDAM;VIUVO;ASSALARIADO;PROPRIA;NAO;NAO;1;1412.0;1090.36;3;0.98
42581471586;4035;38;SUPERIOR;VIUVO;ASSALARIADO;ALUGADA;SIM;SIM;1;33296.8;26718.31;77;0.0397433925934751
42866248127;4036;18;FUNDAM;CASADO;ASSALARIADO;FINANCIADA;NAO;NAO;0;1619.12;1333.8;4;0.6846425054222365
12557082660;4037;18;MEDIO;DIVORCIADO;ASSALARIADO;ALUGADA;SIM;SIM;4;1412.0;1080.89;2;0.7825876631933688
28948823756;4038;43;SUPERIOR;SOLTEIRO;APOSENTADO;FINANCIADA;SIM;SIM;3;5844.78;4772.18;15;0.5236073864102161
13982293924;4039;34;SUPERIOR;CASADO;ASSALARIADO;PROPRIA;SIM;NAO;1;6857.1;5309.74;60;0.19426973754647875
50293596646;4040;37;MEDIO;SOLTEIRO;EMPRESARIO;FINANCIADA;SIM;SIM;0;7263.65;5723.31;59;0.3329337128155254
30389894773;4041;29;MEDIO;DIVORCIADO;ASSALARIADO;PROPRIA;SIM;NAO;0;2728.38;2139.48;7;0.6210295304475918
58744028293;4042;39;SUPERIOR;SOLTEIRO;EMPRESARIO;PROPRIA;NAO;NAO;0;15596.55;12585.37;49;0.12107683992114787
92722127731;4043;27;MEDIO;SOLTEIRO;AUTONOMO;PROPRIA;NAO;NAO;1;4757.91;3804.51;30;0.2752507512012399
39942474717;4044;30;SUPERIOR;VIUVO;ASSALARIADO;ALUGADA;SIM;NAO;1;9375.4;7453.16;28;0.18583882758667578
64412970391;4045;34;POS;SOLTEIRO;ASSALARIADO;ALUGADA;SIM;NAO;1;24307.59;19588.97;68;0.10750718427363665
60622198319;4046;31;SUPERIOR;CASADO;APOSENTADO;PROPRIA;SIM;NAO;1;15939.51;13257.99;16;0.2617378792778301
26736878264;4047;59;MEDIO;CASADO;EMPRESARIO;ALUGADA;SIM;NAO;2;11005.19;8778.81;54;0.15330090257069018
58753418628;4048;29;SUPERIOR;DIVORCIADO;EMPRESARIO;PROPRIA;NAO;NAO;1;7358.19;5894.94;42;0.2285180530875091
15312292950;4049;31;MEDIO;CASADO;ASSALARIADO;PROPRIA;SIM;NAO;0;2773.21;2186.36;12;0.7395243025715436
94735483913;4050;40;SUPERIOR;CASADO;EMPRESARIO;PROPRIA;NAO;NAO;2;14097.79;11234.04;48;0.24235922906556062
11151011325;4051;18;SUPERIOR;CASADO;AUTONOMO;PROPRIA;SIM;NAO;0;4701.1;3822.22;1;0.8151083072451434
19298949562;4052;34;FUNDAM;SOLTEIRO;SERVIDOR PUBLICO;ALUGADA;SIM;NAO;0;2028.61;1676.02;19;0.4597437743994934
37010089517;4053;37;FUNDAM;CASADO;SERVIDOR PUBLICO;PROPRIA;NAO;NAO;0;2684.72;2050.81;14;0.29974074103254333
45198770085;4054;18;MEDIO;CASADO;ASSALARIADO;PROPRIA;SIM;NAO;0;4699.28;3671.75;46;0.1693969301330884
79923380218;4055;22;SUPERIOR;CASADO;ASSALARIADO;PROPRIA;SIM;NAO;0;5995.95;4596.58;14;0.5777913011613021
40757292193;4056;50;MEDIO;SOLTEIRO;ASSALARIADO;PROPRIA;NAO;NAO;1;18478.22;14135.83;28;0.19058572048378264
17892122745;4057;36;FUNDAM;SOLTEIRO;ASSALARIADO;PROPRIA;NAO;SIM;1;3847.89;3075.6;38;0.26569822544078353
50996878020;4058;68;MEDIO;CASADO;ASSALARIADO;CEDIDA;SIM;NAO;0;6282.41;5121.96;81;0.19955899705655716
16251013830;4059;21;FUNDAM;SOLTEIRO;ASSALARIADO;PROPRIA;NAO;NAO;0;1535.24;1217.39;13;0.621203070607837
72823891340;4060;27;MEDIO;CASADO;SERVIDOR PUBLICO;PROPRIA;SIM;SIM;2;1997.94;1533.31;7;0.98
68691872017;4061;40;MEDIO;SOLTEIRO;EMPRESARIO;PROPRIA;SIM;NAO;2;11497.46;9084.37;84;0.17669488805922587
18257931752;4062;33;SUPERIOR;CASADO;SERVIDOR PUBLICO;CEDIDA;SIM;NAO;2;14812.83;11328.4;28;0.19136642537337398
98464565825;4063;18;MEDIO;CASADO;APOSENTADO;PROPRIA;NAO;NAO;0;1634.12;1302.83;17;0.3553064499311946
83626287796;4064;47;SUPERIOR;DIVORCIADO;AUTONOMO;PROPRIA;SIM;NAO;0;17137.73;14111.25;27;0.15172865920958528
92222440313;4065;28;POS;CASADO;APOSENTADO;PROPRIA;NAO;SIM;0;6530.61;5333.46;18;0.6794689314782645
88615956651;4066;43;POS;CASADO;AUTONOMO;ALUGADA;SIM;NAO;1;39682.77;32844.74;72;0.04499913611391206
58988113257;4067;38;SUPERIOR;CASADO;SERVIDOR PUBLICO;PROPRIA;SIM;SIM;0;22861.34;17502.09;72;0.09428648096511655
66579152091;4068;19;MEDIO;SOLTEIRO;ASSALARIADO;PROPRIA;SIM;NAO;1;2028.5;1668.05;2;0.98
23594125844;4069;26;MEDIO;DIVORCIADO;SERVIDOR PUBLICO;PROPRIA;NAO;NAO;0;6215.18;5110.28;34;0.39383801292657483
53882825212;4070;29;MEDIO;CASADO;AUTONOMO;PROPRIA;SIM;NAO;0;2840.88;2302.41;19;0.8107745239176549
88296312067;4071;43;SUPERIOR;CASADO;AUTONOMO;ALUGADA;NAO;NAO;0;17455.81;13920.1;49;0.11769510814986595
77888139155;4072;31;POS;CASADO;ASSALARIADO;FINANCIADA;NAO;NAO;1;15016.03;11433.3;47;0.414970109071068
33274976319;4073;32;SUPERIOR;SOLTEIRO;ASSALARIADO;PROPRIA;NAO;NAO;0;10820.07;8736.39;28;0.3587838419655405
19497059467;4074;33;SUPERIOR;CASADO;APOSENTADO;PROPRIA;SIM;NAO;0;10676.63;8721.24;30;0.15625876774615147
76793585357;4075;53;FUNDAM;CASADO;SERVIDOR PUBLICO;FINANCIADA;SIM;NAO;1;2380.18;1937.25;27;0.4180161463210351
63033149979;4076;38;FUNDAM;DIVORCIADO;ASSALARIADO;PROPRIA;SIM;NAO;1;5825.46;4762.39;27;0.42540355572284866
53442954225;4077;48;MEDIO;SOLTEIRO;ASSALARIADO;PROPRIA;NAO;NAO;1;9569.36;7698.3;32;0.16038100832454594
86981171648;4078;23;MEDIO;SOLTEIRO;ASSALARIADO;FINANCIADA;SIM;NAO;2;7019.41;5556.37;42;0.23559760094618978
93632110712;4079;18;MEDIO;CASADO;ASSALARIADO;PROPRIA;NAO;SIM;0;4236.64;3362.08;17;0.4729332195572883
94489453485;4080;19;POS;CASADO;SERVIDOR PUBLICO;ALUGADA;NAO;NAO;1;24275.16;20378.72;54;0.18693877985397192
54491890715;4081;27;MEDIO;SOLTEIRO;ASSALARIADO;PROPRIA;NAO;NAO;2;2873.33;2345.05;11;0.3908977289170145
71414824255;4082;43;POS;SOLTEIRO;SERVIDOR PUBLICO;FINANCIADA;NAO;NAO;2;21774.46;16964.3;32;0.23067589691022505
47868320361;4083;45;MEDIO;CASADO;ASSALARIADO;PROPRIA;SIM;NAO;1;3412.39;2708.85;59;0.2385208846529009
77113026564;4084;31;MEDIO;DIVORCIADO;AUTONOMO;ALUGADA;SIM;NAO;1;3006.62;2481.44;18;0.5622477190139269
99853183822;4085;32;MEDIO;VIUVO;EMPRESARIO;PROPRIA;SIM;NAO;0;5573.17;4591.31;50;0.14868070326260946
60622779751;4086;45;POS;SOLTEIRO;AUTONOMO;FINANCIADA;SIM;NAO;2;40388.74;33227.89;58;0.06005546942569443
26834949835;4087;45;MEDIO;SOLTEIRO;SERVIDOR PUBLICO;PROPRIA;SIM;NAO;0;8520.72;6957.55;98;0.13210811521517962
75186382828;4088;22;MEDIO;CASADO;ASSALARIADO;PROPRIA;SIM;SIM;1;5066.56;3896.51;17;0.33967736330074827
55619852845;4089;26;MEDIO;DIVORCIADO;ASSALARIADO;PROPRIA;NAO;NAO;0;2673.33;2178.93;21;0.6145723396123849
13129423269;4090;59;SUPERIOR;CASADO;SERVIDOR PUBLICO;ALUGADA;SIM;NAO;1;23835.72;18655.75;129;0.09491947556030685
85518178160;4091;29;FUNDAM;DIVORCIADO;ASSALARIADO;PROPRIA;NAO;NAO;1;3157.45;2445.4;39;0.37006834971936264
56231655431;4092;48;MEDIO;CASADO;ASSALARIADO;PROPRIA;NAO;NAO;2;9007.61;7024.75;72;0.12987505550354128
31513463336;4093;40;MEDIO;VIUVO;ASSALARIADO;PROPRIA;NAO;NAO;1;4623.12;3599.91;39;0.27145859298502933
48592881435;4094;18;FUNDAM;VIUVO;AUTONOMO;CEDIDA;SIM;NAO;2;3100.05;2472.89;8;0.7016729755582934
49031071292;4095;53;SUPERIOR;SOLTEIRO;SERVIDOR PUBLICO;ALUGADA;SIM;SIM;0;14991.07;11504.31;49;0.13586291149034752
81333893290;4096;40;MEDIO;DIVORCIADO;ASSALARIADO;PROPRIA;SIM;NAO;0;5797.55;4479.43;39;0.40511785611369616
42939176026;4097;28;MEDIO;SOLTEIRO;ASSALARIADO;PROPRIA;SIM;SIM;2;12343.35;9506.63;82;0.10174110236589172
78180634259;4098;39;SUPERIOR;CASADO;SERVIDOR PUBLICO;PROPRIA;SIM;NAO;1;24251.91;18624.21;103;0.030066287270276756
88996135259;4099;44;FUNDAM;CASADO;ASSALARIADO;FINANCIADA;SIM;NAO;0;7734.74;6328.46;25;0.172330273373156
13568035874;4100;33;SUPERIOR;CASADO;ASSALARIADO;PROPRIA;NAO;NAO;0;24933.33;19797.65;112;0.12661945182934195
69259640961;4101;28;FUNDAM;CASADO;SERVIDOR PUBLICO;ALUGADA;SIM;NAO;4;5033.99;4074.96;31;0.40102936299720465
12113250410;4102;33;SUPERIOR;CASADO;ASSALARIADO;PROPRIA;SIM;NAO;0;15120.39;12489.82;76;0.12621436637859335
23178023337;4103;28;FUNDAM;DIVORCIADO;EMPRESARIO;PROPRIA;NAO;NAO;1;5678.9;4354.24;23;0.3053356166452094
55997657021;4104;47;MEDIO;DIVORCIADO;ASSALARIADO;FINANCIADA;SIM;NAO;2;14668.93;12215.61;102;0.11614825347626398
20527528554;4105;43;POS;CASADO;ASSALARIADO;FINANCIADA;SIM;NAO;0;24692.85;19152.94;49;0.17670990155426056
38824898667;4106;38;MEDIO;CASADO;SERVIDOR PUBLICO;PROPRIA;NAO;NAO;1;4061.65;3390.58;38;0.42032561220967585
70214945110;4107;26;FUNDAM;CASADO;ASSALARIADO;FINANCIADA;SIM;SIM;1;1412.0;1087.56;1;0.933637945450051
64329419610;4108;56;SUPERIOR;CASADO;SERVIDOR PUBLICO;PROPRIA;SIM;NAO;3;24908.61;19571.78;88;0.12338116621498507
63524619553;4109;35;FUNDAM;SOLTEIRO;SERVIDOR PUBLICO;PROPRIA;NAO;NAO;1;1846.46;1476.79;8;0.6227999633123905
48930811143;4110;25;SUPERIOR;SOLTEIRO;EMPRESARIO;ALUGADA;NAO;NAO;2;12128.36;9976.94;52;0.22411108466545684
20229116529;4111;43;MEDIO;SOLTEIRO;ASSALARIADO;FINANCIADA;SIM;NAO;2;4983.3;4125.01;33;0.3043013188294422
79553065064;4112;18;SUPERIOR;DIVORCIADO;ASSALARIADO;PROPRIA;SIM;SIM;0;8044.42;6727.52;31;0.31225102559648177
15640667512;4113;58;SUPERIOR;CASADO;SERVIDOR PUBLICO;PROPRIA;SIM;NAO;0;24943.03;19992.41;92;0.14046361755021022
18930391712;4114;53;POS;CASADO;ASSALARIADO;PROPRIA;SIM;NAO;0;39984.18;31329.35;88;0.14726111223431856
30057336082;4115;36;MEDIO;CASADO;ASSALARIADO;ALUGADA;NAO;NAO;0;4587.4;3684.48;24;0.2462993771976491
59345363766;4116;32;MEDIO;SOLTEIRO;ASSALARIADO;PROPRIA;NAO;NAO;1;9539.6;7736.53;25;0.263947978232897
35492154574;4117;34;MEDIO;CASADO;AUTONOMO;ALUGADA;SIM;NAO;1;2666.6;2060.48;6;0.9308355310302802
16799097162;4118;28;POS;CASADO;EMPRESARIO;FINANCIADA;SIM;SIM;1;25805.11;21589.43;61;0.20067265109910565
63269574336;4119;55;POS;CASADO;ASSALARIADO;PROPRIA;SIM;NAO;2;35614.53;29270.79;91;0.08223489957111293
44442652896;4120;34;POS;CASADO;SERVIDOR PUBLICO;FINANCIADA;NAO;SIM;0;10172.4;8497.62;27;0.33124737382138136
12822079630;4121;38;SUPERIOR;CASADO;SERVIDOR PUBLICO;PROPRIA;NAO;NAO;1;18505.48;15246.44;23;0.21960318819591598
58069338287;4122;40;MEDIO;CASADO;SERVIDOR PUBLICO;PROPRIA;NAO;NAO;1;5075.74;4162.97;34;0.5267459530373562
65151484517;4123;53;MEDIO;CASADO;SERVIDOR PUBLICO;PROPRIA;NAO;NAO;1;3829.13;2955.15;38;0.3029378125072505
73626296984;4124;18;FUNDAM;CASADO;ASSALARIADO;ALUGADA;NAO;SIM;0;2215.58;1799.93;12;0.6857110753533106
85520621596;4125;33;MEDIO;CASADO;SERVIDOR PUBLICO;FINANCIADA;SIM;NAO;0;2356.01;1829.68;27;0.41515627229491725
80851375523;4126;33;MEDIO;CASADO;ASSALARIADO;ALUGADA;NAO;NAO;1;6071.1;4623.01;29;0.3579527224000967
55472819611;4127;39;SUPERIOR;CASADO;SERVIDOR PUBLICO;PROPRIA;SIM;NAO;2;10088.08;8026.95;9;0.3667924506920658
27310465654;4128;29;MEDIO;CASADO;AUTONOMO;PROPRIA;SIM;SIM;0;2846.78;2164.73;13;0.6313606193188602
84292775451;4129;53;SUPERIOR;SOLTEIRO;APOSENTADO;PROPRIA;SIM;NAO;1;15121.19;11949.16;47;0.15084576146020792
48557176894;4130;37;SUPERIOR;CASADO;SERVIDOR PUBLICO;PROPRIA;SIM;NAO;1;36558.7;29558.56;92;0.09535164652837694
25250543871;4131;56;SUPERIOR;SOLTEIRO;SERVIDOR PUBLICO;FINANCIADA;NAO;SIM;1;16182.39;13274.24;64;0.17683603819157911
99175228947;4132;43;SUPERIOR;SOLTEIRO;ASSALARIADO;PROPRIA;NAO;NAO;2;15883.73;13280.35;69;0.1673822160016381
48328438842;4133;18;SUPERIOR;CASADO;EMPRESARIO;PROPRIA;SIM;NAO;1;10652.28;8197.99;25;0.4599193953614361
41149597796;4134;31;MEDIO;CASADO;AUTONOMO;FINANCIADA;NAO;NAO;1;3811.85;2911.42;23;0.3506818264829653
35015942033;4135;41;MEDIO;DIVORCIADO;AUTONOMO;PROPRIA;SIM;SIM;1;7514.95;5825.23;14;0.38634706798855256
16854013454;4136;52;MEDIO;CASADO;ASSALARIADO;FINANCIADA;SIM;NAO;1;17184.13;13689.41;93;0.03251782174621187
55275225964;4137;31;SUPERIOR;CASADO;ASSALARIADO;PROPRIA;SIM;SIM;0;5844.89;4623.6;1;0.4240688142874399
97363869912;4138;38;POS;CASADO;ASSALARIADO;PROPRIA;SIM;NAO;1;22096.02;17337.86;91;0.16936256934646815
74041847954;4139;47;MEDIO;DIVORCIADO;ASSALARIADO;PROPRIA;SIM;NAO;3;5236.61;4204.25;1;0.2668690250320525
18580865494;4140;46;MEDIO;CASADO;ASSALARIADO;ALUGADA;SIM;NAO;0;8405.83;6823.89;28;0.2391788807757388
22211181424;4141;39;SUPERIOR;CASADO;SERVIDOR PUBLICO;ALUGADA;SIM;NAO;2;12989.93;10700.55;32;0.23670859524438764
22439341744;4142;40;SUPERIOR;SOLTEIRO;SERVIDOR PUBLICO;PROPRIA;SIM;NAO;1;27565.39;22841.34;89;0.11227828194733734
33920837173;4143;36;POS;VIUVO;ASSALARIADO;ALUGADA;SIM;SIM;2;39772.64;31743.13;64;0.09673127037633839
75432316367;4144;31;SUPERIOR;CASADO;AUTONOMO;ALUGADA;NAO;SIM;0;7988.49;6517.42;31;0.37213770691725495
35069196449;4145;43;FUNDAM;SOLTEIRO;AUTONOMO;ALUGADA;SIM;NAO;0;2137.61;1684.14;13;0.6826842919731254
41250377641;4146;61;SUPERIOR;CASADO;APOSENTADO;PROPRIA;SIM;NAO;2;11330.88;9460.43;32;0.42627222634062994
68549999529;4147;37;SUPERIOR;DIVORCIADO;ASSALARIADO;ALUGADA;NAO;NAO;2;27308.72;21017.37;75;0.0742329215781766
15519039869;4148;50;MEDIO;DIVORCIADO;ASSALARIADO;PROPRIA;SIM;NAO;2;9073.28;6967.86;59;0.2122643825503196
66115818322;4149;32;POS;CASADO;EMPRESARIO;PROPRIA;SIM;NAO;2;8549.64;6717.82;14;0.5111777590471107
50220790536;4150;38;POS;SOLTEIRO;SERVIDOR PUBLICO;PROPRIA;NAO;NAO;2;10056.38;8132.15;7;0.5143342708906395
61046139114;4151;73;POS;SOLTEIRO;AUTONOMO;PROPRIA;SIM;SIM;0;42256.84;34514.71;81;0.1557748380762961
66298112668;4152;58;SUPERIOR;CASADO;ASSALARIADO;PROPRIA;NAO;SIM;2;24975.04;19143.67;111;0.05902825885866098
40955193817;4153;48;MEDIO;CASADO;SERVIDOR PUBLICO;PROPRIA;NAO;NAO;0;2441.87;1977.35;17;0.4904696379026374
11438484282;4154;34;POS;CASADO;ASSALARIADO;PROPRIA;SIM;SIM;0;27165.67;22427.53;44;0.1815931630402691
29261826119;4155;22;MEDIO;SOLTEIRO;ASSALARIADO;CEDIDA;SIM;NAO;1;6482.29;5182.81;22;0.22531865237952464
99071691579;4156;45;MEDIO;CASADO;APOSENTADO;PROPRIA;SIM;NAO;0;12263.25;9340.03;63;0.12837323700343828
30397190887;4157;60;MEDIO;CASADO;AUTONOMO;PROPRIA;SIM;NAO;1;3395.18;2718.25;1;0.3813946079882072
49487982251;4158;40;MEDIO;CASADO;EMPRESARIO;FINANCIADA;NAO;NAO;4;1651.69;1326.28;14;0.6850642537817108
31915282238;4159;21;MEDIO;CASADO;ASSALARIADO;PROPRIA;NAO;SIM;1;1607.96;1236.46;4;0.7502091484675594
65619812269;4160;44;POS;SOLTEIRO;ASSALARIADO;PROPRIA;NAO;SIM;1;15145.21;12140.11;34;0.44715701684585096
17960184069;4161;41;SUPERIOR;CASADO;SERVIDOR PUBLICO;PROPRIA;SIM;NAO;0;11040.92;8976.8;38;0.41270163073888816
12067026710;4162;36;SUPERIOR;SOLTEIRO;SERVIDOR PUBLICO;PROPRIA;SIM;NAO;1;24214.94;19478.22;105;0.1328915322430168
97785532834;4163;41;POS;DIVORCIADO;ASSALARIADO;FINANCIADA;SIM;NAO;1;15162.09;12672.07;15;0.3493106278221363
11538812176;4164;57;SUPERIOR;CASADO;ASSALARIADO;PROPRIA;NAO;NAO;1;18018.1;14603.28;83;0.21161083535578426
29455865461;4165;46;MEDIO;SOLTEIRO;ASSALARIADO;PROPRIA;SIM;NAO;3;5533.95;4278.6;7;0.22819070551914758
16246363647;4166;29;POS;CASADO;ASSALARIADO;FINANCIADA;NAO;NAO;0;25313.13;20543.47;38;0.21733261528440787
79275583579;4167;24;MEDIO;DIVORCIADO;APOSENTADO;PROPRIA;NAO;NAO;1;8344.77;6578.24;47;0.08177508680909885
56949353823;4168;62;MEDIO;SOLTEIRO;SERVIDOR PUBLICO;PROPRIA;SIM;NAO;2;11110.22;8629.21;84;0.01
60859445893;4169;50;MEDIO;SOLTEIRO;ASSALARIADO;PROPRIA;SIM;NAO;4;9346.55;7331.58;36;0.18913820067681866
93693845963;4170;60;POS;CASADO;APOSENTADO;ALUGADA;NAO;NAO;1;37867.56;29679.65;48;0.05682791326668337
92356141224;4171;65;SUPERIOR;CASADO;ASSALARIADO;ALUGADA;SIM;SIM;2;25184.19;19394.72;130;0.17843739059461985
48131111530;4172;18;MEDIO;SOLTEIRO;EMPRESARIO;PROPRIA;SIM;NAO;0;2133.64;1739.96;6;0.7097802101659569
94216776475;4173;43;SUPERIOR;DIVORCIADO;APOSENTADO;ALUGADA;NAO;NAO;1;9123.37;7097.05;35;0.3196854488669884
42183070656;4174;35;POS;CASADO;EMPRESARIO;FINANCIADA;SIM;NAO;2;14133.38;11068.49;33;0.32841061593971144
29921142714;4175;27;MEDIO;CASADO;EMPRESARIO;PROPRIA;NAO;NAO;3;1424.91;1161.15;2;0.7648324844867989
46280852357;4176;22;MEDIO;SOLTEIRO;ASSALARIADO;ALUGADA;NAO;NAO;1;1412.0;1156.17;6;0.8798572061220511
77742637334;4177;33;MEDIO;CASADO;ASSALARIADO;PROPRIA;SIM;SIM;1;5323.48;4115.17;42;0.2901452164894366
67818850458;4178;28;MEDIO;CASADO;AUTONOMO;PROPRIA;NAO;NAO;0;3926.2;3025.55;14;0.47958361486623124
52569140773;4179;46;POS;VIUVO;ASSALARIADO;PROPRIA;SIM;NAO;1;27063.42;22161.71;36;0.23354077470784007
95321422485;4180;42;SUPERIOR;DIVORCIADO;AUTONOMO;PROPRIA;SIM;NAO;0;17078.74;14205.03;31;0.1330881722252482
72952914272;4181;53;SUPERIOR;VIUVO;AUTONOMO;PROPRIA;NAO;NAO;1;16132.91;12503.28;32;0.10587133236451536
48476581334;4182;26;MEDIO;CASADO;SERVIDOR PUBLICO;FINANCIADA;NAO;NAO;0;7351.41;6029.07;50;0.39138857818579326
18871874391;4183;38;SUPERIOR;CASADO;ASSALARIADO;ALUGADA;NAO;NAO;0;5843.09;4578.75;28;0.6344423178703417
15939868316;4184;30;MEDIO;SOLTEIRO;APOSENTADO;PROPRIA;SIM;SIM;2;8698.87;6934.91;82;0.27902966662200285
48952776011;4185;40;POS;CASADO;EMPRESARIO;PROPRIA;SIM;NAO;0;44003.02;36617.24;110;0.16801904089755337
49664381638;4186;36;FUNDAM;CASADO;ASSALARIADO;PROPRIA;NAO;NAO;1;5232.52;4206.99;35;0.37142857647253547
23272995791;4187;46;MEDIO;SOLTEIRO;ASSALARIADO;PROPRIA;NAO;NAO;0;9163.62;6993.44;106;0.05106864134739726
62849854388;4188;41;FUNDAM;CASADO;ASSALARIADO;ALUGADA;SIM;NAO;3;3620.43;2900.4;17;0.3681992324596202
85081259342;4189;45;FUNDAM;SOLTEIRO;AUTONOMO;PROPRIA;SIM;NAO;1;2270.22;1743.63;13;0.37683449786567597
99036527410;4190;44;POS;CASADO;ASSALARIADO;PROPRIA;SIM;NAO;2;8611.43;6660.14;22;0.5456171903375485
65198468431;4191;32;FUNDAM;CASADO;AUTONOMO;FINANCIADA;SIM;NAO;1;2953.02;2274.89;31;0.35566796669960765
12539064419;4192;44;MEDIO;CASADO;EMPRESARIO;PROPRIA;SIM;NAO;0;2831.29;2367.28;15;0.6747479111004618
80052173428;4193;31;MEDIO;CASADO;SERVIDOR PUBLICO;PROPRIA;SIM;NAO;0;4528.28;3564.74;16;0.34845910150941967
29595023421;4194;33;SUPERIOR;CASADO;ASSALARIADO;ALUGADA;SIM;NAO;0;5698.12;4391.86;28;0.47502677870013293
70251589466;4195;36;MEDIO;SOLTEIRO;ASSALARIADO;PROPRIA;SIM;SIM;2;4741.64;3833.27;28;0.33320064665368493
69640943816;4196;49;SUPERIOR;CASADO;ASSALARIADO;ALUGADA;NAO;NAO;0;15037.58;12442.32;21;0.17178610182676812
43381213659;4197;46;SUPERIOR;SOLTEIRO;ASSALARIADO;ALUGADA;NAO;NAO;0;27108.78;21145.18;110;0.13181111019816524
48048815357;4198;43;SUPERIOR;SOLTEIRO;EMPRESARIO;ALUGADA;SIM;NAO;1;14869.17;12319.72;23;0.14372551764342809
36479133439;4199;41;MEDIO;CASADO;ASSALARIADO;FINANCIADA;NAO;NAO;4;2396.34;1869.05;37;0.26840276027074417
43328735861;4200;53;FUNDAM;CASADO;AUTONOMO;PROPRIA;SIM;SIM;2;4845.16;3750.16;42;0.3766712390843795
25176777864;4201;25;FUNDAM;SOLTEIRO;APOSENTADO;ALUGADA;NAO;NAO;0;1426.95;1132.15;8;0.6275223963110299
94230818190;4202;48;POS;SOLTEIRO;ASSALARIADO;PROPRIA;NAO;NAO;2;20024.69;16187.25;58;0.2789349584280063
76446036994;4203;45;SUPERIOR;CASADO;EMPRESARIO;PROPRIA;SIM;SIM;1;22903.17;18323.08;76;0.07166476801337762
36678638213;4204;26;SUPERIOR;CASADO;APOSENTADO;CEDIDA;SIM;NAO;0;2653.58;2151.41;4;0.6521577032954247
71638952380;4205;34;SUPERIOR;CASADO;SERVIDOR PUBLICO;FINANCIADA;SIM;NAO;2;25144.14;19757.63;65;0.05218455757339642
37360763091;4206;50;SUPERIOR;CASADO;APOSENTADO;FINANCIADA;SIM;SIM;1;9447.26;7568.19;41;0.3099308556641139
24268623944;4207;30;SUPERIOR;CASADO;ASSALARIADO;FINANCIADA;SIM;SIM;3;11844.4;9133.11;44;0.36033884273095335
64785634121;4208;24;SUPERIOR;SOLTEIRO;AUTONOMO;ALUGADA;SIM;SIM;1;9907.38;7662.49;24;0.35187950987961014
24331927153;4209;67;MEDIO;SOLTEIRO;SERVIDOR PUBLICO;PROPRIA;SIM;NAO;2;12584.27;10317.32;92;0.14582655648209084
54251311589;4210;56;POS;CASADO;AUTONOMO;PROPRIA;SIM;NAO;1;33231.9;26690.91;72;0.11922036797374355
72469510855;4211;45;SUPERIOR;SOLTEIRO;ASSALARIADO;FINANCIADA;SIM;NAO;0;28731.4;23162.23;74;0.13260115496753822
83437352795;4212;23;MEDIO;SOLTEIRO;AUTONOMO;PROPRIA;NAO;NAO;1;3686.94;3029.21;36;0.4142519922547437
90693373367;4213;46;MEDIO;CASADO;SERVIDOR PUBLICO;PROPRIA;SIM;NAO;0;5939.41;4927.36;66;0.4635597998537681
42295994283;4214;41;SUPERIOR;CASADO;AUTONOMO;PROPRIA;NAO;NAO;2;14831.79;11807.47;80;0.15218235740264366
18370666254;4215;45;POS;CASADO;ASSALARIADO;PROPRIA;SIM;NAO;1;13398.93;10750.48;47;0.43656815898505735
53185573031;4216;54;POS;CASADO;ASSALARIADO;PROPRIA;NAO;NAO;2;9316.78;7217.73;4;0.4941989751352019
18111130664;4217;44;POS;CASADO;AUTONOMO;PROPRIA;NAO;NAO;0;41323.59;32162.26;84;0.062468754997822694
45314470372;4218;42;SUPERIOR;SOLTEIRO;EMPRESARIO;PROPRIA;NAO;NAO;1;9211.34;7454.21;29;0.28793892457101494
29178388226;4219;26;MEDIO;CASADO;ASSALARIADO;FINANCIADA;NAO;NAO;0;3874.62;3221.64;17;0.462204673344905
68641651298;4220;34;SUPERIOR;CASADO;SERVIDOR PUBLICO;PROPRIA;SIM;SIM;0;16544.51;12770.19;53;0.19524366769756646
10365331333;4221;50;SUPERIOR;DIVORCIADO;ASSALARIADO;PROPRIA;SIM;SIM;2;17902.97;14661.83;40;0.21664315563487152
11814070292;4222;30;SUPERIOR;CASADO;SERVIDOR PUBLICO;ALUGADA;SIM;NAO;0;10157.01;7933.0;49;0.30714667950168856
59446024075;4223;30;MEDIO;CASADO;ASSALARIADO;PROPRIA;SIM;NAO;1;2235.98;1846.57;16;0.6818700390635849
95816355521;4224;38;SUPERIOR;CASADO;ASSALARIADO;CEDIDA;NAO;NAO;0;6827.2;5479.12;13;0.5359227293458994
64051231339;4225;41;POS;CASADO;SERVIDOR PUBLICO;PROPRIA;SIM;NAO;1;14165.54;10968.81;39;0.3960903456613446
68480899322;4226;18;MEDIO;VIUVO;ASSALARIADO;PROPRIA;SIM;NAO;0;3410.03;2649.37;15;0.43909739500511347
97822964413;4227;24;POS;CASADO;ASSALARIADO;PROPRIA;NAO;NAO;1;21085.02;16194.99;43;0.1699536385936135
53968554011;4228;33;FUNDAM;CASADO;SERVIDOR PUBLICO;PROPRIA;NAO;NAO;1;6086.84;4787.71;23;0.32698457096395883
22480287925;4229;26;POS;CASADO;AUTONOMO;ALUGADA;SIM;NAO;1;15534.88;11981.7;55;0.36366182853685414
15932653982;4230;64;MEDIO;CASADO;SERVIDOR PUBLICO;PROPRIA;SIM;NAO;0;6227.88;4987.56;43;0.24118441799191714
23083127925;4231;35;MEDIO;SOLTEIRO;ASSALARIADO;ALUGADA;NAO;NAO;0;4139.77;3167.52;1;0.33519362873403324
58782255855;4232;33;FUNDAM;DIVORCIADO;ASSALARIADO;PROPRIA;NAO;NAO;0;4488.69;3463.02;24;0.33830193056394
38610053839;4233;35;MEDIO;CASADO;ASSALARIADO;PROPRIA;NAO;NAO;0;7500.82;6125.75;74;0.13241088478467916
62716718749;4234;39;MEDIO;SOLTEIRO;ASSALARIADO;PROPRIA;SIM;SIM;0;2548.34;1963.19;5;0.5378543087950136
69811671035;4235;36;POS;SOLTEIRO;ASSALARIADO;PROPRIA;NAO;NAO;0;37833.81;31067.91;89;0.1842511462819339
90256249836;4236;34;POS;CASADO;ASSALARIADO;PROPRIA;SIM;NAO;1;23110.73;18435.21;69;0.1935890037911115
42734475481;4237;43;SUPERIOR;CASADO;ASSALARIADO;ALUGADA;NAO;NAO;0;30874.3;25667.13;81;0.1261141705358458
35954838017;4238;44;SUPERIOR;SOLTEIRO;EMPRESARIO;ALUGADA;NAO;NAO;1;7188.73;5529.72;26;0.4410364779970884
53250012779;4239;44;SUPERIOR;CASADO;ASSALARIADO;CEDIDA;SIM;NAO;1;5849.09;4451.35;14;0.38102682827210593
99197461764;4240;40;MEDIO;DIVORCIADO;ASSALARIADO;PROPRIA;NAO;SIM;0;8041.03;6717.88;85;0.199256347644061
99616627982;4241;63;MEDIO;CASADO;ASSALARIADO;PROPRIA;SIM;SIM;0;5051.8;4109.9;34;0.40894282776122626
13969575583;4242;52;POS;SOLTEIRO;AUTONOMO;ALUGADA;NAO;NAO;0;25200.63;20350.26;79;0.12232391972032286
17798611450;4243;24;SUPERIOR;DIVORCIADO;APOSENTADO;PROPRIA;SIM;NAO;0;5590.74;4456.19;30;0.6745827700093843
95762192721;4244;24;MEDIO;CASADO;SERVIDOR PUBLICO;ALUGADA;SIM;NAO;0;7343.84;5772.63;33;0.11995391301292865
39286736934;4245;26;FUNDAM;CASADO;ASSALARIADO;FINANCIADA;NAO;NAO;3;7974.41;6541.2;35;0.15367736580852015
83353625768;4246;22;SUPERIOR;SOLTEIRO;AUTONOMO;ALUGADA;NAO;NAO;0;3581.28;2760.97;16;0.5389737896521157
96632271327;4247;30;MEDIO;CASADO;ASSALARIADO;PROPRIA;SIM;NAO;0;11230.29;9145.55;44;0.2966430990572509
48193855014;4248;48;POS;SOLTEIRO;SERVIDOR PUBLICO;ALUGADA;NAO;NAO;1;44113.1;33531.26;75;0.12114121244916456
18888330693;4249;29;SUPERIOR;SOLTEIRO;ASSALARIADO;PROPRIA;NAO;NAO;2;8996.3;7157.65;37;0.3539428989861828
14079918544;4250;18;FUNDAM;CASADO;ASSALARIADO;PROPRIA;NAO;NAO;2;1524.3;1241.85;6;0.8280134837913451
38236751633;4251;50;SUPERIOR;SOLTEIRO;ASSALARIADO;PROPRIA;NAO;NAO;0;15240.35;11619.19;33;0.14236812069000843
25347145322;4252;50;POS;SOLTEIRO;APOSENTADO;FINANCIADA;SIM;SIM;0;43081.18;33376.32;91;0.10677587218062277
57537581159;4253;36;SUPERIOR;SOLTEIRO;ASSALARIADO;PROPRIA;NAO;NAO;0;15097.84;11805.84;66;0.13046319620688848
21781977339;4254;48;MEDIO;CASADO;EMPRESARIO;PROPRIA;SIM;SIM;0;3814.27;3137.0;44;0.32643556808929436
58275578718;4255;49;SUPERIOR;CASADO;EMPRESARIO;PROPRIA;SIM;SIM;0;25273.92;19250.66;74;0.14351893027611667
79377050243;4256;40;MEDIO;CASADO;SERVIDOR PUBLICO;ALUGADA;SIM;NAO;2;4927.64;3786.14;59;0.10908099931909676
67381969925;4257;28;FUNDAM;SOLTEIRO;SERVIDOR PUBLICO;PROPRIA;SIM;NAO;1;1420.06;1151.21;6;0.98
43413027965;4258;48;MEDIO;CASADO;SERVIDOR PUBLICO;PROPRIA;SIM;NAO;1;6042.75;4988.85;31;0.40773179558602435
81091149875;4259;53;MEDIO;CASADO;AUTONOMO;PROPRIA;NAO;NAO;3;8313.48;6712.52;52;0.1019480884914343
73884272795;4260;47;SUPERIOR;SOLTEIRO;ASSALARIADO;PROPRIA;NAO;NAO;0;14951.06;11910.87;55;0.06241533517761731
89192835321;4261;44;SUPERIOR;CASADO;ASSALARIADO;PROPRIA;SIM;NAO;0;25786.37;19914.99;80;0.08734901186773289
21572675343;4262;31;FUNDAM;SOLTEIRO;SERVIDOR PUBLICO;PROPRIA;NAO;NAO;1;1790.54;1482.65;5;0.7287031645853906
33737593087;4263;33;MEDIO;SOLTEIRO;ASSALARIADO;FINANCIADA;SIM;NAO;1;11837.91;9658.94;37;0.21103991419313659
43713416290;4264;41;MEDIO;CASADO;ASSALARIADO;FINANCIADA;NAO;NAO;1;8389.11;6845.19;28;0.1958797487430068
78727282695;4265;34;MEDIO;CASADO;SERVIDOR PUBLICO;PROPRIA;SIM;SIM;0;5791.53;4605.5;27;0.3201555309720758
13064038015;4266;25;MEDIO;SOLTEIRO;ASSALARIADO;PROPRIA;NAO;NAO;0;4300.27;3331.9;44;0.25152940899849013
64824438667;4267;55;POS;CASADO;ASSALARIADO;PROPRIA;SIM;SIM;1;15324.39;12717.02;1;0.3106274627162824
50422936231;4268;47;SUPERIOR;SOLTEIRO;ASSALARIADO;PROPRIA;NAO;SIM;3;25195.23;19911.72;89;0.18430329078360175
10359840094;4269;21;MEDIO;CASADO;SERVIDOR PUBLICO;FINANCIADA;SIM;NAO;0;2881.46;2369.27;10;0.4662138860133122
19881219119;4270;18;FUNDAM;DIVORCIADO;EMPRESARIO;ALUGADA;NAO;NAO;1;2255.7;1754.18;22;0.6402440566796195
46982676366;4271;19;MEDIO;SOLTEIRO;AUTONOMO;PROPRIA;SIM;NAO;1;5212.09;4104.51;47;0.20032527272807038
59574343657;4272;20;FUNDAM;CASADO;SERVIDOR PUBLICO;PROPRIA;NAO;SIM;1;1412.0;1128.63;7;0.597731496218656
31515748475;4273;55;POS;VIUVO;ASSALARIADO;FINANCIADA;NAO;NAO;0;37113.95;30606.38;46;0.07748190321471848
90765928015;4274;29;MEDIO;SOLTEIRO;ASSALARIADO;FINANCIADA;SIM;NAO;1;3076.33;2441.94;38;0.16838872436021596
85816113530;4275;43;MEDIO;SOLTEIRO;ASSALARIADO;FINANCIADA;SIM;NAO;2;5087.66;4144.1;34;0.40402296908593016
76466555536;4276;55;MEDIO;CASADO;ASSALARIADO;PROPRIA;SIM;NAO;2;5000.93;4001.8;45;0.2728590245144276
17774320917;4277;40;SUPERIOR;CASADO;ASSALARIADO;CEDIDA;SIM;NAO;2;14358.85;11831.62;48;0.2975773470662889
56631873746;4278;53;MEDIO;CASADO;SERVIDOR PUBLICO;FINANCIADA;NAO;NAO;0;7938.81;6286.96;73;0.17613335397791163
74278889592;4279;36;POS;CASADO;ASSALARIADO;ALUGADA;NAO;NAO;1;36755.94;29346.08;93;0.11429671096604872
71357472996;4280;46;SUPERIOR;CASADO;APOSENTADO;ALUGADA;SIM;SIM;1;18854.01;15161.15;31;0.2144912008482289
95041224050;4281;44;SUPERIOR;SOLTEIRO;ASSALARIADO;PROPRIA;SIM;NAO;0;25260.08;20195.59;98;0.022648037565289006
21372193938;4282;35;MEDIO;CASADO;APOSENTADO;ALUGADA;NAO;NAO;2;2249.03;1845.49;18;0.47383198539531696
40566191479;4283;50;POS;CASADO;ASSALARIADO;ALUGADA;SIM;NAO;3;23221.46;18188.64;43;0.2051855976271993
15524412865;4284;43;MEDIO;CASADO;ASSALARIADO;FINANCIADA;SIM;NAO;2;12838.61;9924.98;45;0.07704803258149363
33115198511;4285;22;SUPERIOR;CASADO;ASSALARIADO;PROPRIA;NAO;NAO;2;10155.59;7741.45;22;0.38392235104603434
38828684848;4286;25;MEDIO;VIUVO;SERVIDOR PUBLICO;ALUGADA;NAO;NAO;0;7527.19;6023.07;40;0.31046174355362255
66664689885;4287;18;MEDIO;SOLTEIRO;SERVIDOR PUBLICO;FINANCIADA;SIM;NAO;2;1937.12;1484.84;1;0.5539359534973255
25812584758;4288;34;SUPERIOR;CASADO;AUTONOMO;PROPRIA;SIM;NAO;2;10941.44;8372.72;77;0.25841777310760444
41534091769;4289;42;SUPERIOR;SOLTEIRO;AUTONOMO;ALUGADA;SIM;NAO;2;16728.83;12779.84;89;0.2213408878636226
48675998456;4290;18;MEDIO;CASADO;EMPRESARIO;ALUGADA;SIM;NAO;2;1755.18;1342.44;35;0.48718923642451045
10133067486;4291;38;FUNDAM;CASADO;ASSALARIADO;ALUGADA;NAO;NAO;0;2238.79;1793.49;51;0.38239200741922286
54640616951;4292;40;POS;VIUVO;ASSALARIADO;PROPRIA;SIM;NAO;1;38176.67;31584.88;99;0.029451774234531047
36389317347;4293;37;SUPERIOR;CASADO;ASSALARIADO;PROPRIA;NAO;SIM;0;12019.55;9721.27;37;0.2543901604177755
28397516475;4294;36;MEDIO;DIVORCIADO;AUTONOMO;PROPRIA;SIM;SIM;1;2078.83;1685.03;8;0.5819521739967097
27054764674;4295;40;MEDIO;SOLTEIRO;APOSENTADO;FINANCIADA;SIM;SIM;1;10049.77;8112.01;59;0.2699451198406024
29548618764;4296;45;SUPERIOR;CASADO;ASSALARIADO;PROPRIA;SIM;NAO;1;16013.09;12533.63;69;0.14266300713982882
86743625268;4297;48;SUPERIOR;CASADO;APOSENTADO;PROPRIA;NAO;NAO;0;23856.2;18228.73;96;0.11606193820000818
56765097563;4298;49;SUPERIOR;CASADO;ASSALARIADO;PROPRIA;NAO;SIM;1;25413.31;20514.56;104;0.147601180455172
40664129836;4299;33;MEDIO;SOLTEIRO;ASSALARIADO;FINANCIADA;NAO;NAO;1;8619.21;6804.59;32;0.27424140522168244
23276585765;4300;42;SUPERIOR;SOLTEIRO;ASSALARIADO;PROPRIA;SIM;SIM;2;9899.74;7978.76;9;0.32896887453939433
50699859788;4301;61;MEDIO;CASADO;ASSALARIADO;FINANCIADA;SIM;NAO;2;12981.45;10228.95;67;0.054165864754273166
65534470089;4302;21;MEDIO;CASADO;ASSALARIADO;PROPRIA;NAO;NAO;0;2609.82;2070.64;17;0.411287074649172
60619512578;4303;23;MEDIO;CASADO;EMPRESARIO;PROPRIA;SIM;NAO;0;3778.48;3138.33;16;0.4071812780811994
62117445266;4304;59;MEDIO;CASADO;SERVIDOR PUBLICO;PROPRIA;SIM;SIM;1;6239.81;5091.66;4;0.16559597785029515
43552710138;4305;18;MEDIO;CASADO;ASSALARIADO;FINANCIADA;SIM;NAO;0;3366.22;2634.3;22;0.4963616076937612
71999769784;4306;43;SUPERIOR;CASADO;ASSALARIADO;ALUGADA;SIM;SIM;1;26201.6;21626.32;110;0.032823305017812
51896397873;4307;33;FUNDAM;SOLTEIRO;SERVIDOR PUBLICO;FINANCIADA;SIM;NAO;2;2917.92;2399.83;15;0.32871412613515477
23291830317;4308;48;MEDIO;CASADO;ASSALARIADO;ALUGADA;NAO;SIM;0;5700.53;4730.56;32;0.35669543346791205
22474232331;4309;30;MEDIO;CASADO;AUTONOMO;PROPRIA;SIM;NAO;0;2186.41;1716.66;34;0.4793669497596891
41838331754;4310;31;FUNDAM;SOLTEIRO;ASSALARIADO;PROPRIA;NAO;NAO;0;3024.08;2525.92;24;0.6101587762417
81412620616;4311;66;SUPERIOR;CASADO;AUTONOMO;ALUGADA;SIM;NAO;0;15599.71;12647.66;63;0.2680183451359903
84146294056;4312;31;MEDIO;SOLTEIRO;SERVIDOR PUBLICO;PROPRIA;SIM;NAO;0;2608.54;2140.38;13;0.7750218606847291
40322296552;4313;46;POS;VIUVO;ASSALARIADO;CEDIDA;NAO;SIM;0;37064.26;29683.49;64;0.12138583046589366
12593743146;4314;40;MEDIO;CASADO;SERVIDOR PUBLICO;ALUGADA;SIM;NAO;1;1488.9;1216.74;5;0.8202685698216527
73214939910;4315;22;SUPERIOR;CASADO;SERVIDOR PUBLICO;PROPRIA;NAO;SIM;0;3042.26;2418.57;9;0.98
39042339559;4316;53;POS;SOLTEIRO;EMPRESARIO;PROPRIA;NAO;NAO;3;40419.32;31521.27;91;0.12084941567536663
81167762381;4317;28;MEDIO;DIVORCIADO;ASSALARIADO;PROPRIA;NAO;SIM;1;3367.16;2663.66;20;0.42023726835777986
35026854340;4318;43;SUPERIOR;VIUVO;APOSENTADO;FINANCIADA;SIM;NAO;1;26167.54;21967.5;76;0.1442951556324939
69683438729;4319;50;SUPERIOR;DIVORCIADO;ASSALARIADO;ALUGADA;SIM;NAO;0;14448.18;11558.78;74;0.047882943274243056
85018227482;4320;48;MEDIO;SOLTEIRO;SERVIDOR PUBLICO;PROPRIA;SIM;NAO;2;6853.86;5603.8;25;0.34355578461037084
95175772386;4321;55;MEDIO;CASADO;AUTONOMO;ALUGADA;SIM;NAO;1;4408.26;3482.01;39;0.44837333267816937
28789759438;4322;31;MEDIO;CASADO;EMPRESARIO;PROPRIA;NAO;SIM;0;2700.7;2145.63;10;0.5675959061489678
27991825778;4323;40;SUPERIOR;SOLTEIRO;ASSALARIADO;PROPRIA;NAO;NAO;0;9004.05;7330.2;45;0.3977812729149521
67978967040;4324;54;POS;CASADO;SERVIDOR PUBLICO;PROPRIA;NAO;SIM;2;15304.59;11928.58;15;0.35904561906453153
78177285274;4325;26;MEDIO;CASADO;ASSALARIADO;PROPRIA;NAO;NAO;2;3498.83;2747.06;20;0.42824964412636035
11849842177;4326;31;MEDIO;CASADO;ASSALARIADO;PROPRIA;NAO;NAO;1;1695.14;1348.75;3;0.7662466625106583
87044297169;4327;55;POS;SOLTEIRO;SERVIDOR PUBLICO;PROPRIA;SIM;NAO;0;41291.59;33321.78;91;0.10590494119550203
27066493732;4328;29;MEDIO;CASADO;SERVIDOR PUBLICO;ALUGADA;NAO;NAO;2;1915.15;1493.6;7;0.6826500554391167
33253237056;4329;44;POS;CASADO;APOSENTADO;ALUGADA;NAO;NAO;2;43975.67;35163.65;74;0.030465102429047222
21330810875;4330;46;FUNDAM;SOLTEIRO;ASSALARIADO;FINANCIADA;SIM;SIM;0;3542.76;2871.48;8;0.428755427541914
91753620451;4331;36;SUPERIOR;CASADO;ASSALARIADO;PROPRIA;NAO;NAO;2;18415.97;15271.82;63;0.19061303352214248
96385915710;4332;50;SUPERIOR;SOLTEIRO;SERVIDOR PUBLICO;FINANCIADA;SIM;SIM;2;29552.04;22950.61;81;0.1687494803341309
70595986491;4333;54;SUPERIOR;CASADO;EMPRESARIO;PROPRIA;SIM;NAO;3;18521.02;14701.98;48;0.2546529104286366
85986852457;4334;44;SUPERIOR;SOLTEIRO;ASSALARIADO;PROPRIA;SIM;SIM;1;10274.94;7890.49;41;0.3768029326222372
56696690081;4335;56;SUPERIOR;CASADO;ASSALARIADO;PROPRIA;SIM;NAO;0;16628.97;12921.89;64;0.2541836886791973
95896826917;4336;35;SUPERIOR;SOLTEIRO;EMPRESARIO;FINANCIADA;SIM;NAO;2;26285.24;20838.41;99;0.06635049163946946
85979720792;4337;29;MEDIO;CASADO;SERVIDOR PUBLICO;ALUGADA;SIM;SIM;0;4342.37;3572.82;29;0.2739214901095112
25715958319;4338;22;SUPERIOR;SOLTEIRO;ASSALARIADO;ALUGADA;NAO;NAO;2;4835.4;3926.72;13;0.706354672491679
62735895395;4339;42;SUPERIOR;SOLTEIRO;APOSENTADO;PROPRIA;NAO;NAO;1;18197.77;14240.16;70;0.25510519095261774
18476667781;4340;56;POS;CASADO;ASSALARIADO;FINANCIADA;SIM;NAO;1;23393.33;19477.96;69;0.15841345968712464
52625065047;4341;29;SUPERIOR;CASADO;SERVIDOR PUBLICO;ALUGADA;SIM;NAO;0;10502.15;8794.88;36;0.38598602020195016
46051975366;4342;49;SUPERIOR;CASADO;SERVIDOR PUBLICO;PROPRIA;NAO;SIM;0;27197.19;21005.78;90;0.09375041716515597
27466275839;4343;18;FUNDAM;SOLTEIRO;AUTONOMO;ALUGADA;NAO;SIM;1;1908.18;1512.48;25;0.4872919528645236
88317567569;4344;54;MEDIO;SOLTEIRO;ASSALARIADO;ALUGADA;SIM;NAO;0;4035.34;3302.71;15;0.5722732501044687
82714152170;4345;26;MEDIO;DIVORCIADO;EMPRESARIO;PROPRIA;SIM;SIM;0;4787.6;3684.14;25;0.2767983629446869
32366188649;4346;46;SUPERIOR;CASADO;ASSALARIADO;ALUGADA;SIM;NAO;0;15632.98;12601.76;65;0.19774012725560786
65867393655;4347;37;MEDIO;SOLTEIRO;ASSALARIADO;PROPRIA;NAO;NAO;1;4201.54;3364.5;27;0.47445479975139543
41814648560;4348;32;FUNDAM;SOLTEIRO;ASSALARIADO;FINANCIADA;NAO;NAO;0;3113.27;2387.08;22;0.26061983346471174
32373983011;4349;29;POS;SOLTEIRO;SERVIDOR PUBLICO;PROPRIA;SIM;SIM;2;10302.9;7914.56;25;0.3357239632588781
90426454031;4350;50;MEDIO;SOLTEIRO;ASSALARIADO;FINANCIADA;SIM;SIM;2;5292.44;4052.14;56;0.3432449790742499
96516331890;4351;18;SUPERIOR;CASADO;SERVIDOR PUBLICO;PROPRIA;SIM;NAO;1;6663.12;5592.16;10;0.49057602333628453
69868588270;4352;42;POS;CASADO;ASSALARIADO;PROPRIA;NAO;NAO;0;14529.68;11562.13;45;0.23622715451413337
40554454549;4353;33;POS;SOLTEIRO;ASSALARIADO;PROPRIA;SIM;NAO;1;23782.2;18166.08;62;0.21737943041939947
77546277825;4354;27;MEDIO;CASADO;ASSALARIADO;CEDIDA;SIM;NAO;1;1412.0;1098.33;2;0.8068368840067971
41121890241;4355;37;POS;CASADO;EMPRESARIO;PROPRIA;SIM;SIM;0;13356.33;10667.31;14;0.28309082929403606
15191431572;4356;53;POS;SOLTEIRO;ASSALARIADO;FINANCIADA;SIM;NAO;1;15927.68;12206.64;19;0.38860667739615784
84495025943;4357;36;MEDIO;SOLTEIRO;SERVIDOR PUBLICO;PROPRIA;SIM;NAO;1;10436.71;8072.57;55;0.21352496461344644
53543736684;4358;41;MEDIO;CASADO;ASSALARIADO;PROPRIA;SIM;SIM;0;5503.32;4298.78;21;0.350806178468308
94948486833;4359;24;FUNDAM;VIUVO;SERVIDOR PUBLICO;ALUGADA;NAO;SIM;2;5445.14;4319.33;49;0.3568130660644554
14056955490;4360;57;POS;DIVORCIADO;ASSALARIADO;PROPRIA;SIM;SIM;0;23896.58;18339.12;78;0.261994074052021
40475180476;4361;54;MEDIO;SOLTEIRO;EMPRESARIO;PROPRIA;SIM;SIM;0;9229.26;7586.85;59;0.07736200523679548
21096182668;4362;43;MEDIO;SOLTEIRO;ASSALARIADO;PROPRIA;NAO;NAO;0;1412.0;1082.6;55;0.3624770713247392
68311623369;4363;53;SUPERIOR;CASADO;SERVIDOR PUBLICO;PROPRIA;NAO;NAO;0;7004.33;5740.51;26;0.7162235021549382
41175163284;4364;18;SUPERIOR;DIVORCIADO;ASSALARIADO;PROPRIA;SIM;NAO;0;8237.41;6652.07;2;0.3856462365130517
29399475973;4365;46;MEDIO;CASADO;ASSALARIADO;PROPRIA;SIM;NAO;1;10298.85;8610.37;64;0.25724253448475964
72337519445;4366;42;SUPERIOR;SOLTEIRO;ASSALARIADO;ALUGADA;SIM;NAO;1;9406.83;7538.6;39;0.4636262628129122
41763528558;4367;28;SUPERIOR;CASADO;ASSALARIADO;FINANCIADA;SIM;SIM;1;23945.1;19136.39;75;0.11846658523548945
30832528020;4368;27;SUPERIOR;CASADO;EMPRESARIO;PROPRIA;SIM;NAO;1;10952.78;9162.72;45;0.33414364310382705
48927669856;4369;39;MEDIO;CASADO;ASSALARIADO;FINANCIADA;SIM;NAO;2;12743.94;10291.75;45;0.12117492302656135
91214826718;4370;33;MEDIO;CASADO;SERVIDOR PUBLICO;PROPRIA;SIM;SIM;4;11564.79;8972.74;41;0.1752919364473908
87553227935;4371;31;MEDIO;SOLTEIRO;ASSALARIADO;FINANCIADA;SIM;SIM;0;9311.27;7302.44;50;0.13695836247784524
85549570873;4372;40;MEDIO;SOLTEIRO;SERVIDOR PUBLICO;ALUGADA;NAO;SIM;0;7989.01;6203.83;43;0.15690382059370475
81047494735;4373;45;SUPERIOR;DIVORCIADO;ASSALARIADO;PROPRIA;NAO;SIM;1;23926.99;19658.01;105;0.08661895230057996
18847564659;4374;32;SUPERIOR;CASADO;ASSALARIADO;PROPRIA;NAO;NAO;1;19699.87;15787.29;24;0.1693165037230673
33395924392;4375;39;SUPERIOR;SOLTEIRO;SERVIDOR PUBLICO;PROPRIA;SIM;SIM;0;8376.14;6778.92;24;0.34485013413519516
77987370276;4376;34;SUPERIOR;CASADO;AUTONOMO;PROPRIA;SIM;SIM;0;9027.01;7070.47;31;0.2001804434298153
75689950744;4377;59;SUPERIOR;CASADO;EMPRESARIO;FINANCIADA;SIM;NAO;0;14674.01;11275.58;61;0.21232255212497608
19566499124;4378;49;FUNDAM;CASADO;SERVIDOR PUBLICO;PROPRIA;NAO;NAO;3;3271.84;2540.91;7;0.3295271438436995
50869650664;4379;51;POS;CASADO;ASSALARIADO;PROPRIA;SIM;NAO;2;34860.25;27890.44;66;0.05725047999706706
10636095080;4380;39;MEDIO;CASADO;APOSENTADO;PROPRIA;NAO;SIM;0;4912.16;4076.64;22;0.32436308019020066
67910599119;4381;41;SUPERIOR;SOLTEIRO;ASSALARIADO;PROPRIA;SIM;NAO;0;23470.0;18175.82;72;0.11740678837332746
91760798023;4382;47;POS;CASADO;SERVIDOR PUBLICO;PROPRIA;SIM;NAO;1;38895.37;30606.62;60;0.11044581883887294
62472397380;4383;31;MEDIO;SOLTEIRO;ASSALARIADO;PROPRIA;NAO;NAO;1;6158.03;5151.08;29;0.5155010488226897
50483649415;4384;52;SUPERIOR;SOLTEIRO;SERVIDOR PUBLICO;PROPRIA;NAO;NAO;0;10137.86;8463.55;46;0.3373771756938993
51968666643;4385;18;FUNDAM;SOLTEIRO;APOSENTADO;PROPRIA;NAO;NAO;1;1412.0;1139.5;9;0.7836511671066844
57781293855;4386;18;MEDIO;CASADO;ASSALARIADO;PROPRIA;NAO;NAO;0;5660.89;4342.92;10;0.25849802056474525
90466019294;4387;25;FUNDAM;CASADO;SERVIDOR PUBLICO;ALUGADA;SIM;NAO;1;1540.88;1262.86;1;0.9598343865655529
88325321660;4388;51;POS;SOLTEIRO;APOSENTADO;PROPRIA;SIM;SIM;1;45785.16;37350.74;88;0.09500404864706176
60468645172;4389;62;POS;CASADO;ASSALARIADO;ALUGADA;NAO;NAO;2;35377.11;28779.7;87;0.10893673497374773
15977675986;4390;42;POS;CASADO;EMPRESARIO;ALUGADA;NAO;NAO;2;39545.54;33067.7;94;0.01769126082062468
51779996467;4391;48;SUPERIOR;DIVORCIADO;ASSALARIADO;ALUGADA;NAO;NAO;1;18549.86;15557.57;66;0.13720412326067102
78229566581;4392;39;MEDIO;CASADO;AUTONOMO;ALUGADA;NAO;SIM;1;4188.64;3428.35;53;0.36346806866254455
21354387875;4393;49;POS;DIVORCIADO;SERVIDOR PUBLICO;PROPRIA;NAO;NAO;1;14614.5;11453.75;45;0.15422542548075133
12110314198;4394;54;SUPERIOR;SOLTEIRO;EMPRESARIO;FINANCIADA;NAO;NAO;1;28038.4;22618.86;75;0.06221352673962232
66365535324;4395;34;FUNDAM;SOLTEIRO;ASSALARIADO;ALUGADA;NAO;SIM;1;2648.76;2105.17;4;0.6233026639196563
68796451579;4396;19;POS;CASADO;ASSALARIADO;PROPRIA;SIM;NAO;0;6704.64;5124.52;13;0.7168500273058112
20635658529;4397;32;SUPERIOR;CASADO;SERVIDOR PUBLICO;PROPRIA;NAO;NAO;1;18676.18;15672.53;59;0.09347944126565805
84721342446;4398;51;POS;DIVORCIADO;APOSENTADO;PROPRIA;NAO;NAO;1;39757.22;32101.43;58;0.18036586114626973
45927810187;4399;50;POS;CASADO;ASSALARIADO;PROPRIA;NAO;NAO;2;41107.61;33704.48;77;0.1189584076609729
50066182126;4400;51;SUPERIOR;VIUVO;ASSALARIADO;ALUGADA;SIM;NAO;2;33601.53;27613.36;116;0.20880083437329325
71551415540;4401;38;POS;CASADO;SERVIDOR PUBLICO;ALUGADA;SIM;SIM;1;36964.93;29801.02;91;0.14465839590360124
90388641641;4402;48;FUNDAM;SOLTEIRO;ASSALARIADO;ALUGADA;NAO;NAO;4;3523.93;2942.14;27;0.40985187734599055
43644333613;4403;43;POS;SOLTEIRO;ASSALARIADO;PROPRIA;NAO;NAO;0;21371.09;17345.83;67;0.14758595245829337
42459998456;4404;47;SUPERIOR;DIVORCIADO;AUTONOMO;PROPRIA;SIM;NAO;4;11911.15;9860.45;47;0.20961585119036547
61073459950;4405;23;FUNDAM;DIVORCIADO;SERVIDOR PUBLICO;ALUGADA;SIM;NAO;2;1412.0;1077.7;1;0.8053061572691492
48470152576;4406;49;MEDIO;SOLTEIRO;SERVIDOR PUBLICO;FINANCIADA;SIM;NAO;0;3890.18;3060.33;26;0.32142002007641957
63436882570;4407;29;FUNDAM;DIVORCIADO;ASSALARIADO;ALUGADA;NAO;NAO;1;1611.4;1296.88;15;0.7031048211814114
42751327385;4408;46;SUPERIOR;CASADO;ASSALARIADO;ALUGADA;SIM;NAO;0;24157.32;20198.52;62;0.11179584288056892
18539811439;4409;28;MEDIO;DIVORCIADO;ASSALARIADO;CEDIDA;NAO;NAO;0;9682.47;7982.75;88;0.2795497883221795
54321273834;4410;35;MEDIO;CASADO;SERVIDOR PUBLICO;ALUGADA;NAO;SIM;3;7328.42;5948.54;32;0.1947511196734546
92061316493;4411;64;SUPERIOR;DIVORCIADO;ASSALARIADO;PROPRIA;SIM;NAO;1;26442.95;20691.12;76;0.07977629350640823
27125349192;4412;42;SUPERIOR;CASADO;EMPRESARIO;PROPRIA;NAO;NAO;0;22926.49;18457.99;80;0.155805524404843
25843471761;4413;45;MEDIO;SOLTEIRO;SERVIDOR PUBLICO;FINANCIADA;NAO;SIM;0;4852.19;3701.92;46;0.3065187987086687
86966147719;4414;32;SUPERIOR;CASADO;ASSALARIADO;FINANCIADA;SIM;NAO;0;9285.01;7299.39;24;0.24707607750518537
33914579794;4415;39;SUPERIOR;CASADO;EMPRESARIO;ALUGADA;SIM;NAO;0;16880.05;12945.87;17;0.19568210649862333
31233436860;4416;28;FUNDAM;DIVORCIADO;AUTONOMO;PROPRIA;NAO;NAO;1;3149.51;2642.38;28;0.4645174684023703
43518228571;4417;35;SUPERIOR;SOLTEIRO;SERVIDOR PUBLICO;PROPRIA;SIM;NAO;0;19093.65;14861.03;49;0.20647485249557357
37887177017;4418;50;POS;CASADO;AUTONOMO;PROPRIA;SIM;NAO;0;38585.8;30649.43;91;0.08881821517559604
84592131420;4419;29;SUPERIOR;CASADO;APOSENTADO;PROPRIA;NAO;NAO;0;20666.54;15988.77;82;0.1634118830993077
83114418654;4420;53;POS;CASADO;ASSALARIADO;CEDIDA;SIM;SIM;3;41909.74;32698.14;100;0.06338629130034004
22434465473;4421;46;MEDIO;DIVORCIADO;ASSALARIADO;PROPRIA;SIM;NAO;0;15269.79;11629.62;69;0.09603778756088414
53058392857;4422;20;FUNDAM;CASADO;ASSALARIADO;PROPRIA;NAO;NAO;1;1498.0;1220.64;3;0.98
17485261943;4423;51;SUPERIOR;CASADO;ASSALARIADO;FINANCIADA;SIM;SIM;0;10644.32;8417.79;25;0.3011333840461683
10760415190;4424;34;SUPERIOR;SOLTEIRO;EMPRESARIO;FINANCIADA;SIM;NAO;0;4937.08;4040.94;12;0.39264987602168394
56961941774;4425;38;SUPERIOR;SOLTEIRO;ASSALARIADO;ALUGADA;SIM;NAO;2;14278.03;11173.1;46;0.15709254906976527
75316844657;4426;42;SUPERIOR;SOLTEIRO;ASSALARIADO;CEDIDA;NAO;NAO;1;14765.25;12217.36;58;0.2331963828969756
18675193139;4427;45;SUPERIOR;SOLTEIRO;ASSALARIADO;CEDIDA;SIM;SIM;1;14648.59;11530.01;55;0.12785998749515437
23599258775;4428;42;POS;CASADO;SERVIDOR PUBLICO;FINANCIADA;SIM;SIM;1;38326.75;29715.86;118;0.06841352953352522
29681682044;4429;48;MEDIO;CASADO;SERVIDOR PUBLICO;PROPRIA;NAO;NAO;4;17646.46;14442.75;74;0.08192493853690451
17820572376;4430;27;MEDIO;CASADO;SERVIDOR PUBLICO;ALUGADA;SIM;SIM;1;2550.71;1965.11;16;0.7151029453114834
74948575472;4431;48;MEDIO;CASADO;ASSALARIADO;FINANCIADA;SIM;NAO;2;5039.98;3959.26;32;0.20943426883919058
23437528717;4432;28;SUPERIOR;SOLTEIRO;AUTONOMO;FINANCIADA;NAO;NAO;2;10955.08;8723.4;51;0.3187056445197673
46618915717;4433;48;SUPERIOR;SOLTEIRO;SERVIDOR PUBLICO;PROPRIA;NAO;SIM;1;8086.88;6671.92;53;0.46983935881019634
89720895163;4434;28;MEDIO;VIUVO;ASSALARIADO;ALUGADA;NAO;NAO;0;2465.57;2043.36;13;0.7718852827567316
79383435538;4435;29;SUPERIOR;CASADO;SERVIDOR PUBLICO;ALUGADA;SIM;NAO;0;20761.37;17176.49;113;0.08741269291930436
79283313013;4436;60;SUPERIOR;CASADO;ASSALARIADO;CEDIDA;NAO;NAO;0;16997.24;13365.46;81;0.1970602477772757
51239919331;4437;39;SUPERIOR;CASADO;ASSALARIADO;ALUGADA;SIM;NAO;0;15903.14;13125.7;40;0.176565062805362
60273719521;4438;25;FUNDAM;CASADO;SERVIDOR PUBLICO;ALUGADA;SIM;NAO;0;2732.71;2176.69;28;0.5397488013200417
64110429379;4439;26;MEDIO;VIUVO;ASSALARIADO;PROPRIA;SIM;NAO;1;1689.34;1383.54;3;0.8814617300539002
71871851883;4440;40;SUPERIOR;CASADO;ASSALARIADO;ALUGADA;SIM;NAO;2;16333.02;12480.11;33;0.1576603877121286
43514756960;4441;18;SUPERIOR;DIVORCIADO;APOSENTADO;PROPRIA;NAO;SIM;0;3750.24;3000.38;1;0.8047690286461914
68958775557;4442;34;MEDIO;CASADO;ASSALARIADO;FINANCIADA;SIM;NAO;1;3507.04;2846.38;27;0.40611632883997595
22848062729;4443;38;MEDIO;CASADO;SERVIDOR PUBLICO;ALUGADA;NAO;NAO;0;12548.21;10374.27;52;0.26505531201306454
51548515868;4444;41;SUPERIOR;CASADO;ASSALARIADO;FINANCIADA;SIM;NAO;0;19428.76;14984.86;79;0.10269719990936005
56936029348;4445;35;MEDIO;SOLTEIRO;EMPRESARIO;PROPRIA;SIM;NAO;3;7886.97;6536.72;48;0.07760162324097186
14326896371;4446;24;MEDIO;CASADO;AUTONOMO;ALUGADA;SIM;NAO;0;1754.27;1470.51;1;0.98
17489315088;4447;63;MEDIO;SOLTEIRO;AUTONOMO;PROPRIA;NAO;SIM;0;9928.68;8171.3;30;0.16617785542151928
49585782956;4448;40;MEDIO;CASADO;SERVIDOR PUBLICO;PROPRIA;NAO;NAO;1;4485.89;3553.41;13;0.5341218772008566
40443046895;4449;28;POS;SOLTEIRO;EMPRESARIO;ALUGADA;SIM;SIM;2;26289.9;20873.57;64;0.05967809372533259
57537795263;4450;42;MEDIO;CASADO;AUTONOMO;PROPRIA;NAO;NAO;1;3812.29;3135.85;28;0.5434864688852197
94192039334;4451;48;SUPERIOR;CASADO;ASSALARIADO;PROPRIA;NAO;NAO;0;20464.01;16074.18;60;0.23372534818834748
35220285144;4452;36;SUPERIOR;DIVORCIADO;ASSALARIADO;PROPRIA;NAO;SIM;2;10726.11;8588.16;56;0.21834959673337556
68426554513;4453;42;FUNDAM;CASADO;SERVIDOR PUBLICO;PROPRIA;NAO;NAO;0;1796.3;1409.06;1;0.40133767246455787
94651281342;4454;43;MEDIO;CASADO;EMPRESARIO;ALUGADA;NAO;NAO;0;4203.97;3258.3;1;0.43805752229923345
23485669213;4455;28;FUNDAM;CASADO;ASSALARIADO;PROPRIA;NAO;NAO;3;1547.33;1212.02;8;0.6511334498164237
55729246193;4456;49;SUPERIOR;CASADO;ASSALARIADO;PROPRIA;SIM;NAO;1;29292.46;22609.0;46;0.15827936406078277
55487664337;4457;28;FUNDAM;DIVORCIADO;APOSENTADO;PROPRIA;SIM;NAO;0;2137.89;1762.96;4;0.5926247587948208
31916110113;4458;51;POS;CASADO;ASSALARIADO;PROPRIA;SIM;NAO;3;41800.24;31996.59;91;0.14651459704124048
35269242517;4459;29;SUPERIOR;CASADO;ASSALARIADO;PROPRIA;NAO;NAO;2;16629.91;13273.78;35;0.20693054457493648
23973899037;4460;52;FUNDAM;CASADO;EMPRESARIO;PROPRIA;SIM;NAO;0;3237.42;2705.61;46;0.25737187509692516
74427046821;4461;57;SUPERIOR;VIUVO;AUTONOMO;PROPRIA;SIM;NAO;2;15182.67;12686.39;69;0.23334959111557496
93690013034;4462;42;MEDIO;SOLTEIRO;APOSENTADO;PROPRIA;SIM;SIM;1;5087.02;4170.75;22;0.3312002274051142
49025630230;4463;32;FUNDAM;CASADO;ASSALARIADO;PROPRIA;NAO;NAO;1;1412.0;1131.68;3;0.7546839164120039
15563487396;4464;49;SUPERIOR;DIVORCIADO;ASSALARIADO;PROPRIA;SIM;SIM;2;26251.77;20739.49;116;0.06391450168881482
17373548871;4465;39;FUNDAM;DIVORCIADO;ASSALARIADO;ALUGADA;SIM;NAO;0;5655.21;4736.12;51;0.2923401026594412
69395294685;4466;45;SUPERIOR;SOLTEIRO;EMPRESARIO;ALUGADA;NAO;SIM;1;19073.32;14934.11;40;0.14956204347639732
65135273780;4467;45;SUPERIOR;SOLTEIRO;APOSENTADO;PROPRIA;NAO;NAO;0;26666.43;20985.68;111;0.10445001928364399
57573674627;4468;61;POS;DIVORCIADO;ASSALARIADO;FINANCIADA;SIM;NAO;0;41987.99;32893.95;68;0.06784449844048945
91582357387;4469;37;SUPERIOR;CASADO;APOSENTADO;PROPRIA;SIM;NAO;1;4899.26;4098.12;6;0.6519149127861968
43417960432;4470;36;FUNDAM;CASADO;SERVIDOR PUBLICO;PROPRIA;NAO;SIM;0;1412.0;1143.35;10;0.6613006291352399
96556788619;4471;36;MEDIO;CASADO;ASSALARIADO;PROPRIA;NAO;NAO;1;2696.81;2247.96;1;0.7837678322193052
27790120360;4472;26;FUNDAM;CASADO;APOSENTADO;FINANCIADA;NAO;NAO;1;1421.37;1176.13;6;0.8969620660454624
93940654854;4473;29;MEDIO;CASADO;ASSALARIADO;ALUGADA;SIM;NAO;0;9732.29;8102.65;48;0.07758487837470608
72478173591;4474;28;SUPERIOR;SOLTEIRO;ASSALARIADO;ALUGADA;SIM;NAO;1;19103.25;15788.88;66;0.08026064889052349
92673066032;4475;35;MEDIO;SOLTEIRO;SERVIDOR PUBLICO;PROPRIA;SIM;NAO;3;3826.3;2938.95;21;0.29004229720110636
61040226934;4476;25;FUNDAM;CASADO;AUTONOMO;PROPRIA;SIM;NAO;1;3012.5;2431.21;12;0.3157645734057047
68068639815;4477;46;POS;CASADO;ASSALARIADO;PROPRIA;SIM;SIM;0;21687.95;16793.41;65;0.1565927670647544
59424112523;4478;54;POS;SOLTEIRO;SERVIDOR PUBLICO;FINANCIADA;NAO;NAO;3;25453.8;19870.18;47;0.13536959172382823
47941146238;4479;36;POS;CASADO;ASSALARIADO;PROPRIA;NAO;NAO;0;15523.35;13003.07;50;0.3456210398702694
30930522766;4480;29;MEDIO;CASADO;SERVIDOR PUBLICO;PROPRIA;SIM;NAO;0;4909.64;3830.91;56;0.2396715510488434
34593895914;4481;34;POS;CASADO;ASSALARIADO;PROPRIA;NAO;NAO;2;40347.18;31897.08;63;0.16427680352889568
14820367258;4482;18;SUPERIOR;CASADO;ASSALARIADO;ALUGADA;NAO;SIM;0;10342.68;8107.6;57;0.19013811303898137
40419716877;4483;37;MEDIO;CASADO;ASSALARIADO;PROPRIA;SIM;SIM;1;6403.74;5207.38;27;0.4448153544846479
24422816019;4484;53;FUNDAM;SOLTEIRO;APOSENTADO;PROPRIA;SIM;NAO;2;5418.34;4545.26;7;0.16448758714239428
73680053342;4485;44;SUPERIOR;CASADO;SERVIDOR PUBLICO;FINANCIADA;SIM;NAO;0;16375.1;12719.67;63;0.09451168697736537
52570231565;4486;33;MEDIO;CASADO;AUTONOMO;PROPRIA;NAO;NAO;0;4578.7;3765.64;10;0.22137170884732024
72846219192;4487;47;POS;SOLTEIRO;SERVIDOR PUBLICO;FINANCIADA;SIM;SIM;0;39225.68;29826.77;53;0.0788361672875261
28129354210;4488;47;SUPERIOR;CASADO;AUTONOMO;PROPRIA;NAO;NAO;0;20398.61;16410.86;50;0.14138231705561782
27289235880;4489;18;MEDIO;CASADO;EMPRESARIO;PROPRIA;NAO;NAO;2;2736.31;2210.32;35;0.5087130471537691
18869072766;4490;32;MEDIO;DIVORCIADO;APOSENTADO;FINANCIADA;NAO;NAO;2;5125.72;4250.62;57;0.21892886866736155
67922910543;4491;51;SUPERIOR;SOLTEIRO;SERVIDOR PUBLICO;FINANCIADA;SIM;NAO;0;17405.84;14477.53;67;0.2268223174100923
95222447468;4492;41;SUPERIOR;SOLTEIRO;ASSALARIADO;PROPRIA;NAO;NAO;1;7134.59;5908.42;26;0.515765235168705
12153597223;4493;33;SUPERIOR;CASADO;SERVIDOR PUBLICO;PROPRIA;NAO;SIM;2;8921.16;7097.57;28;0.41799409661458253
59693880824;4494;45;FUNDAM;SOLTEIRO;APOSENTADO;PROPRIA;NAO;NAO;2;3894.58;3138.6;32;0.478371175023381
15185181744;4495;23;MEDIO;SOLTEIRO;SERVIDOR PUBLICO;PROPRIA;SIM;NAO;1;2731.55;2182.18;23;0.41988391939297
92898047679;4496;33;SUPERIOR;CASADO;ASSALARIADO;CEDIDA;SIM;NAO;0;8748.93;7087.7;51;0.2681568306469461
40229940131;4497;58;SUPERIOR;CASADO;ASSALARIADO;PROPRIA;SIM;NAO;2;10775.38;8377.97;34;0.3564887446050662
81318238723;4498;59;POS;SOLTEIRO;AUTONOMO;ALUGADA;NAO;SIM;0;39854.5;32242.17;115;0.08224781671337307
12337360236;4499;53;SUPERIOR;SOLTEIRO;AUTONOMO;PROPRIA;SIM;NAO;0;17335.92;14066.15;36;0.16650809945220627
88548142338;4500;25;SUPERIOR;SOLTEIRO;ASSALARIADO;PROPRIA;SIM;NAO;1;21711.91;18100.89;5;0.20004315662720884
77023018076;4501;34;SUPERIOR;CASADO;AUTONOMO;FINANCIADA;NAO;NAO;2;10895.14;9099.85;39;0.3601830770607229
93860831812;4502;23;SUPERIOR;CASADO;ASSALARIADO;FINANCIADA;SIM;NAO;1;10231.82;8270.0;30;0.3176573605087943
56088522595;4503;50;POS;SOLTEIRO;SERVIDOR PUBLICO;PROPRIA;SIM;NAO;0;22880.88;17658.37;46;0.21911968923597386
27275113859;4504;50;POS;CASADO;ASSALARIADO;ALUGADA;SIM;NAO;2;38027.65;30715.14;70;0.04375043923024499
80179488655;4505;30;POS;SOLTEIRO;SERVIDOR PUBLICO;PROPRIA;NAO;NAO;0;15768.69;12060.84;38;0.4756806926263635
19372966490;4506;37;SUPERIOR;CASADO;ASSALARIADO;CEDIDA;SIM;NAO;0;16327.56;12649.46;33;0.230867874539371
31984416714;4507;32;MEDIO;SOLTEIRO;ASSALARIADO;PROPRIA;SIM;NAO;0;4070.86;3195.88;18;0.5477570629873457
77474649929;4508;49;MEDIO;CASADO;AUTONOMO;FINANCIADA;NAO;NAO;0;11960.18;9559.84;98;0.01
23119581212;4509;45;MEDIO;CASADO;SERVIDOR PUBLICO;FINANCIADA;SIM;NAO;0;4787.72;3783.39;43;0.37860714700333925
80072847059;4510;39;FUNDAM;CASADO;EMPRESARIO;ALUGADA;SIM;NAO;4;2173.22;1679.34;4;0.9099126361312022
66553947211;4511;62;SUPERIOR;SOLTEIRO;ASSALARIADO;PROPRIA;SIM;NAO;0;27444.45;20979.99;56;0.13635025612645268
31929662554;4512;48;SUPERIOR;DIVORCIADO;AUTONOMO;PROPRIA;NAO;NAO;1;11080.47;8580.42;31;0.3028061582344226
81391158556;4513;42;FUNDAM;CASADO;SERVIDOR PUBLICO;PROPRIA;SIM;NAO;0;12052.18;9779.38;67;0.08461277728656132
95935635171;4514;32;FUNDAM;CASADO;ASSALARIADO;PROPRIA;SIM;NAO;1;2885.88;2265.87;24;0.27814415603835124
74245838039;4515;56;SUPERIOR;CASADO;SERVIDOR PUBLICO;ALUGADA;SIM;SIM;1;9983.5;8111.93;40;0.2647285588166546
47571166939;4516;36;MEDIO;SOLTEIRO;APOSENTADO;PROPRIA;NAO;SIM;0;8153.05;6564.46;80;0.13155799344535377
88232278298;4517;41;POS;SOLTEIRO;ASSALARIADO;FINANCIADA;NAO;NAO;0;13897.58;10636.27;32;0.33984436736268925
73689033773;4518;35;FUNDAM;CASADO;SERVIDOR PUBLICO;FINANCIADA;SIM;SIM;0;2206.6;1799.73;5;0.5678694042661567
28666150525;4519;44;SUPERIOR;CASADO;ASSALARIADO;ALUGADA;NAO;NAO;0;17559.33;14073.0;58;0.0731394619562021
34743676626;4520;62;SUPERIOR;SOLTEIRO;SERVIDOR PUBLICO;PROPRIA;NAO;NAO;0;25608.47;20642.7;119;0.07185057755004065
69295122945;4521;19;FUNDAM;CASADO;ASSALARIADO;PROPRIA;SIM;SIM;0;1913.88;1490.07;1;0.8137342757614568
37844757354;4522;46;MEDIO;SOLTEIRO;ASSALARIADO;PROPRIA;SIM;NAO;0;6044.43;4959.99;25;0.45581812189735094
66243143650;4523;26;MEDIO;CASADO;APOSENTADO;PROPRIA;NAO;SIM;0;2655.29;2022.61;8;0.6128990434023696
57549459220;4524;49;MEDIO;DIVORCIADO;ASSALARIADO;ALUGADA;SIM;NAO;1;4546.63;3807.01;36;0.33444716074725594
50951250932;4525;38;MEDIO;CASADO;ASSALARIADO;ALUGADA;SIM;NAO;2;3693.95;3031.05;3;0.37734312853075735
47181360870;4526;30;SUPERIOR;CASADO;ASSALARIADO;ALUGADA;SIM;NAO;0;19819.4;15519.89;58;0.24605955148144892
33113273464;4527;47;MEDIO;VIUVO;SERVIDOR PUBLICO;PROPRIA;SIM;NAO;2;3251.72;2598.23;23;0.4587749016086687
80783910795;4528;31;MEDIO;SOLTEIRO;ASSALARIADO;FINANCIADA;NAO;NAO;0;3256.28;2685.84;22;0.5492335932255547
88844922069;4529;18;FUNDAM;SOLTEIRO;AUTONOMO;PROPRIA;SIM;NAO;0;4143.51;3247.21;17;0.19591531269871348
96175578575;4530;41;POS;SOLTEIRO;ASSALARIADO;PROPRIA;NAO;SIM;3;24092.02;18524.25;46;0.1631091076033876
12290129173;4531;53;SUPERIOR;SOLTEIRO;ASSALARIADO;CEDIDA;NAO;SIM;1;17972.19;14919.36;50;0.19108590174962073
51174451818;4532;35;POS;CASADO;ASSALARIADO;ALUGADA;SIM;NAO;1;22426.3;18647.59;39;0.2085684577353413
85764984992;4533;26;SUPERIOR;CASADO;ASSALARIADO;ALUGADA;SIM;NAO;1;13393.05;10788.01;58;0.1368236928892613
78041536271;4534;34;POS;CASADO;AUTONOMO;ALUGADA;NAO;SIM;1;25197.92;20253.74;67;0.2461577350152861
21663717748;4535;44;SUPERIOR;SOLTEIRO;ASSALARIADO;ALUGADA;SIM;NAO;3;7648.16;6295.8;12;0.33354993736684335
25768561347;4536;26;MEDIO;CASADO;ASSALARIADO;PROPRIA;SIM;SIM;2;5509.05;4291.25;20;0.3931357594770343
93638388238;4537;63;SUPERIOR;VIUVO;APOSENTADO;PROPRIA;SIM;NAO;0;15880.07;12669.4;58;0.2843260923085533
14360333544;4538;45;MEDIO;CASADO;SERVIDOR PUBLICO;FINANCIADA;SIM;NAO;1;7928.95;6540.39;55;0.35465844336219715
98768479262;4539;54;POS;CASADO;ASSALARIADO;ALUGADA;NAO;NAO;2;38373.63;32015.36;96;0.11333197406542327
10688069570;4540;60;SUPERIOR;DIVORCIADO;EMPRESARIO;PROPRIA;NAO;NAO;0;27743.0;23074.87;77;0.06864382721365472
57597883350;4541;33;POS;CASADO;EMPRESARIO;PROPRIA;SIM;SIM;2;39820.09;32625.01;54;0.10371833335854953
31860532150;4542;26;SUPERIOR;SOLTEIRO;ASSALARIADO;PROPRIA;SIM;NAO;0;10439.8;8565.52;32;0.3319516497315274
25138548433;4543;46;POS;DIVORCIADO;ASSALARIADO;ALUGADA;SIM;NAO;2;25270.22;19954.73;69;0.23178545750221094
88786774790;4544;48;MEDIO;SOLTEIRO;ASSALARIADO;CEDIDA;SIM;SIM;0;10507.01;8735.88;56;0.18875776519819412
19480796542;4545;53;SUPERIOR;SOLTEIRO;EMPRESARIO;ALUGADA;SIM;NAO;0;15964.51;13149.56;49;0.12420190763495578
83221515992;4546;30;SUPERIOR;DIVORCIADO;SERVIDOR PUBLICO;PROPRIA;SIM;NAO;0;6604.95;5395.85;5;0.4212030354209778
43395648431;4547;46;POS;VIUVO;ASSALARIADO;CEDIDA;NAO;NAO;1;36806.56;29970.06;97;0.12357188573175636
84971078925;4548;49;MEDIO;CASADO;ASSALARIADO;FINANCIADA;NAO;NAO;1;4324.73;3340.46;53;0.2651564844544481
54133664685;4549;48;SUPERIOR;DIVORCIADO;ASSALARIADO;PROPRIA;SIM;SIM;0;9890.07;7669.17;21;0.43127540184762897
45547040163;4550;23;SUPERIOR;CASADO;ASSALARIADO;ALUGADA;SIM;NAO;2;5893.3;4749.55;9;0.5882874602817599
17074317580;4551;21;SUPERIOR;CASADO;ASSALARIADO;PROPRIA;NAO;NAO;2;4301.22;3346.72;14;0.862302511178971
27394693726;4552;37;POS;SOLTEIRO;ASSALARIADO;CEDIDA;NAO;NAO;0;36167.29;28950.71;79;0.1548001421190859
56433535916;4553;62;POS;SOLTEIRO;ASSALARIADO;PROPRIA;SIM;NAO;0;39176.17;31395.11;60;0.08949532638088721
96742677745;4554;34;MEDIO;CASADO;ASSALARIADO;PROPRIA;NAO;NAO;2;2120.11;1630.14;15;0.6391116234244656
46153912237;4555;47;SUPERIOR;CASADO;ASSALARIADO;PROPRIA;NAO;NAO;2;9134.32;7036.92;50;0.4454965320898422
64482565031;4556;39;SUPERIOR;CASADO;SERVIDOR PUBLICO;PROPRIA;SIM;NAO;0;10012.65;8166.84;28;0.40531215926588465
28855195568;4557;42;SUPERIOR;DIVORCIADO;ASSALARIADO;PROPRIA;SIM;NAO;1;10225.99;8573.23;72;0.3229518674089467
60330734170;4558;41;MEDIO;CASADO;EMPRESARIO;PROPRIA;NAO;NAO;1;4368.17;3519.17;49;0.20822486184528685
75281832465;4559;29;SUPERIOR;CASADO;ASSALARIADO;PROPRIA;NAO;NAO;1;5097.35;4144.37;11;0.7973213259107854
82697391778;4560;18;MEDIO;DIVORCIADO;SERVIDOR PUBLICO;ALUGADA;SIM;NAO;3;1871.83;1473.82;3;0.9355286145312791
26658126878;4561;60;MEDIO;CASADO;SERVIDOR PUBLICO;FINANCIADA;SIM;NAO;0;4495.9;3588.13;26;0.4678118712187273
67080027764;4562;52;SUPERIOR;SOLTEIRO;AUTONOMO;PROPRIA;NAO;NAO;0;18360.23;14617.15;35;0.15626329256275578
48788330236;4563;18;POS;SOLTEIRO;ASSALARIADO;PROPRIA;SIM;NAO;0;5988.0;4956.12;6;0.6333584795723999
73058069822;4564;55;POS;CASADO;ASSALARIADO;PROPRIA;SIM;SIM;1;32672.9;26224.42;59;0.12367923290676393
73393657964;4565;50;POS;CASADO;EMPRESARIO;PROPRIA;NAO;NAO;3;20972.96;16403.36;86;0.17840631597803971
58781330688;4566;29;MEDIO;SOLTEIRO;ASSALARIADO;PROPRIA;SIM;NAO;0;2202.83;1684.14;10;0.6811662890088356
92731452867;4567;46;SUPERIOR;SOLTEIRO;ASSALARIADO;PROPRIA;NAO;NAO;1;14090.38;10731.74;34;0.1285527054863626
41926174386;4568;18;SUPERIOR;SOLTEIRO;ASSALARIADO;FINANCIADA;NAO;NAO;1;15545.11;12084.14;80;0.15162158477856477
57642816821;4569;36;POS;CASADO;APOSENTADO;PROPRIA;NAO;NAO;1;37265.34;29061.79;103;0.025120819646842263
83779187593;4570;30;MEDIO;SOLTEIRO;EMPRESARIO;PROPRIA;SIM;NAO;1;2219.78;1765.72;13;0.826076452914196
88357124781;4571;36;MEDIO;VIUVO;SERVIDOR PUBLICO;FINANCIADA;SIM;NAO;4;8244.1;6493.5;45;0.26495799026008116
38488631646;4572;34;POS;SOLTEIRO;EMPRESARIO;PROPRIA;NAO;NAO;2;15693.49;12294.11;40;0.22413430463880954
67822675861;4573;31;FUNDAM;CASADO;SERVIDOR PUBLICO;PROPRIA;SIM;NAO;1;4878.75;3762.35;50;0.22582267913957224
67445349064;4574;27;POS;SOLTEIRO;ASSALARIADO;ALUGADA;SIM;NAO;4;10046.3;8250.69;1;0.4310409693531283
10861931081;4575;31;MEDIO;SOLTEIRO;SERVIDOR PUBLICO;ALUGADA;NAO;NAO;0;4747.07;3875.56;1;0.5056499477469821
14637942138;4576;32;SUPERIOR;CASADO;ASSALARIADO;PROPRIA;SIM;NAO;2;18304.59;14384.32;47;0.18629819313460122
49514872378;4577;40;SUPERIOR;SOLTEIRO;SERVIDOR PUBLICO;PROPRIA;SIM;NAO;1;13673.45;10788.19;46;0.1258063279076349
42017620217;4578;49;POS;CASADO;SERVIDOR PUBLICO;FINANCIADA;SIM;NAO;1;24248.45;19551.16;32;0.10685867375912406
73492188637;4579;25;MEDIO;CASADO;EMPRESARIO;PROPRIA;NAO;NAO;0;1412.0;1167.5;5;0.5929881741914822
62178891783;4580;39;POS;CASADO;APOSENTADO;PROPRIA;SIM;NAO;1;13476.54;11296.99;41;0.2142133346528097
62910967718;4581;22;MEDIO;DIVORCIADO;ASSALARIADO;PROPRIA;NAO;NAO;0;3106.1;2427.99;2;0.6289739616644237
73885164916;4582;54;SUPERIOR;CASADO;ASSALARIADO;FINANCIADA;SIM;SIM;2;16337.74;12473.4;22;0.17376547114604013
87076549049;4583;42;MEDIO;DIVORCIADO;ASSALARIADO;PROPRIA;SIM;NAO;3;2571.3;2004.88;11;0.5104507840668904
70045671055;4584;36;SUPERIOR;CASADO;ASSALARIADO;PROPRIA;NAO;NAO;1;6630.14;5540.07;46;0.43276700520736827
89483821780;4585;18;FUNDAM;CASADO;ASSALARIADO;CEDIDA;SIM;NAO;2;1412.0;1163.18;26;0.4253144802099092
77775982662;4586;31;FUNDAM;CASADO;ASSALARIADO;PROPRIA;SIM;NAO;3;1412.0;1137.74;2;0.749275613500727
53795324878;4587;39;MEDIO;CASADO;APOSENTADO;ALUGADA;SIM;SIM;1;10496.6;8722.48;50;0.2042791444306316
26753653063;4588;44;SUPERIOR;SOLTEIRO;APOSENTADO;PROPRIA;SIM;NAO;0;27600.72;23109.19;70;0.07059830264610129
13280459689;4589;51;SUPERIOR;CASADO;AUTONOMO;PROPRIA;NAO;NAO;0;11973.5;9656.09;28;0.44009713419961444
31016876263;4590;36;FUNDAM;CASADO;ASSALARIADO;ALUGADA;NAO;SIM;3;1629.54;1356.64;24;0.3502058468732132
87091737312;4591;35;MEDIO;SOLTEIRO;SERVIDOR PUBLICO;FINANCIADA;NAO;SIM;0;4803.15;3910.07;36;0.35332623352008863
46121435823;4592;42;POS;SOLTEIRO;AUTONOMO;ALUGADA;SIM;NAO;1;23761.68;19804.31;85;0.25169252392897135
23589996128;4593;42;MEDIO;CASADO;ASSALARIADO;PROPRIA;NAO;NAO;0;6065.63;4938.12;20;0.3258166430624645
87394065965;4594;42;SUPERIOR;SOLTEIRO;ASSALARIADO;PROPRIA;SIM;NAO;0;18672.98;14569.49;19;0.10220879740041125
42541627540;4595;28;MEDIO;CASADO;EMPRESARIO;PROPRIA;NAO;NAO;1;10287.81;8008.63;45;0.12658051926174554
26931265164;4596;32;SUPERIOR;VIUVO;SERVIDOR PUBLICO;ALUGADA;SIM;NAO;1;10048.82;8284.93;38;0.36568435357851903
43484637652;4597;38;MEDIO;CASADO;ASSALARIADO;ALUGADA;SIM;NAO;0;3656.76;2878.72;24;0.5063534249885128
56141326585;4598;38;MEDIO;CASADO;AUTONOMO;FINANCIADA;NAO;SIM;0;11258.41;9006.08;47;0.16563129061821696
73662680046;4599;47;MEDIO;SOLTEIRO;ASSALARIADO;ALUGADA;SIM;NAO;2;10516.53;8506.07;61;0.024952880563161306
87819398844;4600;24;SUPERIOR;CASADO;ASSALARIADO;PROPRIA;NAO;NAO;1;18527.76;14243.56;73;0.14107459675056536
78114115137;4601;31;MEDIO;CASADO;APOSENTADO;FINANCIADA;NAO;NAO;0;6068.39;4781.6;49;0.16555896234882048
33249330211;4602;25;SUPERIOR;DIVORCIADO;APOSENTADO;FINANCIADA;NAO;SIM;0;6401.93;5350.42;18;0.5021802893102405
48559318072;4603;33;SUPERIOR;CASADO;SERVIDOR PUBLICO;PROPRIA;NAO;NAO;0;4827.86;4006.85;11;0.7606709405162279
58772456047;4604;34;SUPERIOR;CASADO;AUTONOMO;PROPRIA;SIM;NAO;1;15968.29;13164.4;35;0.2696480833343467
42128415136;4605;23;MEDIO;DIVORCIADO;ASSALARIADO;PROPRIA;SIM;NAO;1;3552.48;2832.11;12;0.40146431405360355
85672592048;4606;35;MEDIO;CASADO;SERVIDOR PUBLICO;FINANCIADA;SIM;NAO;3;1742.24;1377.06;6;0.7902715018911706
52032412877;4607;21;SUPERIOR;SOLTEIRO;EMPRESARIO;PROPRIA;SIM;SIM;1;5032.77;3875.36;7;0.8000936005780036
46757752190;4608;37;POS;CASADO;AUTONOMO;PROPRIA;NAO;SIM;1;24119.6;19397.43;64;0.2313696591454053
22053160422;4609;19;MEDIO;CASADO;ASSALARIADO;PROPRIA;SIM;SIM;0;1412.0;1126.96;3;0.8801109007187525
82328483914;4610;33;SUPERIOR;VIUVO;SERVIDOR PUBLICO;CEDIDA;NAO;NAO;1;17357.71;13768.34;59;0.22353869161852363
89457036644;4611;47;SUPERIOR;VIUVO;ASSALARIADO;PROPRIA;SIM;SIM;2;16195.44;13514.13;25;0.12823903313755844
56546340876;4612;45;MEDIO;DIVORCIADO;ASSALARIADO;PROPRIA;SIM;NAO;0;17201.19;13182.29;51;0.034131846274835065
38697449815;4613;25;MEDIO;CASADO;ASSALARIADO;PROPRIA;SIM;NAO;1;4579.97;3769.25;43;0.34234174916603105
32095899832;4614;49;SUPERIOR;CASADO;EMPRESARIO;FINANCIADA;NAO;NAO;0;28405.86;23387.51;83;0.14145129630476047
95712673315;4615;50;POS;SOLTEIRO;APOSENTADO;PROPRIA;SIM;NAO;0;24320.42;20133.85;32;0.21609720443859753
77294598312;4616;24;MEDIO;CASADO;ASSALARIADO;PROPRIA;SIM;NAO;0;8606.0;7216.3;70;0.2648010549018936
71550251059;4617;25;SUPERIOR;CASADO;APOSENTADO;PROPRIA;SIM;NAO;0;6966.58;5359.31;15;0.629734153159301
54159891560;4618;21;FUNDAM;CASADO;ASSALARIADO;PROPRIA;NAO;SIM;2;2215.36;1756.41;19;0.687031054322182
71546052823;4619;60;MEDIO;DIVORCIADO;ASSALARIADO;FINANCIADA;SIM;NAO;1;10055.03;7728.95;38;0.2384666835484363
27615592519;4620;31;MEDIO;SOLTEIRO;AUTONOMO;PROPRIA;NAO;NAO;2;2170.08;1707.73;8;0.6759529900081958
86626525522;4621;33;FUNDAM;VIUVO;AUTONOMO;PROPRIA;SIM;NAO;1;1924.41;1518.26;4;0.5748895128635962
60457533626;4622;55;MEDIO;CASADO;SERVIDOR PUBLICO;FINANCIADA;NAO;NAO;0;2853.87;2334.69;31;0.5716461185652219
99480878678;4623;45;SUPERIOR;CASADO;ASSALARIADO;PROPRIA;NAO;NAO;3;28394.37;22456.15;65;0.11328699469019383
37432584448;4624;27;MEDIO;CASADO;EMPRESARIO;FINANCIADA;SIM;NAO;1;3939.42;3200.19;35;0.39316858935620547
48229145034;4625;18;MEDIO;CASADO;APOSENTADO;ALUGADA;SIM;NAO;3;2977.98;2377.9;19;0.5205481203974544
91829272595;4626;18;MEDIO;CASADO;SERVIDOR PUBLICO;PROPRIA;NAO;SIM;1;4549.53;3626.14;43;0.50024335764338
52133970475;4627;36;SUPERIOR;CASADO;APOSENTADO;PROPRIA;SIM;NAO;1;16210.25;13081.38;42;0.23643181997288892
20446183326;4628;46;POS;CASADO;ASSALARIADO;PROPRIA;NAO;NAO;0;12835.54;10252.13;41;0.36424963398031945
26379188126;4629;41;MEDIO;CASADO;EMPRESARIO;PROPRIA;NAO;NAO;1;6687.59;5554.99;37;0.3133756368674654
63921649220;4630;61;SUPERIOR;VIUVO;APOSENTADO;PROPRIA;SIM;SIM;0;10021.88;7925.19;11;0.22260967040559215
93914653532;4631;48;MEDIO;CASADO;EMPRESARIO;FINANCIADA;NAO;NAO;1;9788.01;7471.11;98;0.1502635838918582
56882055814;4632;51;SUPERIOR;CASADO;SERVIDOR PUBLICO;PROPRIA;SIM;NAO;2;19049.97;15943.48;41;0.15819093186599054
70617917539;4633;34;MEDIO;SOLTEIRO;APOSENTADO;PROPRIA;SIM;NAO;2;4279.15;3272.67;13;0.4503451390295637
30367894862;4634;18;MEDIO;CASADO;AUTONOMO;PROPRIA;SIM;NAO;2;2971.78;2403.73;13;0.768603676446941
93516914924;4635;52;POS;SOLTEIRO;EMPRESARIO;PROPRIA;NAO;NAO;2;41397.48;33207.06;82;0.020475999956243635
51531228365;4636;25;FUNDAM;CASADO;ASSALARIADO;FINANCIADA;SIM;NAO;4;1412.0;1153.3;6;0.8169838313515291
99129384976;4637;39;SUPERIOR;CASADO;ASSALARIADO;PROPRIA;SIM;NAO;1;17368.51;13455.74;64;0.20652566076708925
76657418618;4638;21;POS;CASADO;AUTONOMO;FINANCIADA;SIM;NAO;0;14333.53;11905.62;24;0.22124801694420795
64787890616;4639;39;FUNDAM;SOLTEIRO;APOSENTADO;PROPRIA;NAO;NAO;0;3013.9;2403.8;21;0.5626112918923118
36858940286;4640;18;FUNDAM;CASADO;ASSALARIADO;FINANCIADA;NAO;SIM;1;2578.02;2154.92;4;0.28162362863477963
21661791034;4641;44;FUNDAM;CASADO;ASSALARIADO;PROPRIA;NAO;NAO;0;1437.82;1124.61;7;0.6168463819172703
31142863682;4642;46;MEDIO;DIVORCIADO;AUTONOMO;ALUGADA;SIM;NAO;1;5704.63;4550.45;72;0.3086895442901154
39671995021;4643;19;FUNDAM;DIVORCIADO;ASSALARIADO;ALUGADA;SIM;NAO;0;2395.36;1924.36;9;0.7461516660496312
77493515592;4644;58;SUPERIOR;CASADO;SERVIDOR PUBLICO;PROPRIA;SIM;SIM;0;29026.38;22632.9;78;0.10124320098281168
91714346515;4645;43;POS;SOLTEIRO;APOSENTADO;PROPRIA;SIM;NAO;2;10297.56;8336.61;26;0.40345287126160656
51497859882;4646;30;MEDIO;SOLTEIRO;ASSALARIADO;PROPRIA;SIM;NAO;1;3491.74;2894.55;21;0.45726158155913593
86122065915;4647;51;MEDIO;CASADO;SERVIDOR PUBLICO;PROPRIA;SIM;NAO;1;5843.04;4802.46;35;0.23771845793825952
13659032530;4648;39;POS;SOLTEIRO;SERVIDOR PUBLICO;ALUGADA;SIM;SIM;1;24315.72;19610.77;23;0.2217748917198607
33395873761;4649;20;FUNDAM;SOLTEIRO;SERVIDOR PUBLICO;ALUGADA;SIM;NAO;1;1787.67;1471.9;1;0.6339188545536669
19016682843;4650;50;POS;CASADO;ASSALARIADO;PROPRIA;SIM;NAO;2;45156.89;36830.96;78;0.12937972494722175
27824873984;4651;38;SUPERIOR;CASADO;ASSALARIADO;FINANCIADA;NAO;SIM;1;22967.02;18374.97;76;0.049829175574822714
51110397550;4652;46;FUNDAM;SOLTEIRO;SERVIDOR PUBLICO;PROPRIA;SIM;NAO;0;3744.04;2890.04;22;0.45314246616963455
92040344048;4653;40;MEDIO;CASADO;SERVIDOR PUBLICO;PROPRIA;SIM;SIM;1;4243.48;3391.32;46;0.41141894076456537
32814880364;4654;31;MEDIO;CASADO;ASSALARIADO;ALUGADA;SIM;NAO;2;2064.05;1580.75;9;0.6712732489069001
20629540532;4655;31;MEDIO;CASADO;ASSALARIADO;PROPRIA;SIM;SIM;0;9158.21;7216.88;56;0.2683543955362675
28336445933;4656;34;POS;SOLTEIRO;ASSALARIADO;FINANCIADA;NAO;NAO;2;38283.38;30486.74;61;0.17253466475949086
21912861827;4657;30;FUNDAM;DIVORCIADO;SERVIDOR PUBLICO;FINANCIADA;SIM;NAO;0;2907.92;2275.56;11;0.4825638577291103
54989565450;4658;40;POS;CASADO;ASSALARIADO;ALUGADA;NAO;SIM;1;14857.06;12457.95;34;0.3236249124967099
93064078426;4659;54;SUPERIOR;CASADO;ASSALARIADO;PROPRIA;SIM;NAO;1;14093.08;11709.84;56;0.1958121105476516
70650025896;4660;41;FUNDAM;SOLTEIRO;AUTONOMO;PROPRIA;SIM;SIM;1;3047.43;2523.56;2;0.4827445243022496
55396998736;4661;34;SUPERIOR;CASADO;EMPRESARIO;CEDIDA;NAO;SIM;0;9047.05;7013.94;17;0.40906273799494686
94250340178;4662;48;FUNDAM;SOLTEIRO;ASSALARIADO;PROPRIA;SIM;NAO;1;4329.59;3625.25;23;0.2461850000456433
77116882574;4663;39;MEDIO;CASADO;AUTONOMO;FINANCIADA;NAO;SIM;1;3926.14;3210.65;45;0.18336347772009395
99350366288;4664;31;MEDIO;DIVORCIADO;ASSALARIADO;PROPRIA;SIM;SIM;3;1412.0;1153.48;13;0.36259352586254057
35343064368;4665;18;MEDIO;CASADO;EMPRESARIO;PROPRIA;SIM;NAO;0;3407.39;2793.6;38;0.25802687084855525
83138324443;4666;34;FUNDAM;CASADO;ASSALARIADO;FINANCIADA;SIM;NAO;0;2050.25;1600.85;7;0.40753646122480885
92679982775;4667;46;MEDIO;CASADO;ASSALARIADO;FINANCIADA;NAO;NAO;0;8716.8;6718.22;85;0.14767490564005453
19099536461;4668;36;MEDIO;SOLTEIRO;SERVIDOR PUBLICO;ALUGADA;SIM;NAO;0;4158.85;3328.09;27;0.42361245697095135
43826366820;4669;35;SUPERIOR;CASADO;EMPRESARIO;PROPRIA;NAO;NAO;2;9525.01;7853.33;27;0.186862706206787
13183079148;4670;27;MEDIO;CASADO;ASSALARIADO;PROPRIA;NAO;NAO;0;3642.04;2867.54;22;0.5763640074078672
57195816336;4671;45;SUPERIOR;CASADO;AUTONOMO;FINANCIADA;NAO;NAO;1;16159.86;13280.52;28;0.20065749947196887
19520846395;4672;30;MEDIO;CASADO;SERVIDOR PUBLICO;CEDIDA;SIM;SIM;0;3337.05;2757.71;9;0.5116816948730288
22286284557;4673;33;SUPERIOR;DIVORCIADO;ASSALARIADO;PROPRIA;SIM;NAO;1;5490.47;4309.98;33;0.31780905437783447
45498580443;4674;49;MEDIO;CASADO;ASSALARIADO;PROPRIA;SIM;SIM;2;11334.14;8887.66;76;0.17230216436900067
86865392727;4675;38;SUPERIOR;VIUVO;SERVIDOR PUBLICO;ALUGADA;SIM;NAO;2;19699.18;15406.82;78;0.08551586386122023
29774531848;4676;25;MEDIO;CASADO;SERVIDOR PUBLICO;PROPRIA;NAO;SIM;2;1421.35;1120.87;1;0.6343919723956162
41098475847;4677;52;POS;CASADO;ASSALARIADO;PROPRIA;NAO;NAO;2;33873.2;26365.01;78;0.10751852362965153
48698472629;4678;30;SUPERIOR;CASADO;AUTONOMO;PROPRIA;SIM;NAO;2;2986.88;2294.4;1;0.9412894837453653
22016593814;4679;41;FUNDAM;VIUVO;APOSENTADO;PROPRIA;SIM;SIM;1;4028.52;3286.45;24;0.21360955572857893
89233315286;4680;40;MEDIO;CASADO;APOSENTADO;PROPRIA;NAO;NAO;0;7269.11;5856.51;14;0.41292688597870825
68016640913;4681;45;SUPERIOR;SOLTEIRO;ASSALARIADO;PROPRIA;SIM;NAO;0;13091.93;10201.59;47;0.06779727275156307
33411895298;4682;46;MEDIO;DIVORCIADO;AUTONOMO;FINANCIADA;NAO;NAO;1;7358.05;5713.74;23;0.1582653998622878
67823687164;4683;18;MEDIO;CASADO;ASSALARIADO;PROPRIA;SIM;SIM;2;2186.44;1697.6;17;0.5410580623016704
35012243092;4684;59;MEDIO;DIVORCIADO;ASSALARIADO;FINANCIADA;SIM;SIM;0;7784.62;6378.14;66;0.15248913471282102
93287162051;4685;20;MEDIO;CASADO;APOSENTADO;PROPRIA;SIM;SIM;1;4701.33;3842.03;25;0.48441192906120734
68212021119;4686;57;SUPERIOR;CASADO;AUTONOMO;PROPRIA;NAO;NAO;0;13000.6;9880.88;8;0.09830877096295602
62128980476;4687;41;SUPERIOR;CASADO;AUTONOMO;PROPRIA;NAO;NAO;0;22077.67;17555.76;87;0.054926818978794034
45459211190;4688;70;MEDIO;CASADO;APOSENTADO;PROPRIA;SIM;SIM;3;16907.56;14163.87;94;0.10509003784267279
14270179111;4689;26;SUPERIOR;CASADO;SERVIDOR PUBLICO;PROPRIA;SIM;SIM;2;10716.67;8337.49;39;0.37673779335139357
43177866549;4690;22;MEDIO;CASADO;ASSALARIADO;PROPRIA;SIM;NAO;4;1883.95;1481.62;5;0.9280756580704439
83425617124;4691;50;POS;CASADO;ASSALARIADO;CEDIDA;NAO;SIM;2;24749.12;20766.2;73;0.16491159309204262
12553171150;4692;31;MEDIO;VIUVO;APOSENTADO;ALUGADA;NAO;NAO;2;5982.77;4643.91;47;0.17937903837133148
34716786442;4693;55;MEDIO;DIVORCIADO;SERVIDOR PUBLICO;ALUGADA;SIM;SIM;0;9687.22;7815.43;44;0.2019413729954678
23953360084;4694;18;POS;SOLTEIRO;EMPRESARIO;FINANCIADA;NAO;SIM;2;15244.45;12031.39;56;0.3830270109318076
15284895759;4695;37;MEDIO;CASADO;ASSALARIADO;PROPRIA;SIM;NAO;2;5418.43;4411.16;21;0.33742516728065575
64183985940;4696;18;MEDIO;SOLTEIRO;SERVIDOR PUBLICO;FINANCIADA;SIM;NAO;2;2134.22;1747.34;14;0.5658203259551927
86969040885;4697;50;MEDIO;SOLTEIRO;ASSALARIADO;PROPRIA;NAO;NAO;0;7324.68;6048.15;16;0.3858782640432169
30993945465;4698;30;FUNDAM;SOLTEIRO;SERVIDOR PUBLICO;PROPRIA;SIM;NAO;0;2871.08;2396.89;20;0.34623229434949404
26025855132;4699;57;MEDIO;CASADO;EMPRESARIO;FINANCIADA;SIM;NAO;0;11241.74;9062.96;49;0.09734331177197883
20086627244;4700;24;MEDIO;CASADO;APOSENTADO;FINANCIADA;SIM;SIM;0;1412.0;1166.26;1;0.8449190973537682
45947232974;4701;28;SUPERIOR;SOLTEIRO;ASSALARIADO;PROPRIA;SIM;NAO;0;17120.48;13256.59;54;0.0782726325764536
99810959937;4702;46;SUPERIOR;SOLTEIRO;ASSALARIADO;FINANCIADA;SIM;NAO;4;26505.84;21261.77;98;0.09196417634556238
17961521666;4703;24;SUPERIOR;CASADO;EMPRESARIO;PROPRIA;SIM;SIM;2;9186.09;7672.13;57;0.5336370705657978
29563445932;4704;27;MEDIO;CASADO;ASSALARIADO;PROPRIA;SIM;NAO;0;7308.59;6075.44;54;0.38512658082563433
53369017610;4705;23;SUPERIOR;CASADO;SERVIDOR PUBLICO;ALUGADA;NAO;NAO;1;18677.34;15208.34;39;0.1827003474178329
96863552774;4706;43;MEDIO;SOLTEIRO;SERVIDOR PUBLICO;PROPRIA;SIM;NAO;4;11213.78;9077.96;43;0.18555029168316609
40059746486;4707;24;MEDIO;CASADO;ASSALARIADO;ALUGADA;SIM;SIM;1;2966.46;2457.14;19;0.4199536030355146
60428327839;4708;44;POS;DIVORCIADO;EMPRESARIO;PROPRIA;SIM;NAO;0;21135.09;16553.76;82;0.1273579388617293
95197361678;4709;39;FUNDAM;CASADO;APOSENTADO;PROPRIA;SIM;NAO;1;2378.19;1932.83;26;0.3396947039863649
98533785846;4710;26;MEDIO;VIUVO;ASSALARIADO;ALUGADA;NAO;NAO;1;6169.0;5091.7;15;0.291932556975307
81924832579;4711;45;SUPERIOR;SOLTEIRO;ASSALARIADO;ALUGADA;SIM;SIM;1;16718.48;12880.52;84;0.3348028462052065
84522668183;4712;25;MEDIO;DIVORCIADO;EMPRESARIO;ALUGADA;SIM;NAO;1;6265.45;4900.96;27;0.21754074241497678
83474593453;4713;42;SUPERIOR;CASADO;ASSALARIADO;PROPRIA;SIM;NAO;2;16931.2;13947.52;51;0.08640227422154535
91970043974;4714;36;MEDIO;CASADO;ASSALARIADO;PROPRIA;SIM;NAO;1;3231.22;2618.2;24;0.309420888430872
51435216689;4715;31;FUNDAM;VIUVO;ASSALARIADO;PROPRIA;NAO;NAO;0;5047.39;4042.11;66;0.33377273760378273
56167874518;4716;46;MEDIO;CASADO;ASSALARIADO;PROPRIA;SIM;NAO;0;7178.52;5509.76;50;0.2028506441412861
83658887975;4717;51;POS;SOLTEIRO;SERVIDOR PUBLICO;ALUGADA;SIM;SIM;2;14189.15;11430.29;39;0.301744045391686
93139897769;4718;28;MEDIO;CASADO;SERVIDOR PUBLICO;PROPRIA;SIM;NAO;1;1412.0;1079.66;4;0.9401972424984696
42243213082;4719;42;MEDIO;CASADO;ASSALARIADO;PROPRIA;NAO;NAO;0;4450.65;3473.65;51;0.1334205420612402
26720493931;4720;19;FUNDAM;CASADO;ASSALARIADO;ALUGADA;SIM;NAO;1;1553.95;1270.38;11;0.8833839560512287
86022481944;4721;37;SUPERIOR;CASADO;AUTONOMO;PROPRIA;NAO;NAO;2;12755.34;10133.64;66;0.2170936276214041
19980486380;4722;51;MEDIO;CASADO;AUTONOMO;PROPRIA;SIM;NAO;0;18060.21;14760.09;97;0.14498073109468432
53372413984;4723;33;SUPERIOR;DIVORCIADO;SERVIDOR PUBLICO;ALUGADA;NAO;NAO;3;17195.64;13070.49;88;0.1469653095956806
62214010398;4724;63;SUPERIOR;CASADO;ASSALARIADO;ALUGADA;SIM;SIM;0;18416.54;14439.76;69;0.20758766950272345
10247594178;4725;52;POS;DIVORCIADO;ASSALARIADO;CEDIDA;SIM;NAO;1;23854.71;18887.72;46;0.16477122476400116
94326168762;4726;41;SUPERIOR;SOLTEIRO;ASSALARIADO;ALUGADA;SIM;NAO;0;23945.68;19160.02;105;0.0982561208094896
39356244013;4727;23;FUNDAM;SOLTEIRO;EMPRESARIO;FINANCIADA;SIM;SIM;2;2500.98;1945.74;7;0.6984597233734223
81447768580;4728;35;FUNDAM;CASADO;SERVIDOR PUBLICO;PROPRIA;NAO;NAO;0;1412.0;1158.85;9;0.6979170668878291
94088540236;4729;35;MEDIO;SOLTEIRO;SERVIDOR PUBLICO;FINANCIADA;SIM;SIM;0;2299.59;1831.58;15;0.40380032187021725
20638379683;4730;53;SUPERIOR;SOLTEIRO;SERVIDOR PUBLICO;PROPRIA;NAO;NAO;1;28317.74;23737.95;64;0.13903613007862103
83785848829;4731;73;POS;SOLTEIRO;ASSALARIADO;ALUGADA;SIM;NAO;1;42870.48;35482.77;69;0.16307199927552435
92219364473;4732;55;POS;CASADO;ASSALARIADO;FINANCIADA;SIM;NAO;2;39897.69;31233.29;120;0.13789464421529135
75886982187;4733;41;MEDIO;CASADO;ASSALARIADO;FINANCIADA;NAO;NAO;0;3603.2;2771.96;16;0.7347333950892956
55228815727;4734;20;FUNDAM;CASADO;ASSALARIADO;ALUGADA;SIM;NAO;0;1522.23;1227.65;13;0.6697441186862868
78434217832;4735;33;SUPERIOR;CASADO;SERVIDOR PUBLICO;ALUGADA;SIM;NAO;2;19313.5;15366.58;79;0.15742691387302168
40574370933;4736;51;POS;CASADO;ASSALARIADO;PROPRIA;NAO;NAO;2;41012.0;33732.7;98;0.17219048446034962
11138436133;4737;44;SUPERIOR;CASADO;ASSALARIADO;FINANCIADA;SIM;NAO;3;8076.65;6232.12;52;0.22447004198801845
21069786226;4738;34;MEDIO;CASADO;AUTONOMO;ALUGADA;SIM;SIM;0;7225.48;5856.04;51;0.2013247922686156
41213118862;4739;39;MEDIO;SOLTEIRO;ASSALARIADO;PROPRIA;NAO;NAO;0;8837.67;7379.79;56;0.24189403830950956
89383081044;4740;35;MEDIO;CASADO;ASSALARIADO;PROPRIA;SIM;SIM;0;4544.38;3672.45;54;0.3075203630172314
63826211732;4741;26;MEDIO;SOLTEIRO;ASSALARIADO;FINANCIADA;NAO;NAO;1;3709.24;2834.19;20;0.4812475461558472
44962777070;4742;52;POS;SOLTEIRO;SERVIDOR PUBLICO;FINANCIADA;SIM;SIM;1;39821.24;31317.47;96;0.07871339532645098
47632948143;4743;45;POS;CASADO;ASSALARIADO;PROPRIA;SIM;NAO;2;36895.13;28204.48;94;0.06317344644712555
22817258377;4744;26;MEDIO;SOLTEIRO;ASSALARIADO;PROPRIA;NAO;SIM;0;1911.2;1553.77;3;0.98
52873941329;4745;41;POS;CASADO;ASSALARIADO;PROPRIA;SIM;SIM;2;24092.21;18368.04;33;0.22845525103998
59282027119;4746;38;POS;DIVORCIADO;ASSALARIADO;FINANCIADA;SIM;NAO;0;42574.27;33225.7;95;0.1454622676034787
40197448186;4747;36;SUPERIOR;CASADO;AUTONOMO;FINANCIADA;SIM;SIM;2;21128.35;16795.36;68;0.2269970468891438
60486079647;4748;54;POS;CASADO;AUTONOMO;PROPRIA;NAO;NAO;1;39965.54;33358.61;98;0.1569499245333662
46337152236;4749;28;SUPERIOR;CASADO;ASSALARIADO;PROPRIA;NAO;NAO;2;18581.65;14281.42;38;0.12177298904200605
84099597989;4750;27;MEDIO;SOLTEIRO;ASSALARIADO;PROPRIA;SIM;NAO;0;4126.72;3215.51;16;0.5202270717778921
94669174538;4751;49;MEDIO;CASADO;ASSALARIADO;PROPRIA;NAO;NAO;1;9449.61;7932.57;60;0.25799701452634277
39542670964;4752;70;SUPERIOR;SOLTEIRO;AUTONOMO;ALUGADA;SIM;NAO;1;11512.21;9040.9;44;0.20816801827815856
71189312520;4753;25;SUPERIOR;VIUVO;ASSALARIADO;ALUGADA;SIM;NAO;1;9816.13;7585.35;1;0.39181041317645227
34538096751;4754;37;MEDIO;CASADO;ASSALARIADO;PROPRIA;SIM;SIM;1;4417.2;3427.75;40;0.2945033633103479
27561371610;4755;32;MEDIO;CASADO;AUTONOMO;FINANCIADA;NAO;SIM;0;1953.09;1488.88;11;0.6718189473246652
23360213945;4756;22;FUNDAM;CASADO;ASSALARIADO;PROPRIA;SIM;SIM;1;1539.64;1206.58;5;0.6779279308676477
35659662674;4757;44;POS;SOLTEIRO;APOSENTADO;PROPRIA;SIM;NAO;3;43349.2;33503.8;75;0.10148815654180862
95012468995;4758;33;MEDIO;SOLTEIRO;ASSALARIADO;ALUGADA;SIM;NAO;0;3618.2;2944.75;1;0.4364238390283303
44254517043;4759;46;FUNDAM;CASADO;SERVIDOR PUBLICO;ALUGADA;NAO;NAO;0;4257.95;3409.85;48;0.286098520152708
36643539318;4760;19;FUNDAM;CASADO;ASSALARIADO;PROPRIA;NAO;NAO;0;1528.16;1191.46;4;0.8984525410655053
10366720344;4761;29;MEDIO;SOLTEIRO;EMPRESARIO;FINANCIADA;SIM;NAO;2;5183.72;4004.07;17;0.20107730469361024
25089147313;4762;21;MEDIO;CASADO;EMPRESARIO;ALUGADA;NAO;NAO;1;1442.36;1120.02;3;0.7551054080185039
52386519561;4763;38;FUNDAM;VIUVO;AUTONOMO;FINANCIADA;SIM;SIM;1;1830.22;1396.13;17;0.4320706739349048
32945367143;4764;53;SUPERIOR;SOLTEIRO;ASSALARIADO;ALUGADA;NAO;NAO;0;16550.71;12720.28;25;0.18232054395320235
38651513595;4765;34;MEDIO;CASADO;ASSALARIADO;PROPRIA;SIM;NAO;2;6512.11;5250.4;27;0.3905741467185977
52864678169;4766;26;MEDIO;CASADO;EMPRESARIO;FINANCIADA;SIM;NAO;1;1647.05;1371.55;1;0.9464426303573555
62615584169;4767;20;MEDIO;CASADO;ASSALARIADO;PROPRIA;SIM;NAO;2;2330.32;1857.23;10;0.7072395431151157
74783945632;4768;49;SUPERIOR;SOLTEIRO;ASSALARIADO;PROPRIA;SIM;SIM;2;32494.39;25212.09;62;0.10537302392951065
33442624945;4769;28;POS;SOLTEIRO;AUTONOMO;CEDIDA;SIM;NAO;1;10455.83;8380.27;25;0.2799479125682529
26619146447;4770;42;POS;CASADO;SERVIDOR PUBLICO;FINANCIADA;NAO;NAO;2;24726.97;20182.11;32;0.10807238376329716
91151924831;4771;58;POS;SOLTEIRO;EMPRESARIO;FINANCIADA;SIM;SIM;0;36077.87;29188.15;87;0.14478626670060543
50635336230;4772;48;SUPERIOR;VIUVO;SERVIDOR PUBLICO;PROPRIA;NAO;NAO;0;19651.5;14967.14;33;0.105150679457853
27194590916;4773;25;SUPERIOR;DIVORCIADO;ASSALARIADO;ALUGADA;NAO;SIM;0;17042.7;14016.26;68;0.16419631170079524
68096824698;4774;24;MEDIO;CASADO;APOSENTADO;PROPRIA;NAO;NAO;0;3486.56;2878.07;1;0.40210053455215644
10848466352;4775;52;MEDIO;SOLTEIRO;EMPRESARIO;PROPRIA;NAO;NAO;0;9453.05;7639.03;71;0.20030638156678715
96033443824;4776;30;FUNDAM;CASADO;ASSALARIADO;PROPRIA;NAO;NAO;0;2709.6;2269.68;26;0.5120416778080009
71169329031;4777;60;SUPERIOR;CASADO;ASSALARIADO;ALUGADA;SIM;NAO;0;24627.91;20303.72;86;0.1115762149933475
88981067271;4778;39;MEDIO;SOLTEIRO;ASSALARIADO;PROPRIA;SIM;NAO;0;6953.9;5387.62;56;0.17380960072879154
87362479587;4779;27;SUPERIOR;CASADO;SERVIDOR PUBLICO;ALUGADA;SIM;NAO;0;15598.2;12502.06;56;0.1830553233740745
33390646542;4780;42;MEDIO;CASADO;ASSALARIADO;PROPRIA;SIM;NAO;1;10266.51;7850.66;38;0.17338772779221856
48496130223;4781;44;POS;CASADO;ASSALARIADO;ALUGADA;SIM;NAO;1;42661.35;34963.19;78;0.07374166079903309
64860062531;4782;35;MEDIO;SOLTEIRO;APOSENTADO;PROPRIA;NAO;NAO;1;10569.21;8176.05;54;0.14850374843200645
38669342933;4783;29;SUPERIOR;SOLTEIRO;ASSALARIADO;ALUGADA;SIM;NAO;0;11935.46;9937.26;26;0.46129955189662253
89177145663;4784;32;POS;SOLTEIRO;ASSALARIADO;ALUGADA;SIM;NAO;2;27415.57;22622.47;74;0.06697919421231599
13372847583;4785;44;MEDIO;CASADO;EMPRESARIO;FINANCIADA;SIM;NAO;0;7857.52;6132.04;93;0.20521822115932425
57089940285;4786;50;SUPERIOR;DIVORCIADO;ASSALARIADO;PROPRIA;SIM;SIM;3;16270.97;13159.41;28;0.07437870383863032
65244313356;4787;22;SUPERIOR;SOLTEIRO;SERVIDOR PUBLICO;PROPRIA;SIM;NAO;0;4252.46;3452.13;17;0.675646121443424
63196037159;4788;31;FUNDAM;DIVORCIADO;ASSALARIADO;PROPRIA;SIM;NAO;1;1834.94;1472.41;20;0.5874727841160954
71749246359;4789;36;SUPERIOR;CASADO;ASSALARIADO;PROPRIA;SIM;NAO;3;12144.46;9842.76;39;0.36316874220235684
79148655749;4790;43;SUPERIOR;DIVORCIADO;ASSALARIADO;PROPRIA;SIM;NAO;0;15241.98;12441.03;36;0.2383740832679597
61253836222;4791;51;POS;DIVORCIADO;ASSALARIADO;CEDIDA;NAO;NAO;0;41394.87;33073.8;79;0.08914215783961155
60592388925;4792;24;FUNDAM;SOLTEIRO;ASSALARIADO;PROPRIA;SIM;NAO;0;1412.0;1176.3;6;0.6996185281905276
37736121610;4793;53;SUPERIOR;SOLTEIRO;ASSALARIADO;ALUGADA;SIM;NAO;0;33380.27;25436.66;123;0.1083581002746482
10183055979;4794;27;POS;CASADO;EMPRESARIO;PROPRIA;SIM;NAO;2;21702.4;17207.61;79;0.01
29313681326;4795;62;SUPERIOR;DIVORCIADO;ASSALARIADO;PROPRIA;SIM;NAO;1;17086.24;14186.17;29;0.25147193075129654
75610548493;4796;31;SUPERIOR;SOLTEIRO;ASSALARIADO;PROPRIA;NAO;SIM;0;20599.86;15930.13;38;0.23386639709389198
88574864326;4797;57;SUPERIOR;CASADO;APOSENTADO;PROPRIA;NAO;NAO;3;25340.35;20373.89;67;0.05991834555356565
50260214822;4798;25;SUPERIOR;DIVORCIADO;APOSENTADO;CEDIDA;SIM;SIM;0;5679.19;4744.99;24;0.5487754203037514
61297664947;4799;48;MEDIO;CASADO;EMPRESARIO;PROPRIA;NAO;NAO;0;15620.92;12904.85;90;0.07351081494725009
64730171035;4800;54;MEDIO;CASADO;EMPRESARIO;FINANCIADA;NAO;NAO;0;5370.4;4450.65;36;0.19814491535827483
40396426781;4801;48;MEDIO;SOLTEIRO;ASSALARIADO;ALUGADA;SIM;NAO;0;10112.39;7941.67;71;0.1310319666206554
28250335211;4802;57;SUPERIOR;CASADO;ASSALARIADO;PROPRIA;SIM;NAO;1;26885.07;22259.1;59;0.07648059970355814
61157544898;4803;26;MEDIO;SOLTEIRO;ASSALARIADO;PROPRIA;SIM;NAO;1;1790.66;1415.65;7;0.46446985811625885
18919341667;4804;30;SUPERIOR;CASADO;ASSALARIADO;CEDIDA;SIM;NAO;0;17297.2;13553.19;96;0.14079516686182034
41216451122;4805;30;SUPERIOR;SOLTEIRO;SERVIDOR PUBLICO;PROPRIA;SIM;SIM;3;5652.33;4619.59;1;0.5557972083688145
84476067294;4806;49;FUNDAM;CASADO;ASSALARIADO;FINANCIADA;SIM;NAO;0;5163.62;4048.74;37;0.3983713958620452
65149470278;4807;62;MEDIO;DIVORCIADO;SERVIDOR PUBLICO;CEDIDA;NAO;NAO;2;12927.35;10537.14;61;0.09433201591244086
11230364467;4808;18;FUNDAM;CASADO;ASSALARIADO;ALUGADA;SIM;NAO;2;1412.0;1184.27;4;0.8252859711954482
19355065996;4809;48;SUPERIOR;CASADO;SERVIDOR PUBLICO;ALUGADA;NAO;NAO;1;12881.7;10343.86;7;0.24904374940534235
57874543046;4810;23;MEDIO;SOLTEIRO;SERVIDOR PUBLICO;PROPRIA;NAO;NAO;0;2016.34;1661.41;17;0.6471767983200798
90678633646;4811;50;POS;CASADO;ASSALARIADO;FINANCIADA;SIM;NAO;1;43034.46;33847.83;52;0.09152799890898207
52298947015;4812;21;MEDIO;CASADO;ASSALARIADO;PROPRIA;NAO;NAO;0;1868.51;1569.25;12;0.4540744092859569
75730953520;4813;45;POS;CASADO;SERVIDOR PUBLICO;PROPRIA;NAO;NAO;1;39593.88;33099.66;84;0.11640325638058979
33329612375;4814;38;SUPERIOR;CASADO;AUTONOMO;FINANCIADA;NAO;SIM;0;8212.73;6692.52;30;0.34516499528688827
85190232511;4815;25;MEDIO;SOLTEIRO;SERVIDOR PUBLICO;PROPRIA;SIM;NAO;1;3564.22;2876.7;19;0.44765773563921013
34375135759;4816;33;SUPERIOR;SOLTEIRO;SERVIDOR PUBLICO;PROPRIA;SIM;NAO;1;3835.85;3123.01;11;0.7383105836367576
90296096414;4817;26;FUNDAM;CASADO;SERVIDOR PUBLICO;FINANCIADA;SIM;NAO;3;1909.44;1480.16;9;0.7281556817044623
46221520668;4818;41;MEDIO;CASADO;ASSALARIADO;PROPRIA;SIM;NAO;1;3527.32;2724.89;1;0.38391512762203905
26028171486;4819;20;SUPERIOR;DIVORCIADO;AUTONOMO;CEDIDA;SIM;NAO;2;4119.64;3261.55;15;0.4322225691610488
38663038072;4820;44;SUPERIOR;SOLTEIRO;AUTONOMO;PROPRIA;SIM;NAO;1;13689.22;11195.46;44;0.1442701496000079
51866464852;4821;47;POS;SOLTEIRO;ASSALARIADO;PROPRIA;SIM;NAO;0;23148.26;18794.85;27;0.21575676223983054
48679065867;4822;46;SUPERIOR;CASADO;AUTONOMO;PROPRIA;NAO;NAO;2;17924.23;13794.69;34;0.09088927884948347
33323068286;4823;41;SUPERIOR;CASADO;ASSALARIADO;ALUGADA;SIM;SIM;3;17893.7;13734.74;40;0.25027658691822785
35441212378;4824;41;MEDIO;CASADO;ASSALARIADO;PROPRIA;SIM;SIM;3;8397.17;6855.68;24;0.20823117394080493
25097227163;4825;49;MEDIO;VIUVO;ASSALARIADO;ALUGADA;SIM;NAO;3;7536.43;6099.75;34;0.16772778536387725
80222237349;4826;53;MEDIO;CASADO;ASSALARIADO;ALUGADA;SIM;SIM;0;17395.56;13566.73;64;0.061218813002173134
18342583379;4827;36;FUNDAM;VIUVO;SERVIDOR PUBLICO;PROPRIA;NAO;SIM;0;2483.35;2058.43;17;0.46677695244866485
46937279245;4828;24;SUPERIOR;VIUVO;SERVIDOR PUBLICO;PROPRIA;SIM;NAO;1;26797.05;21113.12;69;0.13220845809246684
54722235288;4829;50;POS;CASADO;APOSENTADO;FINANCIADA;SIM;NAO;2;23246.88;18116.97;24;0.11667769659571511
91994812453;4830;20;FUNDAM;CASADO;SERVIDOR PUBLICO;PROPRIA;SIM;NAO;1;6202.61;4810.86;57;0.34476288071970673
57759065190;4831;32;MEDIO;SOLTEIRO;EMPRESARIO;ALUGADA;SIM;NAO;0;2518.75;1968.62;36;0.4578957344287225
99014353166;4832;34;MEDIO;DIVORCIADO;APOSENTADO;ALUGADA;NAO;NAO;3;3429.89;2630.99;21;0.3606293227974258
72439777420;4833;49;MEDIO;SOLTEIRO;SERVIDOR PUBLICO;PROPRIA;SIM;SIM;0;5911.85;4665.68;16;0.2973841181709883
38327163111;4834;56;POS;CASADO;ASSALARIADO;PROPRIA;SIM;NAO;4;39206.73;31688.98;77;0.15959692666276648
71664477519;4835;44;POS;SOLTEIRO;APOSENTADO;PROPRIA;SIM;NAO;0;16525.68;12682.29;44;0.3453229681317597
78418292534;4836;51;MEDIO;CASADO;ASSALARIADO;FINANCIADA;SIM;NAO;1;13172.03;10510.91;61;0.09092965787131987
99244664696;4837;58;POS;CASADO;ASSALARIADO;PROPRIA;NAO;SIM;1;25435.17;19990.67;52;0.16668688790600666
33464523575;4838;32;MEDIO;CASADO;SERVIDOR PUBLICO;FINANCIADA;SIM;NAO;2;6952.04;5479.77;19;0.16357199736375244
18831665631;4839;60;SUPERIOR;CASADO;EMPRESARIO;PROPRIA;SIM;NAO;1;30015.35;24121.25;85;0.12428295071318947
34660724161;4840;51;POS;CASADO;ASSALARIADO;ALUGADA;NAO;NAO;1;24562.65;20155.0;81;0.11906919004689476
72333465984;4841;25;FUNDAM;SOLTEIRO;SERVIDOR PUBLICO;FINANCIADA;NAO;NAO;1;1412.0;1161.23;1;0.7768003340530892
34134279022;4842;22;MEDIO;CASADO;SERVIDOR PUBLICO;PROPRIA;NAO;NAO;1;1412.0;1162.62;2;0.7772140734259272
90099833861;4843;36;MEDIO;SOLTEIRO;AUTONOMO;PROPRIA;SIM;NAO;1;9044.54;7223.46;44;0.26249888850577136
39115078751;4844;47;SUPERIOR;DIVORCIADO;ASSALARIADO;ALUGADA;SIM;SIM;2;30296.6;23223.9;95;0.13319151440043303
51558352614;4845;45;SUPERIOR;CASADO;ASSALARIADO;CEDIDA;SIM;SIM;1;27471.79;22810.39;90;0.10171160899879579
49556633136;4846;50;FUNDAM;CASADO;ASSALARIADO;PROPRIA;SIM;NAO;2;6205.76;5025.18;84;0.1701395994359417
26248368537;4847;37;SUPERIOR;CASADO;ASSALARIADO;PROPRIA;SIM;NAO;1;4939.02;3758.44;6;0.5710480379270222
45252690326;4848;31;POS;CASADO;ASSALARIADO;PROPRIA;NAO;NAO;1;35383.5;28191.2;16;0.07736174485093833
98630226346;4849;40;FUNDAM;SOLTEIRO;APOSENTADO;PROPRIA;SIM;NAO;1;3426.11;2854.25;20;0.6719082507682771
24538676774;4850;50;SUPERIOR;DIVORCIADO;ASSALARIADO;ALUGADA;SIM;SIM;1;22990.59;19194.03;69;0.09807507040734048
25821513921;4851;29;MEDIO;SOLTEIRO;ASSALARIADO;FINANCIADA;SIM;NAO;0;1746.22;1395.41;4;0.8207122102385537
95838280090;4852;54;SUPERIOR;CASADO;AUTONOMO;PROPRIA;SIM;NAO;1;14914.98;11845.01;54;0.22165417286564687
59976470519;4853;33;MEDIO;CASADO;EMPRESARIO;PROPRIA;NAO;NAO;1;4516.2;3698.16;13;0.4539616866872605
45911498928;4854;32;MEDIO;CASADO;SERVIDOR PUBLICO;ALUGADA;SIM;NAO;3;7912.0;6259.12;59;0.2553765738756724
16724232824;4855;27;POS;CASADO;ASSALARIADO;PROPRIA;SIM;SIM;0;15059.87;11978.57;26;0.14150691796236906
60270853422;4856;34;SUPERIOR;SOLTEIRO;SERVIDOR PUBLICO;ALUGADA;SIM;NAO;1;13339.14;10811.96;26;0.16905304936959856
82015888079;4857;53;POS;CASADO;ASSALARIADO;PROPRIA;NAO;NAO;0;47962.51;38745.2;81;0.11267903089559649
66879390740;4858;19;MEDIO;SOLTEIRO;ASSALARIADO;PROPRIA;NAO;NAO;1;2701.74;2174.59;8;0.5171395375461745
36889144865;4859;18;MEDIO;SOLTEIRO;ASSALARIADO;PROPRIA;SIM;SIM;1;2817.14;2185.11;9;0.6460327750847006
40199486963;4860;41;FUNDAM;DIVORCIADO;ASSALARIADO;FINANCIADA;SIM;SIM;0;1412.0;1113.62;1;0.5440979094877776
69159955937;4861;38;MEDIO;CASADO;SERVIDOR PUBLICO;PROPRIA;NAO;SIM;1;5226.01;4244.53;53;0.32006112732248704
95796328877;4862;49;MEDIO;SOLTEIRO;SERVIDOR PUBLICO;FINANCIADA;SIM;SIM;0;3306.92;2602.42;26;0.49157511845967894
74462824749;4863;47;POS;DIVORCIADO;APOSENTADO;PROPRIA;SIM;NAO;3;44881.28;34829.42;76;0.10982496914815751
19257269331;4864;62;SUPERIOR;CASADO;ASSALARIADO;PROPRIA;NAO;NAO;3;14574.74;12025.83;48;0.20000808904472633
92093977956;4865;50;MEDIO;SOLTEIRO;APOSENTADO;ALUGADA;SIM;NAO;1;6930.05;5644.21;50;0.1506753386133294
55730865767;4866;36;MEDIO;SOLTEIRO;SERVIDOR PUBLICO;ALUGADA;NAO;SIM;1;4295.83;3458.02;5;0.3603038252356768
31189461361;4867;29;MEDIO;CASADO;SERVIDOR PUBLICO;PROPRIA;SIM;NAO;2;10145.25;7951.02;66;0.17051140818124325
38410524792;4868;55;POS;CASADO;ASSALARIADO;ALUGADA;SIM;SIM;0;35298.38;27849.45;75;0.11000033201036223
94272375731;4869;26;SUPERIOR;SOLTEIRO;ASSALARIADO;ALUGADA;NAO;NAO;1;8847.62;7277.62;17;0.437444762537494
53411347615;4870;38;SUPERIOR;CASADO;ASSALARIADO;PROPRIA;NAO;SIM;0;7317.2;6140.43;45;0.4716503311085441
37693187527;4871;39;SUPERIOR;DIVORCIADO;ASSALARIADO;PROPRIA;SIM;NAO;1;13834.2;11574.58;50;0.13549112152319137
50580973063;4872;44;SUPERIOR;CASADO;ASSALARIADO;PROPRIA;SIM;NAO;0;24352.94;19169.71;111;0.12451823028924748
77446540062;4873;46;SUPERIOR;SOLTEIRO;EMPRESARIO;PROPRIA;SIM;SIM;1;15236.86;11885.06;48;0.2045324427331255
40928468489;4874;56;SUPERIOR;CASADO;ASSALARIADO;PROPRIA;SIM;NAO;3;18725.99;15589.43;28;0.14614472622053892
30214756851;4875;43;POS;DIVORCIADO;SERVIDOR PUBLICO;FINANCIADA;NAO;NAO;2;21736.51;16829.24;50;0.23701352169183637
37828167367;4876;34;MEDIO;CASADO;EMPRESARIO;PROPRIA;NAO;NAO;0;7137.7;5819.67;57;0.34663221901394536
82394857891;4877;53;MEDIO;CASADO;SERVIDOR PUBLICO;PROPRIA;SIM;NAO;1;4972.99;3783.94;19;0.23032264870978436
89653177117;4878;60;POS;CASADO;SERVIDOR PUBLICO;PROPRIA;NAO;NAO;1;9144.47;7680.01;25;0.4898407680307747
14949273355;4879;38;SUPERIOR;CASADO;APOSENTADO;PROPRIA;SIM;NAO;1;13061.09;10131.01;54;0.11799957200667954
74542452886;4880;39;SUPERIOR;SOLTEIRO;EMPRESARIO;PROPRIA;NAO;NAO;3;6998.74;5528.15;34;0.5745841609999248
25245083790;4881;38;SUPERIOR;SOLTEIRO;EMPRESARIO;FINANCIADA;NAO;NAO;1;18531.83;14415.27;22;0.16644063840377923
66825343915;4882;46;MEDIO;SOLTEIRO;SERVIDOR PUBLICO;PROPRIA;SIM;NAO;3;6807.62;5567.11;1;0.39641191009046184
70758067093;4883;36;FUNDAM;SOLTEIRO;ASSALARIADO;ALUGADA;SIM;NAO;2;1989.89;1546.1;14;0.36411185380932837
41511065861;4884;54;MEDIO;CASADO;AUTONOMO;PROPRIA;SIM;NAO;0;11574.57;9046.11;32;0.14076897731199917
36577856636;4885;50;POS;DIVORCIADO;EMPRESARIO;PROPRIA;SIM;NAO;1;33817.65;26575.76;69;0.10668676821470616
58190347529;4886;44;MEDIO;CASADO;ASSALARIADO;PROPRIA;NAO;NAO;0;1421.98;1135.13;9;0.6842624539666923
14516868572;4887;40;SUPERIOR;CASADO;EMPRESARIO;PROPRIA;SIM;NAO;0;18312.61;14512.28;55;0.12101009028354301
25926777938;4888;33;FUNDAM;SOLTEIRO;ASSALARIADO;ALUGADA;NAO;NAO;0;3079.33;2380.88;36;0.35373809358154845
37742181644;4889;33;SUPERIOR;CASADO;ASSALARIADO;FINANCIADA;NAO;NAO;1;19327.22;14807.66;128;0.1504856214044159
12654647639;4890;19;MEDIO;CASADO;SERVIDOR PUBLICO;PROPRIA;SIM;SIM;1;2666.88;2177.89;25;0.5228932854721261
12826213635;4891;40;FUNDAM;SOLTEIRO;SERVIDOR PUBLICO;PROPRIA;SIM;NAO;3;4386.86;3439.57;29;0.17543564068938738
10371046869;4892;54;POS;SOLTEIRO;ASSALARIADO;PROPRIA;SIM;SIM;0;43529.54;33615.37;72;0.1531753478630952
34762164184;4893;28;SUPERIOR;DIVORCIADO;SERVIDOR PUBLICO;PROPRIA;SIM;NAO;0;7687.44;6174.85;55;0.2883287000464722
75549021732;4894;33;MEDIO;SOLTEIRO;ASSALARIADO;ALUGADA;NAO;SIM;0;9440.18;7817.52;46;0.18931158741508708
65110040016;4895;36;SUPERIOR;SOLTEIRO;ASSALARIADO;PROPRIA;SIM;NAO;1;15192.28;12371.64;64;0.2195170682121628
48139642311;4896;47;POS;SOLTEIRO;EMPRESARIO;FINANCIADA;NAO;NAO;0;42265.81;33230.69;78;0.09137110992670812
37258749220;4897;52;SUPERIOR;CASADO;ASSALARIADO;PROPRIA;SIM;NAO;2;26935.33;22056.84;59;0.08794459132351662
39969453923;4898;39;SUPERIOR;CASADO;AUTONOMO;PROPRIA;NAO;NAO;1;19900.53;15980.27;37;0.16336236211423227
17853079869;4899;37;POS;SOLTEIRO;ASSALARIADO;PROPRIA;NAO;NAO;1;36630.77;30290.22;39;0.11504415301015779
64474110169;4900;34;SUPERIOR;SOLTEIRO;ASSALARIADO;PROPRIA;SIM;NAO;0;3390.28;2818.33;11;0.6422397501201432
50322118139;4901;40;POS;CASADO;SERVIDOR PUBLICO;PROPRIA;NAO;SIM;2;39686.37;31462.2;103;0.18558461819119354
82439121776;4902;39;SUPERIOR;SOLTEIRO;ASSALARIADO;ALUGADA;SIM;SIM;3;10037.56;8129.96;24;0.18730958930440864
24448068442;4903;62;POS;CASADO;ASSALARIADO;PROPRIA;SIM;NAO;0;44320.12;34434.76;103;0.1436231797570461
15632591263;4904;33;POS;SOLTEIRO;EMPRESARIO;CEDIDA;SIM;NAO;1;25601.93;19533.96;78;0.3259039158654051
51541461969;4905;37;MEDIO;CASADO;ASSALARIADO;CEDIDA;NAO;SIM;0;2444.09;1989.79;13;0.7740721647468789
88273877073;4906;47;POS;DIVORCIADO;ASSALARIADO;CEDIDA;NAO;NAO;0;39399.21;32749.24;60;0.10210483967746624
10426946138;4907;18;MEDIO;VIUVO;ASSALARIADO;ALUGADA;SIM;NAO;1;1669.14;1364.18;1;0.98
27928011269;4908;44;SUPERIOR;CASADO;ASSALARIADO;PROPRIA;SIM;NAO;0;13947.82;11056.38;76;0.14234343436267255
91531121445;4909;31;MEDIO;SOLTEIRO;ASSALARIADO;ALUGADA;SIM;NAO;2;3130.61;2588.44;29;0.46302012259983005
63832873813;4910;31;POS;CASADO;ASSALARIADO;ALUGADA;SIM;NAO;0;12770.91;10460.45;22;0.29208323184649226
81431621914;4911;34;MEDIO;SOLTEIRO;SERVIDOR PUBLICO;PROPRIA;NAO;NAO;2;2180.62;1659.17;13;0.7848802782378862
15067713986;4912;57;SUPERIOR;CASADO;SERVIDOR PUBLICO;PROPRIA;SIM;NAO;1;10204.4;8265.22;57;0.4751816237678143
73198438290;4913;38;POS;SOLTEIRO;ASSALARIADO;PROPRIA;SIM;SIM;0;14998.61;12524.74;27;0.3463201753556554
28147730218;4914;20;SUPERIOR;CASADO;ASSALARIADO;ALUGADA;SIM;NAO;0;19313.05;16019.6;45;0.29829371154756773
36684016939;4915;49;POS;CASADO;AUTONOMO;FINANCIADA;NAO;NAO;2;42129.34;33737.04;68;0.04324616079788834
70432257086;4916;18;MEDIO;CASADO;ASSALARIADO;FINANCIADA;NAO;NAO;2;2877.23;2345.78;18;0.7266600558159186
21752055954;4917;22;SUPERIOR;CASADO;ASSALARIADO;PROPRIA;SIM;SIM;0;16883.14;13819.11;54;0.2301312595910012
94943135076;4918;37;SUPERIOR;CASADO;ASSALARIADO;PROPRIA;SIM;NAO;0;14640.3;11469.31;36;0.18008481505616702
78758347290;4919;20;SUPERIOR;CASADO;SERVIDOR PUBLICO;PROPRIA;SIM;NAO;0;5876.71;4929.32;22;0.5178488702221073
87724067132;4920;52;POS;CASADO;EMPRESARIO;PROPRIA;SIM;SIM;0;23802.77;19653.25;68;0.30262051629985987
38521992837;4921;31;MEDIO;SOLTEIRO;APOSENTADO;PROPRIA;NAO;NAO;0;1412.0;1106.94;3;0.7835784444582768
25040451382;4922;56;MEDIO;SOLTEIRO;AUTONOMO;ALUGADA;SIM;NAO;1;4556.28;3462.92;26;0.5611555692170128
70946712590;4923;40;MEDIO;CASADO;EMPRESARIO;PROPRIA;NAO;NAO;1;4557.93;3474.62;9;0.3727468670027335
67968935757;4924;31;MEDIO;CASADO;EMPRESARIO;PROPRIA;NAO;SIM;1;1938.59;1515.91;1;0.7106535570584621
68160355633;4925;48;SUPERIOR;CASADO;ASSALARIADO;PROPRIA;NAO;NAO;3;26684.02;20991.33;93;0.12467421484212773
49794443098;4926;39;SUPERIOR;SOLTEIRO;AUTONOMO;ALUGADA;NAO;NAO;0;16908.3;14008.79;40;0.2017567280365774
89757176292;4927;39;SUPERIOR;CASADO;ASSALARIADO;PROPRIA;NAO;SIM;2;9912.95;8082.19;26;0.28959122521715325
16494686155;4928;33;MEDIO;SOLTEIRO;ASSALARIADO;FINANCIADA;SIM;NAO;0;11348.98;8922.16;65;0.18375717472710182
92966549969;4929;22;MEDIO;SOLTEIRO;AUTONOMO;FINANCIADA;SIM;NAO;4;4325.32;3297.39;20;0.48286884343790265
45384680467;4930;18;FUNDAM;CASADO;ASSALARIADO;ALUGADA;NAO;NAO;1;2700.52;2210.85;3;0.539739159195376
79286940422;4931;41;FUNDAM;CASADO;AUTONOMO;PROPRIA;SIM;SIM;2;7861.34;6133.98;58;0.12551990816471242
51863290881;4932;57;SUPERIOR;DIVORCIADO;SERVIDOR PUBLICO;ALUGADA;NAO;NAO;0;15696.98;12244.78;81;0.17643207430007446
25633794062;4933;28;MEDIO;SOLTEIRO;ASSALARIADO;PROPRIA;SIM;NAO;0;1937.23;1562.67;2;0.7302124451328655
74380647013;4934;18;MEDIO;CASADO;EMPRESARIO;PROPRIA;SIM;SIM;2;6207.02;4965.23;11;0.20568245268432295
19039220988;4935;45;SUPERIOR;SOLTEIRO;SERVIDOR PUBLICO;FINANCIADA;NAO;NAO;1;8709.8;6835.48;26;0.35544729399223945
49995979485;4936;47;MEDIO;SOLTEIRO;SERVIDOR PUBLICO;FINANCIADA;SIM;NAO;1;5807.65;4739.82;39;0.2028969829386646
57212773469;4937;20;FUNDAM;CASADO;APOSENTADO;PROPRIA;SIM;NAO;1;1412.0;1100.71;6;0.6975890049594299
47234497713;4938;51;MEDIO;CASADO;AUTONOMO;ALUGADA;NAO;NAO;0;5169.58;4099.8;14;0.4456262829162965
71052268038;4939;31;MEDIO;CASADO;ASSALARIADO;CEDIDA;NAO;NAO;0;4045.91;3380.41;15;0.37263644125165407
86062877021;4940;43;MEDIO;SOLTEIRO;APOSENTADO;PROPRIA;SIM;NAO;0;3454.11;2723.65;24;0.47817693843905756
19996211055;4941;35;MEDIO;SOLTEIRO;SERVIDOR PUBLICO;ALUGADA;NAO;NAO;0;7491.83;6174.72;40;0.22641226610529414
52276955720;4942;44;SUPERIOR;VIUVO;SERVIDOR PUBLICO;PROPRIA;NAO;NAO;3;18234.84;14963.42;40;0.2689798602915097
51087328215;4943;23;FUNDAM;CASADO;ASSALARIADO;PROPRIA;NAO;SIM;0;1472.08;1152.9;11;0.6605411449029585
71451311748;4944;40;SUPERIOR;CASADO;ASSALARIADO;CEDIDA;SIM;SIM;1;19027.8;15877.0;58;0.18940644961163625
43375440562;4945;38;MEDIO;CASADO;APOSENTADO;ALUGADA;SIM;NAO;2;3560.23;2920.86;23;0.49253735896186324
32769864798;4946;33;FUNDAM;SOLTEIRO;AUTONOMO;PROPRIA;NAO;SIM;2;1583.61;1212.08;9;0.6897928429520012
10892820033;4947;39;POS;CASADO;AUTONOMO;ALUGADA;SIM;NAO;2;16533.03;13520.11;27;0.3626868371511021
96780096584;4948;27;MEDIO;SOLTEIRO;EMPRESARIO;PROPRIA;SIM;NAO;3;4159.4;3290.24;32;0.49038624468563524
73953190240;4949;28;POS;SOLTEIRO;ASSALARIADO;PROPRIA;SIM;NAO;1;11011.6;8907.92;29;0.5160067230729337
71132499224;4950;39;FUNDAM;SOLTEIRO;SERVIDOR PUBLICO;FINANCIADA;SIM;NAO;0;1575.38;1323.14;13;0.6418984840719563
29373845836;4951;43;SUPERIOR;SOLTEIRO;ASSALARIADO;ALUGADA;SIM;NAO;0;18114.0;13840.2;40;0.1756319577127504
97824367872;4952;43;SUPERIOR;CASADO;ASSALARIADO;PROPRIA;NAO;SIM;1;22645.2;18431.64;83;0.0743602680528919
63879751833;4953;67;SUPERIOR;SOLTEIRO;EMPRESARIO;PROPRIA;SIM;NAO;1;15638.66;12698.03;29;0.1835189452409111
68298018214;4954;44;MEDIO;DIVORCIADO;ASSALARIADO;FINANCIADA;NAO;NAO;1;6105.52;5108.19;32;0.38944715009901076
26691880217;4955;25;MEDIO;VIUVO;ASSALARIADO;PROPRIA;SIM;NAO;1;5339.4;4474.91;49;0.42554096291379756
70088916549;4956;18;FUNDAM;CASADO;EMPRESARIO;PROPRIA;SIM;NAO;0;3076.28;2431.12;35;0.49728865751563495
65762194998;4957;38;MEDIO;CASADO;APOSENTADO;PROPRIA;SIM;NAO;1;8230.33;6322.17;47;0.1671227518643118
72556381880;4958;45;FUNDAM;CASADO;SERVIDOR PUBLICO;FINANCIADA;NAO;NAO;1;5272.28;4371.62;18;0.4055655056313857
81545180610;4959;43;POS;CASADO;AUTONOMO;PROPRIA;NAO;NAO;0;23051.58;19272.01;66;0.09550629235389449
92391086496;4960;33;MEDIO;SOLTEIRO;ASSALARIADO;FINANCIADA;SIM;NAO;0;4362.01;3398.32;18;0.4815209443974216
26242084753;4961;32;POS;CASADO;APOSENTADO;PROPRIA;SIM;NAO;0;14926.38;11714.85;49;0.4020449636296505
18330758454;4962;44;POS;CASADO;SERVIDOR PUBLICO;FINANCIADA;NAO;NAO;1;27083.04;22284.02;80;0.11965925842379876
64664867656;4963;45;POS;CASADO;AUTONOMO;ALUGADA;NAO;NAO;1;25513.21;19954.22;36;0.13779816011635448
41077312035;4964;25;SUPERIOR;SOLTEIRO;ASSALARIADO;PROPRIA;SIM;SIM;3;6226.09;5144.58;15;0.5052353684464416
11324595544;4965;28;FUNDAM;CASADO;ASSALARIADO;PROPRIA;SIM;NAO;0;3678.25;3065.47;21;0.34729716911313707
54834533825;4966;51;SUPERIOR;VIUVO;SERVIDOR PUBLICO;PROPRIA;NAO;SIM;0;16879.62;13969.05;65;0.17345884805545866
67246560330;4967;26;FUNDAM;CASADO;ASSALARIADO;PROPRIA;NAO;SIM;0;1457.51;1134.52;7;0.8756225773357604
12527491327;4968;37;MEDIO;SOLTEIRO;ASSALARIADO;PROPRIA;NAO;SIM;0;4606.04;3756.35;18;0.6145006253258385
52431533529;4969;18;FUNDAM;SOLTEIRO;SERVIDOR PUBLICO;PROPRIA;NAO;SIM;0;1412.0;1177.68;4;0.8365289218072837
99271456494;4970;35;SUPERIOR;SOLTEIRO;ASSALARIADO;ALUGADA;NAO;NAO;2;19919.3;15279.73;55;0.28222309519765726
34121316545;4971;24;FUNDAM;SOLTEIRO;ASSALARIADO;PROPRIA;SIM;NAO;1;2749.52;2118.28;66;0.27783476692140147
39868151865;4972;40;MEDIO;SOLTEIRO;APOSENTADO;ALUGADA;SIM;SIM;0;1432.29;1118.56;5;0.7704935013501909
71245136579;4973;18;MEDIO;SOLTEIRO;ASSALARIADO;CEDIDA;SIM;SIM;3;5722.63;4755.71;30;0.25836639489595437
56042564411;4974;31;FUNDAM;CASADO;ASSALARIADO;FINANCIADA;SIM;NAO;0;2504.69;2056.09;19;0.3279602510091745
94790776493;4975;42;POS;CASADO;EMPRESARIO;PROPRIA;SIM;NAO;1;25378.54;21069.75;44;0.15477670585321723
83091394126;4976;46;SUPERIOR;CASADO;SERVIDOR PUBLICO;PROPRIA;NAO;NAO;2;12060.61;9175.63;49;0.44709814151871063
69711372437;4977;53;FUNDAM;SOLTEIRO;ASSALARIADO;PROPRIA;NAO;NAO;1;7885.17;6240.42;73;0.17858209690544302
86017189650;4978;65;POS;CASADO;SERVIDOR PUBLICO;FINANCIADA;SIM;NAO;1;23941.39;19943.08;57;0.08242548793285487
29297615382;4979;57;SUPERIOR;SOLTEIRO;AUTONOMO;FINANCIADA;SIM;SIM;1;32960.93;27144.57;83;0.14845110219547814
87548782478;4980;53;SUPERIOR;CASADO;ASSALARIADO;ALUGADA;SIM;NAO;1;28111.11;22184.38;78;0.16597262145200153
97280334067;4981;32;FUNDAM;CASADO;AUTONOMO;ALUGADA;NAO;NAO;0;1412.0;1099.44;9;0.7202311943617332
14060565296;4982;48;SUPERIOR;SOLTEIRO;SERVIDOR PUBLICO;FINANCIADA;SIM;NAO;2;17986.16;13786.5;30;0.2392922132150228
85772728611;4983;31;SUPERIOR;CASADO;ASSALARIADO;ALUGADA;SIM;NAO;0;8582.04;7019.86;26;0.2619316441200974
29487812712;4984;25;SUPERIOR;SOLTEIRO;EMPRESARIO;PROPRIA;NAO;NAO;1;6077.71;4849.26;23;0.6103146742484957
30032384861;4985;41;SUPERIOR;SOLTEIRO;EMPRESARIO;ALUGADA;SIM;SIM;0;9246.54;7593.66;23;0.31940794010439927
59317359621;4986;43;POS;DIVORCIADO;SERVIDOR PUBLICO;PROPRIA;NAO;SIM;0;43934.41;35151.99;74;0.11181694754313176
27153924770;4987;40;MEDIO;CASADO;SERVIDOR PUBLICO;ALUGADA;NAO;NAO;1;4298.13;3372.65;29;0.5117484379478935
75162038084;4988;38;FUNDAM;SOLTEIRO;ASSALARIADO;PROPRIA;NAO;NAO;0;4832.46;3834.5;20;0.3071891674948534
36433697622;4989;28;SUPERIOR;CASADO;ASSALARIADO;CEDIDA;NAO;NAO;1;7731.88;6371.65;16;0.5532703785311939
24074675150;4990;47;SUPERIOR;CASADO;ASSALARIADO;ALUGADA;NAO;NAO;1;5741.97;4645.51;1;0.395197306193737
31438283140;4991;30;MEDIO;CASADO;EMPRESARIO;ALUGADA;NAO;SIM;0;1412.0;1081.19;7;0.777728285077695
16341190121;4992;52;FUNDAM;CASADO;ASSALARIADO;PROPRIA;NAO;NAO;0;5270.83;4242.33;16;0.2914279615681831
67937519279;4993;33;SUPERIOR;SOLTEIRO;SERVIDOR PUBLICO;PROPRIA;SIM;NAO;1;11659.65;8948.87;44;0.17996197321666685
16867478221;4994;77;SUPERIOR;CASADO;ASSALARIADO;FINANCIADA;NAO;NAO;2;8750.22;7121.97;28;0.3523401690834665
92296965893;4995;37;SUPERIOR;DIVORCIADO;ASSALARIADO;CEDIDA;NAO;NAO;3;27300.26;22332.67;70;0.14687574592088326
82845172776;4996;30;MEDIO;CASADO;ASSALARIADO;ALUGADA;SIM;SIM;1;2933.86;2300.96;13;0.631891153185298
46554547472;4997;43;SUPERIOR;CASADO;ASSALARIADO;ALUGADA;SIM;SIM;2;25577.08;21390.72;127;0.15955523120773762
61299667722;4998;46;SUPERIOR;CASADO;AUTONOMO;PROPRIA;NAO;NAO;1;20052.73;16521.75;47;0.09428739403463722
18120520594;4999;46;FUNDAM;SOLTEIRO;SERVIDOR PUBLICO;PROPRIA;NAO;SIM;1;1533.77;1283.61;7;0.42340279989871255
42516380659;5000;32;MEDIO;CASADO;ASSALARIADO;PROPRIA;SIM;NAO;1;4542.73;3533.48;20;0.25780425845191424
