CPF,scr_classificacao_risco,scr_score_risco,scr_dias_atraso,scr_valor_vencido,scr_valor_prejuizo,scr_tem_prejuizo
63092951559,A,1,3,0.0,0.0,0
69759791263,H,8,138,8301.56,0.0,0
47718198297,D,4,10,424.07,0.0,0
86858842149,C,3,47,2465.13,0.0,0
25184366311,AA,0,0,0.0,0.0,0
80080544242,A,1,0,0.0,0.0,0
89987066636,AA,0,0,0.0,0.0,0
30310788761,F,6,194,10513.69,0.0,0
60537272042,B,2,0,0.0,0.0,0
41030242880,C,3,6,383.5,0.0,0
95817841997,A,1,3,0.0,0.0,0
45646826767,G,7,232,2086.24,0.0,0
69412271416,D,4,27,841.89,0.0,0
54220892612,B,2,0,0.0,0.0,0
58521138519,AA,0,0,0.0,0.0,0
19762426686,A,1,0,0.0,0.0,0
54738026849,B,2,0,0.0,0.0,0
41713958743,B,2,0,0.0,0.0,0
43461453555,B,2,0,0.0,0.0,0
95319742450,AA,0,0,0.0,0.0,0
56992776817,C,3,0,0.0,0.0,0
96561560134,AA,0,0,0.0,0.0,0
35153335432,B,2,0,0.0,0.0,0
50896542530,B,2,0,0.0,0.0,0
20744922265,C,3,56,1986.7,1584.07,1
35869050492,D,4,0,0.0,0.0,0
27691348187,A,1,0,0.0,0.0,0
67938640184,C,3,6,1829.59,0.0,0
40055887189,C,3,9,1931.98,0.0,0
54041126515,AA,0,0,0.0,0.0,0
94960082833,C,3,16,512.66,0.0,0
90621017246,A,1,0,0.0,0.0,0
70951748249,AA,0,0,0.0,0.0,0
34726790459,G,7,71,4626.98,0.0,0
59587881768,H,8,297,1317.76,8610.49,1
86361989593,E,5,102,2853.0,6014.11,1
67186744419,A,1,0,0.0,0.0,0
67428843035,AA,0,0,0.0,0.0,0
76275824559,D,4,11,211.91,0.0,0
24684284324,B,2,0,0.0,0.0,0
11561124684,AA,0,0,0.0,0.0,0
55450244340,B,2,0,0.0,0.0,0
78710714970,AA,0,0,0.0,0.0,0
69911230128,G,7,146,3653.03,0.0,0
53350697339,AA,0,0,0.0,0.0,0
58467264618,B,2,0,0.0,0.0,0
46789247673,B,2,0,0.0,0.0,0
47020990447,B,2,0,0.0,0.0,0
36343052332,C,3,15,191.23,0.0,0
32327222858,B,2,0,0.0,0.0,0
34562039537,H,8,181,2177.55,0.0,0
70845174746,D,4,2,216.34,0.0,0
82155437385,G,7,71,4287.64,2495.59,1
55117668689,E,5,51,2425.46,10502.06,1
65517753562,C,3,38,1511.69,0.0,0
82588528834,G,7,82,4518.92,9610.01,1
13468231136,AA,0,0,0.0,0.0,0
83223768629,AA,0,0,0.0,0.0,0
77284658486,AA,0,0,0.0,0.0,0
43555258576,AA,0,0,0.0,0.0,0
79853652119,B,2,0,0.0,0.0,0
10531219443,A,1,0,0.0,0.0,0
66086689938,C,3,10,825.95,0.0,0
47760154842,AA,0,0,0.0,0.0,0
84188419758,A,1,0,0.0,0.0,0
75523483922,C,3,7,1971.36,0.0,0
82348741878,AA,0,3,0.0,0.0,0
22342884685,D,4,7,1438.06,0.0,0
17788290927,AA,0,0,0.0,0.0,0
93923557277,H,8,48,824.13,10826.35,1
47025368679,C,3,10,222.75,0.0,0
51612135578,B,2,0,0.0,0.0,0
74095313465,AA,0,0,0.0,0.0,0
32222593412,E,5,144,14401.1,0.0,0
29822890967,D,4,17,523.54,0.0,0
95532832194,D,4,33,736.28,0.0,0
85154756313,C,3,26,606.99,0.0,0
60611668849,AA,0,0,0.0,0.0,0
51753962298,A,1,0,0.0,0.0,0
39575276343,A,1,3,0.0,0.0,0
23534630916,F,6,290,1040.41,0.0,0
41765731380,B,2,0,0.0,0.0,0
22648111211,A,1,0,0.0,0.0,0
84786912891,A,1,0,0.0,0.0,0
61380741658,AA,0,0,0.0,0.0,0
78542771168,A,1,0,0.0,0.0,0
40350140595,D,4,4,307.12,0.0,0
84830225441,C,3,57,918.21,0.0,0
42167732131,G,7,320,1941.53,0.0,0
44125195884,C,3,2,562.55,835.1,1
98983024258,AA,0,0,0.0,0.0,0
75639481296,D,4,1,418.22,0.0,0
10354062652,D,4,13,629.77,0.0,0
99136193295,C,3,1,533.04,0.0,0
12992518565,D,4,31,7144.72,0.0,0
80851940183,C,3,10,1903.0,0.0,0
48434449576,C,3,3,181.96,0.0,0
22410961228,AA,0,0,0.0,0.0,0
94984847164,AA,0,0,0.0,0.0,0
78828231377,A,1,0,0.0,0.0,0
90828255788,AA,0,0,0.0,0.0,0
68098178290,C,3,36,155.74,0.0,0
18141291559,B,2,0,0.0,0.0,0
79572131635,C,3,19,1562.32,1951.86,1
72037865296,E,5,281,1441.89,2863.71,1
19232441427,A,1,0,0.0,0.0,0
42632381017,B,2,0,0.0,0.0,0
72554146126,E,5,182,2242.66,0.0,0
91851689775,AA,0,0,0.0,0.0,0
28778537741,AA,0,0,0.0,0.0,0
50885223572,AA,0,0,0.0,0.0,0
64030813954,AA,0,0,0.0,0.0,0
61386791640,G,7,113,2929.53,0.0,0
67933344518,E,5,225,2854.35,16223.08,1
10915080953,B,2,0,0.0,0.0,0
12530243493,E,5,133,1903.52,0.0,0
84771970239,E,5,50,5530.59,5432.08,1
81032875489,AA,0,0,0.0,0.0,0
22233454293,G,7,51,5795.92,0.0,0
72496943995,B,2,0,0.0,0.0,0
93797559929,D,4,5,212.18,0.0,0
29692030211,F,6,55,6779.75,14907.58,1
76974790717,B,2,0,0.0,0.0,0
75684219839,AA,0,0,0.0,0.0,0
48429616389,A,1,0,0.0,0.0,0
13569078890,A,1,0,0.0,0.0,0
81663571813,D,4,13,866.15,0.0,0
85059147886,E,5,208,1788.11,0.0,0
54560874835,AA,0,0,0.0,0.0,0
91433326479,B,2,3,0.0,0.0,0
36699773492,B,2,0,0.0,0.0,0
89027492985,AA,0,0,0.0,0.0,0
65048951971,A,1,0,0.0,0.0,0
41572143445,A,1,0,0.0,0.0,0
68842744340,G,7,40,4198.58,4536.98,1
77915949646,AA,0,0,0.0,0.0,0
35016075727,B,2,3,0.0,0.0,0
40947738688,C,3,2,346.54,0.0,0
77643995977,AA,0,0,0.0,0.0,0
99530945162,H,8,41,6366.11,3849.72,1
69816117816,H,8,227,1251.55,3759.05,1
97925835449,A,1,0,0.0,0.0,0
68943878989,C,3,14,95.19,0.0,0
29212474748,B,2,0,0.0,0.0,0
25987575276,A,1,0,0.0,0.0,0
29397661532,A,1,0,0.0,0.0,0
38993870567,C,3,28,111.12,0.0,0
42837474832,C,3,20,2450.91,0.0,0
81462457640,AA,0,0,0.0,0.0,0
42746588614,B,2,0,0.0,0.0,0
57452247523,G,7,66,7457.86,9553.38,1
24950587271,B,2,0,0.0,0.0,0
53594752235,A,1,0,0.0,0.0,0
21669122465,C,3,5,596.42,0.0,0
49591675114,H,8,74,15244.97,0.0,0
71170360160,AA,0,0,0.0,0.0,0
33561545892,B,2,0,0.0,0.0,0
89283876365,C,3,42,80.9,0.0,0
37489096292,AA,0,0,0.0,0.0,0
70730414527,D,4,46,1082.04,0.0,0
28868214497,A,1,0,0.0,0.0,0
73252911624,C,3,10,1771.57,0.0,0
42890171017,B,2,0,0.0,0.0,0
14947475097,C,3,24,804.91,0.0,0
78170531252,AA,0,0,0.0,0.0,0
13415875182,D,4,43,660.19,0.0,0
62363983255,A,1,3,0.0,0.0,0
97690796638,B,2,0,0.0,0.0,0
47522759879,AA,0,0,0.0,0.0,0
75586791374,C,3,5,1592.17,0.0,0
89615165115,B,2,0,0.0,0.0,0
89426436210,A,1,0,0.0,0.0,0
68827553423,B,2,0,0.0,0.0,0
43486678850,B,2,0,0.0,0.0,0
80734184794,C,3,20,1990.42,0.0,0
99798669671,AA,0,0,0.0,0.0,0
41224193384,D,4,18,1923.68,0.0,0
77668953070,A,1,0,0.0,0.0,0
43932638258,F,6,74,1854.88,0.0,0
54355368254,AA,0,0,0.0,0.0,0
35688039326,A,1,0,0.0,0.0,0
45552122810,A,1,0,0.0,0.0,0
69460198239,E,5,226,5135.13,0.0,0
56010646229,E,5,153,2987.82,3319.14,1
14362490629,AA,0,0,0.0,0.0,0
10421166334,C,3,4,1291.48,0.0,0
53956948481,C,3,31,2928.63,855.36,1
58327663394,B,2,0,0.0,0.0,0
69664299636,C,3,25,309.55,0.0,0
86947644810,B,2,0,0.0,0.0,0
39749139044,AA,0,0,0.0,0.0,0
89063484655,F,6,204,3802.3,10896.39,1
88617868322,F,6,158,1874.2,0.0,0
53351481093,B,2,3,0.0,0.0,0
73841287523,B,2,0,0.0,0.0,0
44927862022,AA,0,0,0.0,0.0,0
81529364930,E,5,170,1015.7,0.0,0
76869599559,F,6,71,5341.26,0.0,0
80348387624,E,5,95,1889.4,0.0,0
83628035896,D,4,34,972.26,0.0,0
12139487643,C,3,11,77.6,0.0,0
62364540059,AA,0,0,0.0,0.0,0
96676790612,AA,0,0,0.0,0.0,0
27462365486,G,7,40,3485.9,12421.56,1
47580660927,B,2,0,0.0,0.0,0
72218987713,A,1,0,0.0,0.0,0
96836715260,AA,0,0,0.0,0.0,0
37124458735,C,3,1,1290.99,0.0,0
86912860756,A,1,0,0.0,0.0,0
45677360180,AA,0,0,0.0,0.0,0
33064022058,C,3,15,660.07,0.0,0
73144624390,D,4,5,124.55,0.0,0
81436815134,C,3,3,1324.13,90.56,1
84333548068,AA,0,0,0.0,0.0,0
55985098477,E,5,303,2682.38,8465.11,1
85283021754,A,1,0,0.0,0.0,0
17185868338,AA,0,0,0.0,0.0,0
61488875290,D,4,11,80.49,0.0,0
78796337911,B,2,0,0.0,0.0,0
33361476511,G,7,72,8166.36,4575.39,1
64413395747,C,3,6,724.7,0.0,0
22681783429,B,2,0,0.0,0.0,0
74926073354,AA,0,0,0.0,0.0,0
59515954970,AA,0,0,0.0,0.0,0
79011181918,AA,0,0,0.0,0.0,0
36624881577,AA,0,0,0.0,0.0,0
89324659426,G,7,207,2203.23,8073.14,1
35078328810,A,1,0,0.0,0.0,0
33947729967,E,5,84,8825.28,0.0,0
44922072650,C,3,10,306.76,0.0,0
25127043618,C,3,30,71.37,0.0,0
54931725950,C,3,5,3937.95,0.0,0
11021584027,B,2,0,0.0,0.0,0
60110738291,B,2,0,0.0,0.0,0
87661369284,B,2,0,0.0,0.0,0
40129748821,D,4,3,658.46,0.0,0
78352596697,AA,0,0,0.0,0.0,0
25715156456,AA,0,0,0.0,0.0,0
64768189953,C,3,28,883.54,0.0,0
49968296326,AA,0,0,0.0,0.0,0
77111350982,F,6,129,18580.33,0.0,0
24073982821,H,8,51,1603.82,0.0,0
78475559661,E,5,88,10081.76,14314.07,1
76063565414,A,1,0,0.0,0.0,0
72238859640,AA,0,0,0.0,0.0,0
62034013417,E,5,52,1613.36,0.0,0
94224469129,B,2,0,0.0,0.0,0
57434743331,H,8,100,6292.87,0.0,0
53798068284,G,7,122,7975.91,2267.98,1
30868847090,G,7,349,8663.29,9481.37,1
34755181940,A,1,0,0.0,0.0,0
44024021238,A,1,0,0.0,0.0,0
56274951624,G,7,84,10222.39,19651.99,1
22246260686,A,1,0,0.0,0.0,0
61160764663,AA,0,0,0.0,0.0,0
25797978551,C,3,6,112.74,1037.02,1
59229827633,F,6,331,2556.3,4699.29,1
30768023311,E,5,153,9031.78,10694.77,1
98861440819,C,3,31,1893.52,0.0,0
63521151693,AA,0,0,0.0,0.0,0
37792857976,B,2,0,0.0,0.0,0
35927861548,G,7,72,1162.87,1502.28,1
13054030039,A,1,0,0.0,0.0,0
34496057248,B,2,0,0.0,0.0,0
71012434867,F,6,110,3168.93,8094.62,1
32826349455,D,4,35,2835.77,0.0,0
95688859611,E,5,193,7634.84,0.0,0
30190619842,C,3,20,810.0,0.0,0
84413048776,AA,0,0,0.0,0.0,0
55256499074,AA,0,0,0.0,0.0,0
27226684796,C,3,2,142.55,0.0,0
97285331662,E,5,106,6349.5,3897.5,1
24099670938,E,5,182,6618.01,3539.99,1
92845068311,F,6,52,8992.73,0.0,0
87992383650,C,3,19,227.28,0.0,0
73251057247,C,3,30,1690.83,576.45,1
46958053589,C,3,7,1366.11,0.0,0
86225957111,B,2,0,0.0,0.0,0
93324715671,C,3,3,1527.33,0.0,0
69758661157,D,4,14,131.83,0.0,0
31074616659,G,7,126,4921.16,0.0,0
86390120496,AA,0,3,0.0,0.0,0
16846242297,B,2,0,0.0,0.0,0
83026172652,A,1,0,0.0,0.0,0
63262313156,C,3,7,51.76,0.0,0
46856945396,A,1,0,0.0,0.0,0
41054893526,C,3,23,4366.22,0.0,0
89396245842,B,2,0,0.0,0.0,0
29157523755,AA,0,0,0.0,0.0,0
61057359660,C,3,14,1246.6,0.0,0
90178057347,AA,0,0,0.0,0.0,0
65952612750,AA,0,0,0.0,0.0,0
33558747785,E,5,141,2806.29,0.0,0
42015932422,B,2,0,0.0,0.0,0
55215171252,AA,0,0,0.0,0.0,0
83134982349,C,3,5,3268.39,0.0,0
14152050676,E,5,108,4626.17,0.0,0
42443472178,AA,0,0,0.0,0.0,0
19734958667,B,2,0,0.0,0.0,0
84260391396,A,1,0,0.0,0.0,0
53088449277,A,1,0,0.0,0.0,0
83385138570,C,3,35,1109.61,0.0,0
29251029354,C,3,10,1345.09,0.0,0
13941647650,B,2,0,0.0,0.0,0
30169956751,D,4,35,1477.31,0.0,0
28921869147,H,8,60,1844.36,5060.95,1
84727684527,B,2,0,0.0,0.0,0
45483358414,AA,0,0,0.0,0.0,0
45675010370,C,3,48,764.78,0.0,0
22398281421,A,1,0,0.0,0.0,0
91672238343,A,1,0,0.0,0.0,0
29287353033,AA,0,0,0.0,0.0,0
13317111589,A,1,0,0.0,0.0,0
37198398293,G,7,112,11999.35,0.0,0
24173392671,E,5,175,3699.03,0.0,0
82954950270,E,5,253,1454.31,0.0,0
59738131658,AA,0,0,0.0,0.0,0
37447959358,AA,0,0,0.0,0.0,0
34282064185,AA,0,0,0.0,0.0,0
66818439149,A,1,0,0.0,0.0,0
89519678582,C,3,7,863.12,0.0,0
30982764396,D,4,25,1511.88,0.0,0
54143183735,B,2,0,0.0,0.0,0
42529618659,AA,0,0,0.0,0.0,0
97769064367,H,8,116,1293.0,0.0,0
67543299437,C,3,16,396.05,0.0,0
47096430748,B,2,3,0.0,0.0,0
57981991222,B,2,0,0.0,0.0,0
15730295889,A,1,0,0.0,0.0,0
43224641048,AA,0,0,0.0,0.0,0
75692790911,B,2,0,0.0,0.0,0
14916610014,C,3,27,384.79,0.0,0
45248169827,A,1,0,0.0,0.0,0
16797219631,AA,0,0,0.0,0.0,0
89770186879,AA,0,0,0.0,0.0,0
69283440677,A,1,0,0.0,0.0,0
68528827562,E,5,41,8013.3,3608.26,1
45890131395,E,5,196,3130.38,0.0,0
23413890472,C,3,12,832.02,0.0,0
53837082283,A,1,0,0.0,0.0,0
96848371271,B,2,0,0.0,0.0,0
72542320959,B,2,0,0.0,0.0,0
16089225591,AA,0,0,0.0,0.0,0
85139095062,A,1,0,0.0,0.0,0
26641416410,AA,0,0,0.0,0.0,0
21984491228,C,3,1,2087.6,0.0,0
78753230023,C,3,50,887.68,0.0,0
16676933274,AA,0,0,0.0,0.0,0
42482610593,B,2,0,0.0,0.0,0
14514181170,C,3,14,126.52,0.0,0
13054138861,C,3,3,1448.4,0.0,0
97038766510,E,5,53,9134.17,2091.23,1
48850597314,C,3,26,522.23,0.0,0
61916993019,AA,0,0,0.0,0.0,0
84980190756,A,1,0,0.0,0.0,0
43541189565,B,2,0,0.0,0.0,0
60810033761,A,1,0,0.0,0.0,0
30916184251,B,2,0,0.0,0.0,0
27421745846,G,7,98,8095.57,6965.54,1
23880664013,B,2,0,0.0,0.0,0
57875064188,AA,0,0,0.0,0.0,0
69079777138,B,2,0,0.0,0.0,0
21291057594,C,3,11,84.54,0.0,0
32965096336,C,3,68,233.99,0.0,0
37990493241,F,6,164,2242.31,4873.71,1
66422820865,B,2,0,0.0,0.0,0
82176861766,H,8,162,1849.47,0.0,0
70611316871,F,6,49,1041.17,0.0,0
69766262485,B,2,0,0.0,0.0,0
71674313713,AA,0,0,0.0,0.0,0
76940916470,AA,0,0,0.0,0.0,0
51452553332,AA,0,0,0.0,0.0,0
32630892741,AA,0,0,0.0,0.0,0
53915519996,C,3,28,536.93,0.0,0
38959484150,AA,0,0,0.0,0.0,0
39431390975,AA,0,0,0.0,0.0,0
60975936947,F,6,40,5577.15,0.0,0
90490447121,AA,0,0,0.0,0.0,0
53949157630,D,4,11,138.66,0.0,0
52275772372,B,2,0,0.0,0.0,0
82255795439,AA,0,0,0.0,0.0,0
44141415479,D,4,119,334.69,0.0,0
40551849778,B,2,0,0.0,0.0,0
40164629851,G,7,64,3510.49,2825.67,1
11827260363,C,3,0,0.0,0.0,0
80355850020,C,3,7,2003.29,0.0,0
73872095912,A,1,0,0.0,0.0,0
89186292335,A,1,0,0.0,0.0,0
42476327135,D,4,54,764.47,0.0,0
93894379645,C,3,18,141.42,0.0,0
11681988575,H,8,581,5374.54,6832.29,1
72423759570,B,2,0,0.0,0.0,0
90649798356,A,1,0,0.0,0.0,0
74992231933,E,5,138,11198.56,0.0,0
73785765172,B,2,3,0.0,0.0,0
77373578872,E,5,47,2735.51,0.0,0
97287678654,E,5,60,13065.23,0.0,0
33274833220,AA,0,0,0.0,0.0,0
18498012310,D,4,73,635.81,3508.43,1
83858241694,D,4,33,99.17,0.0,0
33888835967,AA,0,0,0.0,0.0,0
32034449010,G,7,215,2370.7,0.0,0
55217654785,B,2,0,0.0,0.0,0
99074772869,D,4,2,5509.97,0.0,0
59661035343,AA,0,0,0.0,0.0,0
44198110882,G,7,140,7290.32,1814.1,1
99552894926,AA,0,0,0.0,0.0,0
61820291825,A,1,0,0.0,0.0,0
54095938031,E,5,141,4957.79,3422.83,1
53890188325,AA,0,0,0.0,0.0,0
39344196041,A,1,0,0.0,0.0,0
52669997259,H,8,50,6420.95,3061.47,1
57028413732,H,8,64,2251.81,0.0,0
70013553322,C,3,6,361.68,0.0,0
96471646513,C,3,42,508.14,0.0,0
72890354693,C,3,5,2661.14,0.0,0
57699340988,AA,0,3,0.0,0.0,0
56015975369,AA,0,0,0.0,0.0,0
41563354874,C,3,5,322.71,0.0,0
98646680497,C,3,0,0.0,0.0,0
33050522496,C,3,0,0.0,0.0,0
61044155613,D,4,6,909.23,0.0,0
46931630697,A,1,0,0.0,0.0,0
71536255536,B,2,0,0.0,0.0,0
83045480048,A,1,0,0.0,0.0,0
44886536091,C,3,74,94.77,0.0,0
56270192211,C,3,15,397.01,0.0,0
96235218841,G,7,217,2048.9,0.0,0
54137779183,A,1,0,0.0,0.0,0
54458330330,AA,0,0,0.0,0.0,0
80111462255,AA,0,0,0.0,0.0,0
17057148239,C,3,8,4209.94,0.0,0
49734913979,C,3,18,192.3,0.0,0
14517190365,AA,0,0,0.0,0.0,0
75168837431,A,1,0,0.0,0.0,0
11138759747,E,5,47,2324.19,6048.74,1
54464930889,A,1,0,0.0,0.0,0
62345614589,C,3,44,692.58,0.0,0
68068286035,E,5,119,8976.39,4303.27,1
17632614526,A,1,0,0.0,0.0,0
48155671783,A,1,0,0.0,0.0,0
16373097651,H,8,55,2520.52,4702.1,1
98686158562,B,2,0,0.0,0.0,0
24113662481,A,1,0,0.0,0.0,0
58891977229,D,4,47,1047.26,0.0,0
93548459892,F,6,58,14205.24,4492.74,1
57128828184,H,8,57,9732.4,3012.91,1
31360326476,C,3,112,287.01,0.0,0
18033961049,AA,0,0,0.0,0.0,0
13433543484,A,1,0,0.0,0.0,0
24018925022,E,5,65,5539.29,0.0,0
14766156387,C,3,6,1358.14,0.0,0
66345398336,A,1,0,0.0,0.0,0
77768893478,F,6,41,1764.33,3504.82,1
92694777095,A,1,0,0.0,0.0,0
99893629488,C,3,1,1194.17,0.0,0
83737076686,AA,0,0,0.0,0.0,0
24510977177,C,3,45,1271.35,0.0,0
73954976961,A,1,0,0.0,0.0,0
32241278512,AA,0,0,0.0,0.0,0
93068070987,A,1,0,0.0,0.0,0
99241015771,C,3,7,119.99,0.0,0
10681888628,E,5,155,3505.4,9372.26,1
18053133186,B,2,0,0.0,0.0,0
28450471810,H,8,180,2747.67,0.0,0
94937976971,A,1,0,0.0,0.0,0
38293459989,B,2,3,0.0,0.0,0
10352879610,G,7,52,8186.14,2324.37,1
32414372076,AA,0,0,0.0,0.0,0
10353323261,G,7,138,1643.81,1535.63,1
62223088539,A,1,0,0.0,0.0,0
56478583326,H,8,94,7749.31,0.0,0
26617938875,AA,0,0,0.0,0.0,0
67757174445,E,5,44,1178.56,0.0,0
35897125923,C,3,1,204.31,0.0,0
47752185814,G,7,48,1933.05,6123.35,1
78557328390,AA,0,0,0.0,0.0,0
41569417416,C,3,4,398.71,0.0,0
49672676421,H,8,119,8330.97,0.0,0
64283137020,B,2,0,0.0,0.0,0
71451587661,C,3,40,362.85,0.0,0
26875169487,E,5,115,13370.45,11563.58,1
36795568494,C,3,30,2657.92,0.0,0
23972013614,B,2,0,0.0,0.0,0
10828485429,B,2,0,0.0,0.0,0
16933198122,E,5,104,1129.55,0.0,0
94756774452,AA,0,0,0.0,0.0,0
43679392919,B,2,0,0.0,0.0,0
25736279620,G,7,208,1122.82,0.0,0
29940667540,E,5,266,3829.5,0.0,0
72361218867,C,3,46,735.52,0.0,0
95982691831,C,3,47,172.76,0.0,0
30165750022,AA,0,0,0.0,0.0,0
43599047085,A,1,0,0.0,0.0,0
33972481848,C,3,6,2759.0,0.0,0
37431292814,B,2,0,0.0,0.0,0
66814694641,C,3,2,1002.93,0.0,0
61281813493,AA,0,0,0.0,0.0,0
77091412349,H,8,57,1608.81,3312.76,1
59942943373,H,8,72,2953.96,3114.04,1
19230021919,E,5,52,2498.83,6466.56,1
86721661332,C,3,13,1804.16,0.0,0
94980449445,A,1,0,0.0,0.0,0
45267413566,E,5,160,1632.36,5560.27,1
57195637863,D,4,1,2610.87,0.0,0
67482513256,AA,0,0,0.0,0.0,0
63089020995,E,5,47,1851.48,3523.49,1
55010319684,C,3,9,32.55,0.0,0
18385322762,G,7,162,917.65,0.0,0
21157273226,C,3,12,908.76,0.0,0
51751663623,B,2,0,0.0,0.0,0
20940512995,B,2,0,0.0,0.0,0
12143871313,G,7,249,9532.98,9654.46,1
17191221583,G,7,99,18744.89,2018.26,1
21363979367,A,1,0,0.0,0.0,0
95293286246,AA,0,0,0.0,0.0,0
28145324387,A,1,0,0.0,0.0,0
35154896253,D,4,16,2431.2,0.0,0
78234043689,G,7,122,1267.13,0.0,0
86834664173,A,1,0,0.0,0.0,0
50663896889,B,2,0,0.0,0.0,0
69976757397,B,2,0,0.0,0.0,0
96282827811,H,8,183,2441.61,0.0,0
35217046796,G,7,167,4658.13,0.0,0
96064670538,E,5,187,3312.34,2843.54,1
98152580560,B,2,0,0.0,0.0,0
43462710770,AA,0,0,0.0,0.0,0
70365130866,A,1,0,0.0,0.0,0
85630569659,AA,0,0,0.0,0.0,0
38244077189,F,6,96,5260.27,2712.4,1
99132921838,D,4,76,211.46,0.0,0
85426348033,H,8,468,16582.07,0.0,0
44099577859,H,8,64,2396.42,0.0,0
57594956628,C,3,4,406.76,0.0,0
77752738179,C,3,9,177.22,0.0,0
84978838141,E,5,126,3159.65,1962.64,1
51727239298,G,7,91,3107.05,8885.95,1
82596236140,B,2,0,0.0,0.0,0
67620355930,B,2,0,0.0,0.0,0
33367886751,A,1,0,0.0,0.0,0
27323213686,H,8,125,2411.91,2065.86,1
12819166034,C,3,43,1118.85,0.0,0
23719762639,AA,0,0,0.0,0.0,0
30484028664,B,2,0,0.0,0.0,0
92255275383,C,3,41,342.5,0.0,0
46628341614,AA,0,0,0.0,0.0,0
87334552368,A,1,0,0.0,0.0,0
88091333932,C,3,4,453.76,0.0,0
24842790162,C,3,8,1167.09,0.0,0
13095132675,D,4,1,298.1,0.0,0
61195548284,C,3,20,3608.69,0.0,0
55150975393,G,7,169,22021.83,9575.48,1
19925245883,C,3,13,785.68,0.0,0
58229116877,C,3,39,91.58,0.0,0
21250348196,E,5,143,1579.56,0.0,0
14248844841,B,2,3,0.0,0.0,0
95391252680,AA,0,0,0.0,0.0,0
65292528637,A,1,0,0.0,0.0,0
31266691845,E,5,57,1423.98,6814.34,1
52687382260,C,3,29,325.23,0.0,0
98915275059,E,5,389,7237.03,2801.07,1
65718127386,B,2,0,0.0,0.0,0
14040687860,A,1,0,0.0,0.0,0
12666037159,AA,0,0,0.0,0.0,0
53736956291,B,2,0,0.0,0.0,0
30389333349,B,2,0,0.0,0.0,0
34562960127,B,2,0,0.0,0.0,0
86811545630,AA,0,0,0.0,0.0,0
59973082212,E,5,62,10164.52,2365.09,1
36335171027,AA,0,0,0.0,0.0,0
70163655527,B,2,0,0.0,0.0,0
12316850983,D,4,87,670.29,0.0,0
11035910921,A,1,3,0.0,0.0,0
68574484614,C,3,10,814.14,0.0,0
12228331555,E,5,73,4269.23,2025.44,1
22948144983,E,5,271,3083.9,0.0,0
10075290371,AA,0,0,0.0,0.0,0
67442271925,F,6,81,6613.54,1881.22,1
56152385757,B,2,0,0.0,0.0,0
21078561634,AA,0,0,0.0,0.0,0
90579357690,C,3,34,2406.67,0.0,0
69355952848,H,8,59,1684.64,2603.28,1
76786566463,C,3,22,568.37,0.0,0
19537558764,B,2,0,0.0,0.0,0
30388991881,C,3,15,237.74,0.0,0
23932928663,AA,0,0,0.0,0.0,0
66418790521,A,1,0,0.0,0.0,0
96232944782,AA,0,3,0.0,0.0,0
69736242338,AA,0,0,0.0,0.0,0
99448021954,AA,0,0,0.0,0.0,0
49397374333,A,1,0,0.0,0.0,0
18469350965,C,3,95,247.8,0.0,0
93912285018,AA,0,0,0.0,0.0,0
12432738716,B,2,3,0.0,0.0,0
45279857871,G,7,67,1398.44,4338.66,1
50026295367,C,3,12,36.78,0.0,0
64054692372,B,2,0,0.0,0.0,0
30914642924,A,1,0,0.0,0.0,0
21941274687,B,2,0,0.0,0.0,0
31737343715,AA,0,0,0.0,0.0,0
91079614085,A,1,0,0.0,0.0,0
15067219328,B,2,0,0.0,0.0,0
98863269144,AA,0,0,0.0,0.0,0
68215397392,AA,0,0,0.0,0.0,0
63778049514,AA,0,0,0.0,0.0,0
12526518115,C,3,0,0.0,0.0,0
35668622589,B,2,0,0.0,0.0,0
44552214891,B,2,0,0.0,0.0,0
58313695710,C,3,11,951.46,0.0,0
83039231328,D,4,14,1387.93,0.0,0
61056026465,AA,0,0,0.0,0.0,0
93483090282,C,3,3,312.62,0.0,0
18338127344,B,2,0,0.0,0.0,0
57963324138,AA,0,0,0.0,0.0,0
28525888432,F,6,65,2454.35,0.0,0
67051970091,G,7,95,2497.38,0.0,0
92694722921,AA,0,0,0.0,0.0,0
85187783211,B,2,0,0.0,0.0,0
62777597358,C,3,22,1529.88,0.0,0
90331358211,E,5,49,2748.59,6713.88,1
83876723430,AA,0,0,0.0,0.0,0
71931656550,B,2,0,0.0,0.0,0
33691068817,AA,0,0,0.0,0.0,0
47259475390,C,3,46,520.86,0.0,0
68862210990,C,3,9,694.57,0.0,0
41061361256,AA,0,3,0.0,0.0,0
19069437344,C,3,9,452.01,0.0,0
47681216134,E,5,70,2073.83,10926.38,1
31371825695,AA,0,0,0.0,0.0,0
69160675881,B,2,0,0.0,0.0,0
81598480578,E,5,41,2346.1,24924.94,1
81730785419,F,6,96,1241.87,0.0,0
81171989236,C,3,16,204.77,0.0,0
54462165016,B,2,0,0.0,0.0,0
88246975242,AA,0,0,0.0,0.0,0
45420362230,B,2,0,0.0,0.0,0
82876265574,C,3,24,230.15,0.0,0
68147754591,AA,0,0,0.0,0.0,0
34026945678,B,2,0,0.0,0.0,0
53599651310,AA,0,0,0.0,0.0,0
53149783140,A,1,0,0.0,0.0,0
80118633340,A,1,0,0.0,0.0,0
47674650393,B,2,0,0.0,0.0,0
51487636615,AA,0,0,0.0,0.0,0
52615872127,A,1,0,0.0,0.0,0
99489699653,F,6,41,3370.57,10033.63,1
26042213750,C,3,6,989.89,0.0,0
37139316294,C,3,1,381.18,0.0,0
36451051424,C,3,26,521.55,0.0,0
32387691190,C,3,30,858.41,0.0,0
34054343348,AA,0,0,0.0,0.0,0
79065185772,C,3,6,1017.6,0.0,0
74513751515,C,3,2,873.44,0.0,0
21440966243,C,3,7,1233.94,0.0,0
43149294870,A,1,0,0.0,0.0,0
31378913128,AA,0,0,0.0,0.0,0
47166914726,B,2,0,0.0,0.0,0
41523781859,AA,0,0,0.0,0.0,0
45864972394,B,2,0,0.0,0.0,0
77974283388,B,2,0,0.0,0.0,0
44613088337,A,1,0,0.0,0.0,0
52897126452,H,8,69,5857.66,0.0,0
42817293869,B,2,0,0.0,0.0,0
93192719845,A,1,0,0.0,0.0,0
77729213331,AA,0,0,0.0,0.0,0
19379081154,A,1,0,0.0,0.0,0
42686970521,A,1,3,0.0,0.0,0
96796989447,A,1,0,0.0,0.0,0
94260450352,AA,0,0,0.0,0.0,0
38782925050,A,1,0,0.0,0.0,0
18710116162,A,1,0,0.0,0.0,0
15665930615,E,5,197,2718.25,0.0,0
72040117266,AA,0,0,0.0,0.0,0
36291953539,C,3,29,91.77,0.0,0
66624987114,AA,0,0,0.0,0.0,0
42360845913,G,7,186,4069.59,3492.91,1
78297662625,AA,0,0,0.0,0.0,0
33369579783,AA,0,0,0.0,0.0,0
38870632974,G,7,53,6912.2,0.0,0
38039211734,F,6,65,3013.71,0.0,0
47549864677,E,5,43,4355.97,0.0,0
22435595121,B,2,0,0.0,0.0,0
70597224945,AA,0,0,0.0,0.0,0
51757452285,B,2,0,0.0,0.0,0
67082453370,E,5,154,6907.55,2362.04,1
26049024697,C,3,6,243.66,0.0,0
75923232116,B,2,0,0.0,0.0,0
50378682016,AA,0,0,0.0,0.0,0
55882195173,E,5,71,883.4,16102.86,1
42187419024,AA,0,0,0.0,0.0,0
43813393337,AA,0,0,0.0,0.0,0
80536629765,B,2,0,0.0,0.0,0
50659362192,B,2,0,0.0,0.0,0
30254398721,AA,0,0,0.0,0.0,0
22083198614,A,1,0,0.0,0.0,0
88642733546,B,2,0,0.0,0.0,0
12739927078,AA,0,0,0.0,0.0,0
93985182729,C,3,4,2168.62,0.0,0
45423342483,AA,0,0,0.0,0.0,0
98431922721,C,3,27,605.87,0.0,0
72849855096,C,3,19,1833.19,0.0,0
67498459945,AA,0,0,0.0,0.0,0
10635642758,B,2,0,0.0,0.0,0
76140796252,AA,0,0,0.0,0.0,0
39481427063,A,1,0,0.0,0.0,0
76021611447,H,8,96,4334.11,17014.64,1
47837870292,A,1,0,0.0,0.0,0
84843530360,D,4,17,549.58,0.0,0
89027846955,A,1,0,0.0,0.0,0
86084934570,E,5,152,946.22,3765.31,1
49946915941,D,4,26,162.01,0.0,0
26854350477,C,3,13,156.97,0.0,0
61884642529,C,3,30,1128.73,0.0,0
27139923968,AA,0,0,0.0,0.0,0
56133377353,A,1,0,0.0,0.0,0
69239574170,E,5,47,2943.44,2732.61,1
63275160986,C,3,7,50.97,0.0,0
54856568997,H,8,98,2220.17,2399.15,1
23940782823,AA,0,0,0.0,0.0,0
76376557770,D,4,3,372.93,0.0,0
80767526738,F,6,192,1669.67,10117.61,1
24580741465,A,1,0,0.0,0.0,0
46467747021,A,1,0,0.0,0.0,0
88954550923,D,4,5,1326.65,530.06,1
87681336256,C,3,23,28.57,0.0,0
79788769065,E,5,350,9893.53,0.0,0
60852646969,AA,0,0,0.0,0.0,0
27921482775,E,5,81,5301.16,1792.08,1
63189222045,A,1,0,0.0,0.0,0
10214623969,AA,0,0,0.0,0.0,0
32489568690,A,1,0,0.0,0.0,0
84313034878,C,3,3,514.18,0.0,0
21080541586,C,3,17,374.94,0.0,0
63162246113,C,3,21,71.77,0.0,0
79165873376,AA,0,3,0.0,0.0,0
75098366198,F,6,293,936.27,15095.59,1
50682054562,B,2,0,0.0,0.0,0
45075340227,C,3,11,1516.31,0.0,0
42220883892,A,1,0,0.0,0.0,0
19454328697,B,2,3,0.0,0.0,0
66128875663,C,3,12,307.82,0.0,0
95887625987,AA,0,0,0.0,0.0,0
37739543361,E,5,359,5600.53,0.0,0
56125552763,C,3,1,2249.86,0.0,0
97183640331,A,1,0,0.0,0.0,0
97132877454,E,5,286,1179.1,3806.86,1
38316669747,A,1,0,0.0,0.0,0
79271469815,C,3,1,1473.31,0.0,0
75364756760,F,6,120,1353.52,0.0,0
95417665554,C,3,3,113.35,0.0,0
47055672350,A,1,0,0.0,0.0,0
87320944716,G,7,200,22419.05,0.0,0
31045032656,C,3,48,3595.12,0.0,0
59151697431,B,2,0,0.0,0.0,0
67885281622,AA,0,0,0.0,0.0,0
58758741186,E,5,272,5479.77,0.0,0
11110481664,C,3,23,70.69,0.0,0
73894359883,B,2,0,0.0,0.0,0
35262667747,E,5,79,2587.37,2127.9,1
81932419764,E,5,75,3186.99,2380.43,1
82840282923,A,1,0,0.0,0.0,0
58975426240,A,1,0,0.0,0.0,0
51781236247,B,2,0,0.0,0.0,0
48299631423,E,5,54,4538.61,0.0,0
89221649149,A,1,0,0.0,0.0,0
87394663190,B,2,0,0.0,0.0,0
70728623348,E,5,79,3087.21,0.0,0
74923684043,F,6,48,4733.69,2220.87,1
81692294284,B,2,0,0.0,0.0,0
96131480068,D,4,29,298.03,0.0,0
81897721620,AA,0,0,0.0,0.0,0
62441798180,E,5,229,6020.23,0.0,0
70634046231,AA,0,0,0.0,0.0,0
13775387340,A,1,0,0.0,0.0,0
99215048626,C,3,38,531.15,0.0,0
11923450067,AA,0,0,0.0,0.0,0
85357359736,AA,0,0,0.0,0.0,0
62458761674,E,5,541,2346.68,0.0,0
75626475712,E,5,43,4470.96,6919.52,1
34473932187,C,3,35,222.51,0.0,0
11669492856,C,3,2,873.85,0.0,0
42767996056,C,3,43,931.3,0.0,0
92360448284,B,2,0,0.0,0.0,0
61143175380,B,2,0,0.0,0.0,0
67832323811,A,1,0,0.0,0.0,0
37278192532,E,5,84,4976.56,3132.14,1
13231340087,C,3,12,47.94,0.0,0
40420563162,A,1,0,0.0,0.0,0
75646474716,C,3,23,1917.87,0.0,0
85226458358,F,6,46,3543.41,0.0,0
55112991963,A,1,0,0.0,0.0,0
66318497451,B,2,0,0.0,0.0,0
76687045025,C,3,9,824.43,0.0,0
81617034251,B,2,0,0.0,0.0,0
73383520842,A,1,0,0.0,0.0,0
12821396271,E,5,158,6862.46,11318.99,1
84229361952,E,5,51,833.07,0.0,0
21253087993,B,2,0,0.0,0.0,0
13910453966,C,3,6,2353.49,0.0,0
72146535642,E,5,105,1243.0,14879.57,1
28717233043,E,5,79,3569.89,9082.37,1
17190058365,A,1,0,0.0,0.0,0
68745569430,B,2,0,0.0,0.0,0
58059080713,C,3,14,979.88,0.0,0
84727611014,AA,0,0,0.0,0.0,0
67125767797,E,5,67,7393.87,0.0,0
97224330985,F,6,119,2262.8,13429.0,1
18911112577,F,6,252,3068.97,0.0,0
35034163862,C,3,19,1081.27,0.0,0
95418427546,AA,0,0,0.0,0.0,0
14481474215,H,8,40,16068.84,10713.03,1
56148968838,D,4,40,560.35,0.0,0
26062887875,AA,0,0,0.0,0.0,0
90132284750,G,7,252,1216.37,0.0,0
22390424955,E,5,53,1134.7,4330.71,1
64691798424,C,3,3,1163.88,0.0,0
48795536838,C,3,8,848.84,0.0,0
40511561243,B,2,0,0.0,0.0,0
45356320342,AA,0,0,0.0,0.0,0
24279743644,B,2,0,0.0,0.0,0
79247530367,E,5,211,17526.74,14118.13,1
68876013810,AA,0,0,0.0,0.0,0
66043291097,AA,0,0,0.0,0.0,0
18743245514,A,1,0,0.0,0.0,0
94556368111,B,2,0,0.0,0.0,0
46434659777,F,6,91,10952.84,5638.26,1
16269196794,B,2,0,0.0,0.0,0
18016669979,B,2,0,0.0,0.0,0
43819760695,E,5,42,4445.52,17206.33,1
59387077896,C,3,1,1501.88,0.0,0
36683546639,AA,0,0,0.0,0.0,0
91758367857,B,2,0,0.0,0.0,0
71590783925,AA,0,0,0.0,0.0,0
25996780195,AA,0,0,0.0,0.0,0
71359765187,C,3,47,962.19,0.0,0
29842145920,AA,0,0,0.0,0.0,0
59655758615,F,6,55,1733.65,0.0,0
23625274414,A,1,0,0.0,0.0,0
40955055121,C,3,11,1731.93,0.0,0
31785630196,C,3,23,151.22,0.0,0
21239326434,A,1,0,0.0,0.0,0
52715916677,C,3,9,657.89,0.0,0
77538010734,A,1,0,0.0,0.0,0
51964172688,H,8,452,8730.6,3936.64,1
28791284056,A,1,0,0.0,0.0,0
78955294951,B,2,0,0.0,0.0,0
27787410363,AA,0,0,0.0,0.0,0
71678489889,H,8,69,909.31,15344.05,1
16027247712,C,3,5,337.03,0.0,0
53261410292,B,2,0,0.0,0.0,0
87115813462,AA,0,0,0.0,0.0,0
49947527835,E,5,84,2768.08,0.0,0
77746816743,A,1,0,0.0,0.0,0
34237678068,E,5,86,4800.2,0.0,0
18835833665,A,1,0,0.0,0.0,0
28950182893,B,2,0,0.0,0.0,0
11429386539,A,1,0,0.0,0.0,0
55926693166,C,3,0,0.0,0.0,0
41810618581,C,3,40,113.52,0.0,0
31463494315,AA,0,0,0.0,0.0,0
79762538314,E,5,214,15664.18,3822.13,1
15573260934,B,2,0,0.0,0.0,0
51054323138,B,2,0,0.0,0.0,0
84472272516,C,3,11,652.71,0.0,0
51541946752,A,1,0,0.0,0.0,0
45592757637,C,3,12,254.91,0.0,0
13942290468,AA,0,0,0.0,0.0,0
88754681244,A,1,0,0.0,0.0,0
41398823768,F,6,199,1597.35,38210.63,1
98476039852,E,5,129,10606.18,0.0,0
31545822855,A,1,0,0.0,0.0,0
22697467455,B,2,0,0.0,0.0,0
76288554536,C,3,25,428.8,0.0,0
14327367221,A,1,0,0.0,0.0,0
32646037130,AA,0,0,0.0,0.0,0
71121629122,AA,0,0,0.0,0.0,0
53322761965,E,5,74,2665.48,0.0,0
28323556396,C,3,13,290.55,0.0,0
78445325130,AA,0,0,0.0,0.0,0
60875240560,AA,0,0,0.0,0.0,0
10383299369,A,1,0,0.0,0.0,0
80776017234,B,2,3,0.0,0.0,0
20444023173,AA,0,3,0.0,0.0,0
94712452316,A,1,0,0.0,0.0,0
99378461649,C,3,8,668.69,0.0,0
37677353131,AA,0,3,0.0,0.0,0
19086316083,C,3,36,271.56,0.0,0
43473099886,A,1,0,0.0,0.0,0
57315529282,AA,0,0,0.0,0.0,0
77812537381,AA,0,0,0.0,0.0,0
11491337747,D,4,7,117.41,0.0,0
91361512089,E,5,197,2083.16,7551.12,1
14518889026,E,5,185,8652.76,7487.65,1
19585116510,A,1,0,0.0,0.0,0
85059231758,C,3,0,0.0,0.0,0
39015936150,B,2,0,0.0,0.0,0
30069563743,AA,0,0,0.0,0.0,0
85068532113,E,5,41,7977.59,5736.24,1
45832536478,AA,0,0,0.0,0.0,0
10838065176,AA,0,0,0.0,0.0,0
89240698827,B,2,0,0.0,0.0,0
59354295468,AA,0,0,0.0,0.0,0
77340858156,A,1,0,0.0,0.0,0
50767234166,C,3,14,904.99,0.0,0
80543250380,A,1,0,0.0,0.0,0
47077315374,G,7,213,5877.92,5022.93,1
34429953450,C,3,66,313.28,0.0,0
48476485261,AA,0,0,0.0,0.0,0
94834717025,B,2,0,0.0,0.0,0
88899782978,A,1,0,0.0,0.0,0
10468459462,B,2,0,0.0,0.0,0
33988629015,A,1,0,0.0,0.0,0
41859651473,B,2,0,0.0,0.0,0
11330710127,A,1,0,0.0,0.0,0
62913486191,B,2,0,0.0,0.0,0
95089258216,AA,0,0,0.0,0.0,0
99858566885,B,2,0,0.0,0.0,0
92162750314,E,5,64,1136.26,16300.26,1
41689133472,E,5,292,9886.43,22945.55,1
78452744389,AA,0,0,0.0,0.0,0
72226689514,F,6,100,1514.27,7227.2,1
81611420458,B,2,0,0.0,0.0,0
87162531819,G,7,65,1873.5,3450.82,1
69899245653,D,4,11,171.9,0.0,0
94426399568,B,2,0,0.0,0.0,0
77146416473,A,1,0,0.0,0.0,0
61573786891,A,1,0,0.0,0.0,0
17682863288,C,3,8,2772.97,0.0,0
78039610913,C,3,1,199.33,0.0,0
29678328647,B,2,0,0.0,0.0,0
32937976328,AA,0,0,0.0,0.0,0
95121552684,C,3,3,863.92,0.0,0
99069869094,G,7,347,5392.72,0.0,0
19973864319,B,2,0,0.0,0.0,0
92691371241,AA,0,0,0.0,0.0,0
53218339460,AA,0,0,0.0,0.0,0
75539441514,AA,0,0,0.0,0.0,0
94883980357,F,6,47,3504.38,0.0,0
63715042335,A,1,0,0.0,0.0,0
63130417033,B,2,0,0.0,0.0,0
67829491725,B,2,0,0.0,0.0,0
32277230559,C,3,14,3643.5,0.0,0
47170047411,B,2,0,0.0,0.0,0
67039629091,C,3,61,4404.83,0.0,0
41718322916,AA,0,0,0.0,0.0,0
73747330417,A,1,0,0.0,0.0,0
35844242742,AA,0,0,0.0,0.0,0
34776687820,F,6,50,9844.36,2066.67,1
97488570383,G,7,152,5059.99,0.0,0
78135889945,C,3,0,0.0,0.0,0
31298266680,B,2,0,0.0,0.0,0
72812454543,B,2,0,0.0,0.0,0
25255661962,AA,0,0,0.0,0.0,0
58233557519,E,5,275,3725.77,4564.4,1
68944822867,A,1,0,0.0,0.0,0
56188758557,B,2,0,0.0,0.0,0
58333217167,C,3,17,1805.17,0.0,0
39326935197,AA,0,0,0.0,0.0,0
10681711961,AA,0,0,0.0,0.0,0
63718859993,C,3,4,467.81,0.0,0
15580986680,AA,0,0,0.0,0.0,0
32716134071,B,2,0,0.0,0.0,0
90388759327,A,1,0,0.0,0.0,0
55563845055,AA,0,0,0.0,0.0,0
39618466312,B,2,0,0.0,0.0,0
41344561096,B,2,0,0.0,0.0,0
80721952484,D,4,11,370.02,0.0,0
90832938847,A,1,0,0.0,0.0,0
24553714870,C,3,1,1028.33,0.0,0
62731369653,C,3,50,179.09,0.0,0
64219476650,C,3,28,701.26,0.0,0
72587070643,F,6,99,1197.51,17397.4,1
57382723766,E,5,169,948.96,0.0,0
26530471215,A,1,0,0.0,0.0,0
24183384213,AA,0,0,0.0,0.0,0
90681315335,AA,0,0,0.0,0.0,0
32538416117,C,3,0,0.0,0.0,0
77850181231,A,1,0,0.0,0.0,0
75777646642,C,3,1,865.43,0.0,0
84814748535,C,3,1,2543.93,0.0,0
24435910819,B,2,3,0.0,0.0,0
34042491649,D,4,89,1785.59,0.0,0
27656958828,A,1,0,0.0,0.0,0
13632491615,AA,0,0,0.0,0.0,0
41964266442,E,5,95,4558.89,8642.17,1
62867686685,B,2,0,0.0,0.0,0
67827232797,C,3,48,2633.85,0.0,0
33285181746,A,1,0,0.0,0.0,0
44738224788,AA,0,0,0.0,0.0,0
20716979087,D,4,59,471.8,0.0,0
26647646139,C,3,39,1684.79,0.0,0
65878614937,C,3,9,68.92,0.0,0
89830035157,AA,0,0,0.0,0.0,0
80592714654,C,3,18,849.36,0.0,0
22829359532,AA,0,0,0.0,0.0,0
51696132998,AA,0,0,0.0,0.0,0
14749971348,E,5,141,4584.44,11743.59,1
23441778390,AA,0,0,0.0,0.0,0
20361588035,H,8,67,847.72,31026.55,1
49696352621,C,3,2,740.22,0.0,0
98718438876,AA,0,0,0.0,0.0,0
87481861852,C,3,25,2.59,27.95,1
78782976585,G,7,70,3038.96,1870.35,1
54272779549,D,4,65,58.5,0.0,0
46416520324,E,5,350,1518.27,14244.57,1
14383496843,C,3,9,1080.36,1220.39,1
23923373419,E,5,110,2867.15,0.0,0
17999250849,G,7,99,3261.95,0.0,0
83244253969,B,2,0,0.0,0.0,0
20721227423,C,3,3,1482.43,0.0,0
96822980246,AA,0,0,0.0,0.0,0
93620133731,G,7,145,6383.07,0.0,0
93791287414,E,5,60,4445.47,2840.72,1
76570365896,AA,0,0,0.0,0.0,0
67734176075,D,4,9,943.43,0.0,0
86937333073,E,5,84,4909.25,11167.49,1
91380887623,A,1,0,0.0,0.0,0
67980439531,C,3,49,574.32,0.0,0
11493127841,F,6,156,4092.57,16977.91,1
32252531426,AA,0,0,0.0,0.0,0
48177314651,D,4,57,168.77,0.0,0
44966160362,A,1,0,0.0,0.0,0
11367832929,F,6,40,3941.01,1895.23,1
54425063430,H,8,73,1393.65,23305.28,1
48866330048,F,6,96,2965.65,33621.08,1
63331068077,B,2,0,0.0,0.0,0
76056574470,F,6,83,4104.53,3806.5,1
33060568889,F,6,113,7133.63,18088.58,1
73562216677,AA,0,0,0.0,0.0,0
98044915069,C,3,15,1469.26,0.0,0
91254366985,A,1,0,0.0,0.0,0
79386614822,C,3,30,585.79,0.0,0
24884633330,AA,0,0,0.0,0.0,0
93618041094,AA,0,0,0.0,0.0,0
54811550596,AA,0,0,0.0,0.0,0
24748353281,C,3,48,550.39,0.0,0
91391646075,AA,0,0,0.0,0.0,0
67347522072,E,5,42,4264.98,0.0,0
25956636851,AA,0,0,0.0,0.0,0
87727429669,AA,0,0,0.0,0.0,0
54466985534,C,3,2,7.22,0.0,0
68247992970,C,3,9,204.78,0.0,0
78412691968,AA,0,0,0.0,0.0,0
91063988843,C,3,30,116.24,0.0,0
18414689424,F,6,79,2933.65,9528.92,1
61641937217,C,3,22,481.73,0.0,0
15641265997,B,2,0,0.0,0.0,0
99550159751,A,1,0,0.0,0.0,0
92175518485,F,6,55,6455.47,20558.24,1
38826726484,A,1,0,0.0,0.0,0
63920676955,E,5,49,5519.82,9713.44,1
94572695217,C,3,4,590.78,0.0,0
65490066667,F,6,132,6838.82,0.0,0
63253040638,C,3,20,1698.47,0.0,0
11542344478,H,8,199,3983.97,0.0,0
24671877879,AA,0,0,0.0,0.0,0
64112788076,D,4,40,784.59,0.0,0
67566960877,A,1,0,0.0,0.0,0
87753442510,C,3,13,622.46,0.0,0
10069131513,B,2,0,0.0,0.0,0
37181046934,F,6,253,1102.61,2450.8,1
49287829862,G,7,45,8336.03,0.0,0
65074281012,D,4,7,3093.59,0.0,0
61442612247,AA,0,0,0.0,0.0,0
56231498951,AA,0,3,0.0,0.0,0
23214046862,D,4,8,1208.2,0.0,0
67357643833,AA,0,0,0.0,0.0,0
63943610870,AA,0,0,0.0,0.0,0
53675616418,B,2,0,0.0,0.0,0
84355337015,B,2,0,0.0,0.0,0
47259447397,AA,0,0,0.0,0.0,0
58585872592,A,1,0,0.0,0.0,0
66944712297,AA,0,0,0.0,0.0,0
12660594484,A,1,3,0.0,0.0,0
99311451315,G,7,155,2462.01,0.0,0
89213087877,A,1,0,0.0,0.0,0
97989188133,B,2,0,0.0,0.0,0
95416872235,C,3,4,1598.1,0.0,0
19390971357,AA,0,0,0.0,0.0,0
34991855027,E,5,268,3889.9,5122.68,1
18559812739,C,3,19,2879.98,0.0,0
10155654845,AA,0,0,0.0,0.0,0
60488816163,AA,0,0,0.0,0.0,0
12738728579,G,7,123,7856.83,0.0,0
22425093773,G,7,57,15229.51,0.0,0
56977011881,C,3,11,944.34,0.0,0
10756735473,C,3,4,1151.25,0.0,0
82730473750,AA,0,0,0.0,0.0,0
98427861861,H,8,50,6625.27,0.0,0
17183084612,A,1,3,0.0,0.0,0
24487259482,G,7,466,4028.84,0.0,0
47016923553,C,3,11,947.79,0.0,0
27518338167,C,3,38,202.62,0.0,0
47354189224,B,2,0,0.0,0.0,0
87870783515,AA,0,0,0.0,0.0,0
61363470416,AA,0,0,0.0,0.0,0
54512969110,AA,0,0,0.0,0.0,0
30435650571,B,2,0,0.0,0.0,0
69134265518,D,4,1,1498.88,0.0,0
70064912150,B,2,0,0.0,0.0,0
35722810997,AA,0,0,0.0,0.0,0
27784753055,G,7,172,2375.97,0.0,0
81320172785,E,5,62,900.63,0.0,0
28763489082,F,6,79,4614.39,4202.97,1
92923183236,H,8,137,5332.9,1606.85,1
41242342180,AA,0,0,0.0,0.0,0
41214252521,AA,0,0,0.0,0.0,0
19053718588,C,3,4,185.17,0.0,0
97468539049,D,4,6,120.1,0.0,0
95138731114,AA,0,0,0.0,0.0,0
76831844520,E,5,280,3820.55,0.0,0
12873571929,A,1,0,0.0,0.0,0
14268123554,B,2,0,0.0,0.0,0
46693328964,C,3,1,51.68,0.0,0
70252196075,C,3,19,8.55,0.0,0
62690087849,B,2,0,0.0,0.0,0
95526869014,A,1,0,0.0,0.0,0
55631884577,E,5,286,3805.03,3422.85,1
52021460022,A,1,0,0.0,0.0,0
24836655923,AA,0,0,0.0,0.0,0
34951949668,F,6,110,1512.33,0.0,0
68037645273,H,8,79,21225.45,0.0,0
18095854860,G,7,79,10468.2,7077.93,1
29643112434,E,5,85,3068.88,0.0,0
23911070557,C,3,12,78.09,0.0,0
43648694258,C,3,43,600.21,0.0,0
65894075710,AA,0,0,0.0,0.0,0
68132574412,A,1,0,0.0,0.0,0
70196884379,B,2,0,0.0,0.0,0
87894297449,A,1,0,0.0,0.0,0
20116369193,D,4,10,319.37,0.0,0
18357341334,C,3,45,1291.87,0.0,0
38577963619,AA,0,0,0.0,0.0,0
46441277436,AA,0,0,0.0,0.0,0
35167381938,E,5,129,2414.13,0.0,0
45424826840,AA,0,0,0.0,0.0,0
24659139341,G,7,130,4864.12,33948.32,1
10317767692,C,3,6,3326.88,0.0,0
14751599217,C,3,21,303.41,0.0,0
74481127679,B,2,0,0.0,0.0,0
71040899469,E,5,90,8490.92,1997.34,1
54454555822,AA,0,0,0.0,0.0,0
95691851229,B,2,0,0.0,0.0,0
39018947093,C,3,10,908.2,0.0,0
33046265253,A,1,0,0.0,0.0,0
39923380226,E,5,74,3806.65,0.0,0
98772570250,D,4,6,1618.12,0.0,0
59056683532,B,2,0,0.0,0.0,0
13726813025,G,7,99,887.72,0.0,0
73499817925,G,7,243,9370.5,14189.97,1
67916828196,E,5,80,6296.71,1777.45,1
90929122528,C,3,61,2782.93,0.0,0
70069441712,C,3,2,2872.11,0.0,0
87582951428,D,4,3,795.21,0.0,0
73082042062,B,2,0,0.0,0.0,0
88067028452,C,3,37,10.74,0.0,0
11183518733,A,1,0,0.0,0.0,0
49278716757,E,5,172,6015.56,0.0,0
76496776332,G,7,141,1908.49,13390.43,1
45841717898,AA,0,0,0.0,0.0,0
80021997419,D,4,17,393.91,0.0,0
10968134378,AA,0,0,0.0,0.0,0
41596056774,AA,0,3,0.0,0.0,0
56992472296,E,5,79,2561.46,0.0,0
57362590371,A,1,0,0.0,0.0,0
35594362658,C,3,17,762.87,0.0,0
94727194511,D,4,14,1044.67,0.0,0
47455967433,C,3,6,512.88,0.0,0
86761369313,AA,0,0,0.0,0.0,0
70382846049,B,2,0,0.0,0.0,0
61859260385,C,3,0,0.0,0.0,0
67252760292,H,8,229,10936.35,6136.37,1
55122957154,B,2,0,0.0,0.0,0
49457135048,B,2,0,0.0,0.0,0
30022261838,C,3,14,316.92,0.0,0
58293176376,C,3,2,534.06,0.0,0
35670847155,D,4,0,0.0,0.0,0
83739869084,AA,0,0,0.0,0.0,0
60999554447,C,3,45,519.1,0.0,0
75945155562,C,3,17,584.81,0.0,0
66611671111,H,8,72,6135.14,20852.05,1
59559970920,AA,0,0,0.0,0.0,0
68956587732,C,3,13,4895.95,0.0,0
44314381465,E,5,412,2303.47,10034.95,1
89427598546,AA,0,0,0.0,0.0,0
67540259458,E,5,50,9142.53,0.0,0
93365615774,D,4,12,1234.77,0.0,0
48142333912,AA,0,0,0.0,0.0,0
70134142695,B,2,0,0.0,0.0,0
36536590674,E,5,107,1218.43,3420.01,1
46841334346,A,1,0,0.0,0.0,0
99543090119,B,2,0,0.0,0.0,0
17739360770,AA,0,3,0.0,0.0,0
54920268538,C,3,54,319.54,0.0,0
78942046313,A,1,0,0.0,0.0,0
19684976350,E,5,58,2508.71,7130.85,1
12162165569,H,8,94,26985.04,6553.55,1
25349723929,G,7,139,2689.09,0.0,0
58139046495,E,5,334,2648.81,0.0,0
67458575637,AA,0,0,0.0,0.0,0
31494769846,D,4,12,1845.86,0.0,0
34158337824,AA,0,0,0.0,0.0,0
23556121680,AA,0,0,0.0,0.0,0
93445512290,A,1,0,0.0,0.0,0
90818895484,B,2,3,0.0,0.0,0
89998480436,C,3,10,263.92,0.0,0
82993168476,E,5,50,1536.85,4577.07,1
97457879219,C,3,29,122.34,0.0,0
15077129255,A,1,0,0.0,0.0,0
81120274997,H,8,55,4655.81,7197.16,1
33543828980,AA,0,0,0.0,0.0,0
92182289625,C,3,29,1274.49,0.0,0
33055080879,A,1,0,0.0,0.0,0
88482065349,C,3,7,276.01,0.0,0
36977152686,E,5,46,9487.71,17293.01,1
76215911195,A,1,3,0.0,0.0,0
72815788973,AA,0,0,0.0,0.0,0
42949545596,E,5,148,1013.0,3168.32,1
89155563112,B,2,0,0.0,0.0,0
81063454242,AA,0,0,0.0,0.0,0
47014513431,H,8,107,1234.59,0.0,0
13313520035,AA,0,0,0.0,0.0,0
14062145616,A,1,0,0.0,0.0,0
14123856481,E,5,356,2824.91,0.0,0
68220971881,A,1,0,0.0,0.0,0
83674514514,C,3,67,792.64,0.0,0
69121136943,A,1,0,0.0,0.0,0
66991731695,A,1,0,0.0,0.0,0
80671699491,G,7,141,1448.86,9473.46,1
53950336894,AA,0,0,0.0,0.0,0
96059830095,E,5,186,897.61,2809.96,1
32214477079,A,1,0,0.0,0.0,0
78065735716,B,2,0,0.0,0.0,0
23941914260,AA,0,0,0.0,0.0,0
95046688722,C,3,8,624.08,0.0,0
32850932467,B,2,0,0.0,0.0,0
50541430224,G,7,127,2613.4,0.0,0
78440269340,C,3,1,1559.96,0.0,0
97845351250,H,8,61,5263.72,1672.37,1
30837319519,AA,0,0,0.0,0.0,0
87647176635,G,7,83,3429.98,0.0,0
34869612829,D,4,20,1629.84,0.0,0
42855124261,E,5,222,2759.97,21963.01,1
31471746189,F,6,41,5701.11,6176.27,1
22850250968,D,4,32,484.75,0.0,0
61592931966,B,2,0,0.0,0.0,0
59699328744,AA,0,0,0.0,0.0,0
77446352330,A,1,0,0.0,0.0,0
71225427422,G,7,75,2273.89,0.0,0
40936169842,C,3,21,328.29,0.0,0
74893660353,E,5,73,10347.23,9695.14,1
28559213753,C,3,7,2214.73,0.0,0
93564399868,AA,0,0,0.0,0.0,0
71197827341,AA,0,0,0.0,0.0,0
75240444678,C,3,11,128.13,0.0,0
58958967535,A,1,0,0.0,0.0,0
66082260132,AA,0,0,0.0,0.0,0
33531929312,C,3,12,1200.79,0.0,0
59458324855,AA,0,0,0.0,0.0,0
46426694547,C,3,10,1442.4,0.0,0
12755291271,A,1,0,0.0,0.0,0
60888426744,D,4,7,190.16,0.0,0
82179631234,A,1,0,0.0,0.0,0
61057837028,C,3,23,265.4,0.0,0
27824019587,AA,0,0,0.0,0.0,0
12486782232,AA,0,0,0.0,0.0,0
82218092625,A,1,0,0.0,0.0,0
96357840619,C,3,3,1067.7,0.0,0
55553847771,B,2,0,0.0,0.0,0
91238028573,A,1,0,0.0,0.0,0
78376385360,D,4,18,776.15,0.0,0
41876391529,E,5,48,8312.3,0.0,0
64377315147,D,4,3,1245.44,0.0,0
88125158292,AA,0,0,0.0,0.0,0
29936323384,C,3,22,306.21,0.0,0
98027059864,AA,0,0,0.0,0.0,0
56051089176,B,2,0,0.0,0.0,0
10567724366,H,8,143,1545.42,0.0,0
16184482474,A,1,0,0.0,0.0,0
24535021289,B,2,0,0.0,0.0,0
52175788135,C,3,1,2010.26,0.0,0
68187810134,E,5,290,15132.38,0.0,0
86155034970,B,2,0,0.0,0.0,0
77910851330,A,1,3,0.0,0.0,0
95340023951,AA,0,0,0.0,0.0,0
22379276955,B,2,0,0.0,0.0,0
68144683788,A,1,0,0.0,0.0,0
15973266663,A,1,0,0.0,0.0,0
94635415845,AA,0,0,0.0,0.0,0
15792420616,A,1,0,0.0,0.0,0
91940670423,B,2,0,0.0,0.0,0
81350735780,AA,0,0,0.0,0.0,0
21947239049,C,3,20,494.93,0.0,0
78925345124,D,4,2,102.12,0.0,0
46282623798,C,3,18,655.47,0.0,0
85660738235,A,1,0,0.0,0.0,0
24554889985,A,1,0,0.0,0.0,0
68885167072,AA,0,0,0.0,0.0,0
96028648677,B,2,0,0.0,0.0,0
41887711360,E,5,122,5411.96,5984.43,1
71218221277,AA,0,0,0.0,0.0,0
59492947571,E,5,151,3761.08,0.0,0
77170289092,AA,0,0,0.0,0.0,0
64581437853,B,2,0,0.0,0.0,0
53420577965,C,3,27,475.41,0.0,0
59698629918,E,5,79,2910.34,0.0,0
47511385067,E,5,157,5016.65,0.0,0
85716233143,C,3,3,1111.96,0.0,0
54877174732,A,1,0,0.0,0.0,0
51590547931,D,4,7,668.11,0.0,0
96831279138,AA,0,0,0.0,0.0,0
75247232846,G,7,58,8776.13,5550.81,1
78152822551,C,3,17,929.07,0.0,0
20326147383,D,4,7,997.81,0.0,0
76617946151,C,3,50,2076.06,0.0,0
89340776660,B,2,0,0.0,0.0,0
80741651784,C,3,21,288.24,0.0,0
10258676434,E,5,63,5198.92,9400.34,1
96980435585,AA,0,0,0.0,0.0,0
98933239222,AA,0,0,0.0,0.0,0
69375459415,B,2,0,0.0,0.0,0
39475268783,AA,0,0,0.0,0.0,0
22225351031,F,6,71,18009.65,9819.81,1
70871817974,B,2,0,0.0,0.0,0
65433233752,H,8,72,1858.33,25783.71,1
16487873795,B,2,0,0.0,0.0,0
19213367886,B,2,0,0.0,0.0,0
92587866181,E,5,77,9444.94,3107.96,1
87796956217,C,3,22,115.65,0.0,0
54776926339,C,3,1,2154.69,0.0,0
19446050258,C,3,22,209.86,0.0,0
32568821271,C,3,17,118.93,0.0,0
54456164180,B,2,0,0.0,0.0,0
34929339052,H,8,85,2929.97,0.0,0
58053465771,G,7,43,5558.69,0.0,0
86354513126,C,3,5,227.13,0.0,0
59876769660,B,2,0,0.0,0.0,0
11845228484,D,4,32,155.87,0.0,0
32474649139,AA,0,0,0.0,0.0,0
36285066995,A,1,0,0.0,0.0,0
12665133345,A,1,0,0.0,0.0,0
11822419065,C,3,30,999.35,0.0,0
68143563533,E,5,49,1605.12,0.0,0
25777878458,D,4,29,148.22,0.0,0
26224739184,D,4,7,168.93,0.0,0
46975877998,B,2,0,0.0,0.0,0
46912129293,A,1,0,0.0,0.0,0
86683825033,B,2,0,0.0,0.0,0
39418613756,H,8,175,9570.75,3066.32,1
49020252782,AA,0,0,0.0,0.0,0
32026871851,F,6,301,1715.4,0.0,0
68556265981,C,3,0,0.0,0.0,0
58850529093,A,1,0,0.0,0.0,0
54094928343,C,3,43,492.47,0.0,0
63412726819,C,3,11,1745.41,0.0,0
91920641132,E,5,99,12352.61,0.0,0
23785454838,G,7,57,2482.18,32564.62,1
52914080853,B,2,0,0.0,0.0,0
12872714929,B,2,0,0.0,0.0,0
80210782874,C,3,17,416.48,0.0,0
19939988378,G,7,50,13602.73,4277.67,1
53321448022,AA,0,0,0.0,0.0,0
80493948429,C,3,36,3057.28,0.0,0
71498276438,C,3,89,226.6,0.0,0
80660035227,E,5,258,7153.58,6168.58,1
47256595566,A,1,0,0.0,0.0,0
68119167361,E,5,78,2622.0,4093.39,1
68925381020,E,5,70,4155.88,3815.16,1
63229625854,A,1,0,0.0,0.0,0
20829189443,B,2,0,0.0,0.0,0
66171133778,H,8,144,4795.73,5951.52,1
50914753593,A,1,0,0.0,0.0,0
17723249522,E,5,181,1041.17,6604.71,1
33944657425,C,3,10,70.13,0.0,0
53493549627,B,2,0,0.0,0.0,0
84868775890,G,7,192,2861.34,6417.98,1
39729833762,C,3,21,231.12,0.0,0
10075374218,C,3,17,838.5,0.0,0
36650676956,AA,0,0,0.0,0.0,0
21836064177,B,2,0,0.0,0.0,0
70227245716,A,1,3,0.0,0.0,0
75593970097,A,1,0,0.0,0.0,0
78058879064,H,8,93,5603.4,1671.55,1
29179063267,B,2,0,0.0,0.0,0
17984475070,C,3,11,700.78,0.0,0
81171097715,AA,0,3,0.0,0.0,0
32830276751,C,3,71,1706.69,0.0,0
53587880949,A,1,0,0.0,0.0,0
51379530586,H,8,85,1720.83,5513.88,1
71060886758,C,3,4,2364.07,0.0,0
26023842036,B,2,0,0.0,0.0,0
60478538137,A,1,3,0.0,0.0,0
46077130121,AA,0,0,0.0,0.0,0
34435147495,B,2,0,0.0,0.0,0
75586668261,B,2,0,0.0,0.0,0
19999781237,D,4,15,23.3,0.0,0
28976886692,A,1,0,0.0,0.0,0
60147797265,AA,0,0,0.0,0.0,0
63696057083,B,2,0,0.0,0.0,0
14074485871,E,5,74,4905.86,9304.39,1
21873546014,A,1,0,0.0,0.0,0
16752022577,AA,0,0,0.0,0.0,0
82813188172,A,1,0,0.0,0.0,0
22355538586,C,3,9,244.29,0.0,0
57934478262,B,2,0,0.0,0.0,0
92038457037,C,3,52,454.75,0.0,0
47968930180,E,5,75,10837.76,0.0,0
27660335345,E,5,78,2720.99,8341.27,1
85573838266,C,3,0,0.0,0.0,0
76720951353,E,5,110,8486.32,7008.62,1
52666618774,AA,0,0,0.0,0.0,0
20474062152,AA,0,0,0.0,0.0,0
16849293438,AA,0,0,0.0,0.0,0
61343799123,AA,0,0,0.0,0.0,0
67315464014,C,3,5,1026.47,0.0,0
47584929675,E,5,94,4748.37,20673.67,1
65025083425,AA,0,0,0.0,0.0,0
50583085521,A,1,0,0.0,0.0,0
11273322517,C,3,15,1983.33,0.0,0
72125131946,G,7,179,22125.61,22857.86,1
44677568424,B,2,0,0.0,0.0,0
41484987224,B,2,0,0.0,0.0,0
19950182514,AA,0,0,0.0,0.0,0
95375618496,A,1,0,0.0,0.0,0
29176731990,G,7,95,6584.96,0.0,0
43811259254,G,7,150,1094.65,13403.48,1
90185079342,AA,0,0,0.0,0.0,0
21014254412,G,7,59,3719.16,5546.07,1
44641422729,B,2,0,0.0,0.0,0
21735477130,G,7,43,1479.73,0.0,0
14560035478,C,3,18,1720.03,0.0,0
59698722111,C,3,24,166.68,0.0,0
56981046183,C,3,18,177.2,0.0,0
10069171637,C,3,10,133.88,0.0,0
97980043935,A,1,0,0.0,0.0,0
17822619321,A,1,0,0.0,0.0,0
22622981330,A,1,0,0.0,0.0,0
15413618548,E,5,279,1923.25,0.0,0
78037766090,B,2,0,0.0,0.0,0
75650920047,C,3,64,853.07,0.0,0
52190873676,G,7,225,1276.14,0.0,0
72768442065,A,1,0,0.0,0.0,0
50211358775,B,2,0,0.0,0.0,0
55477765419,B,2,0,0.0,0.0,0
44473663384,G,7,42,21640.96,0.0,0
67520360554,AA,0,0,0.0,0.0,0
58581337378,E,5,160,3396.99,0.0,0
11051098436,C,3,10,3218.83,0.0,0
54351988037,G,7,121,11751.91,3710.36,1
42161819579,D,4,0,0.0,0.0,0
50262644297,C,3,2,378.34,0.0,0
40121140733,B,2,0,0.0,0.0,0
15379266731,G,7,116,10486.92,6268.72,1
33385929756,C,3,40,32.55,0.0,0
35926127836,AA,0,0,0.0,0.0,0
50585079325,G,7,82,1398.5,8550.14,1
70766855268,C,3,17,439.78,0.0,0
39626078478,C,3,15,832.29,0.0,0
50627345641,AA,0,0,0.0,0.0,0
66330598442,C,3,4,757.2,0.0,0
55226284563,AA,0,0,0.0,0.0,0
33221058567,C,3,17,101.28,0.0,0
82516960265,AA,0,0,0.0,0.0,0
87142144928,C,3,0,0.0,0.0,0
67479953482,H,8,158,1714.83,12231.16,1
23249957316,AA,0,0,0.0,0.0,0
61394525895,H,8,171,3419.39,2146.24,1
51665122668,AA,0,0,0.0,0.0,0
83495048955,G,7,243,1747.95,0.0,0
90786627083,C,3,178,491.09,0.0,0
59662344513,C,3,3,931.51,931.4,1
21492614814,C,3,1,349.44,0.0,0
48096150744,F,6,94,2360.27,0.0,0
23287229964,AA,0,0,0.0,0.0,0
29280561824,A,1,0,0.0,0.0,0
68925672511,C,3,2,1610.69,0.0,0
79742687793,E,5,53,2646.39,0.0,0
57241070151,C,3,15,1042.68,0.0,0
55355162446,C,3,16,384.79,0.0,0
23535165118,A,1,0,0.0,0.0,0
73654381498,D,4,28,669.06,0.0,0
18694484465,AA,0,0,0.0,0.0,0
27350168495,B,2,0,0.0,0.0,0
21673041470,AA,0,0,0.0,0.0,0
59459553518,A,1,0,0.0,0.0,0
33393011385,A,1,0,0.0,0.0,0
33137262860,A,1,3,0.0,0.0,0
53934194445,D,4,36,783.7,0.0,0
41711760064,A,1,0,0.0,0.0,0
46147873551,C,3,17,465.49,0.0,0
58493288119,AA,0,0,0.0,0.0,0
99187284446,AA,0,0,0.0,0.0,0
26032120219,A,1,0,0.0,0.0,0
54728580244,A,1,0,0.0,0.0,0
99066060437,C,3,32,47.05,0.0,0
15458923684,B,2,0,0.0,0.0,0
78451052430,C,3,19,983.3,0.0,0
43110688963,C,3,9,559.0,0.0,0
67817528586,AA,0,0,0.0,0.0,0
44126932962,E,5,207,1443.34,0.0,0
12766987264,C,3,33,106.58,0.0,0
57992714493,B,2,0,0.0,0.0,0
98897260518,AA,0,0,0.0,0.0,0
36223482959,A,1,0,0.0,0.0,0
83471962544,AA,0,0,0.0,0.0,0
29063094068,A,1,0,0.0,0.0,0
94941980426,B,2,0,0.0,0.0,0
31336741027,B,2,0,0.0,0.0,0
50733023196,C,3,4,347.72,0.0,0
60861588836,D,4,34,2267.41,18.26,1
62228941997,D,4,9,1451.22,0.0,0
76622254745,C,3,37,2070.74,0.0,0
70285857571,G,7,436,3170.85,8579.07,1
53032599575,AA,0,0,0.0,0.0,0
39631752888,AA,0,0,0.0,0.0,0
86463550280,AA,0,0,0.0,0.0,0
94859516749,C,3,40,272.74,0.0,0
19329179152,E,5,59,3543.32,0.0,0
46028953887,AA,0,0,0.0,0.0,0
52554214755,E,5,40,3872.96,0.0,0
66421941929,A,1,0,0.0,0.0,0
73751222263,E,5,115,10905.47,6171.38,1
31743823529,AA,0,0,0.0,0.0,0
60954841374,A,1,0,0.0,0.0,0
51874774775,C,3,22,241.07,0.0,0
63970611584,B,2,0,0.0,0.0,0
41952022342,B,2,0,0.0,0.0,0
61984490122,B,2,0,0.0,0.0,0
88390379394,E,5,131,2808.51,0.0,0
94865021862,C,3,20,408.15,0.0,0
64588565245,B,2,0,0.0,0.0,0
60236012758,B,2,0,0.0,0.0,0
29642323042,E,5,69,3883.91,7490.09,1
66827942281,B,2,0,0.0,0.0,0
63468138295,A,1,0,0.0,0.0,0
51786029245,AA,0,0,0.0,0.0,0
95862046334,A,1,0,0.0,0.0,0
17750156536,E,5,53,5570.59,20405.29,1
62081579556,AA,0,0,0.0,0.0,0
94978875383,C,3,23,235.11,0.0,0
69588979843,C,3,37,1128.24,0.0,0
91545755239,AA,0,0,0.0,0.0,0
10063729816,C,3,0,0.0,0.0,0
46410469573,B,2,0,0.0,0.0,0
95912274756,G,7,42,1559.7,17010.86,1
30726893784,B,2,0,0.0,0.0,0
43229348572,C,3,21,149.2,0.0,0
82284047434,C,3,22,920.66,0.0,0
97933771591,AA,0,0,0.0,0.0,0
60864064884,B,2,0,0.0,0.0,0
33678046696,H,8,126,2321.21,6361.72,1
69864610256,C,3,58,1029.63,0.0,0
28988541261,D,4,97,1179.59,0.0,0
68465911997,E,5,229,2749.5,2590.77,1
30820851679,B,2,0,0.0,0.0,0
70516937855,AA,0,0,0.0,0.0,0
74612529466,C,3,3,656.1,0.0,0
89229481848,A,1,0,0.0,0.0,0
67977721773,D,4,7,383.14,0.0,0
82492183380,E,5,92,7128.45,5652.64,1
49627714216,AA,0,0,0.0,0.0,0
57078354716,A,1,0,0.0,0.0,0
62117780871,E,5,170,2639.47,2592.49,1
84013241787,A,1,0,0.0,0.0,0
55064122345,D,4,24,1166.09,0.0,0
96947381425,AA,0,0,0.0,0.0,0
69211826247,B,2,0,0.0,0.0,0
28528316257,AA,0,0,0.0,0.0,0
84842197072,C,3,6,127.31,0.0,0
95879815074,C,3,16,2381.66,0.0,0
93321698061,C,3,21,3889.82,0.0,0
43447342079,AA,0,0,0.0,0.0,0
76952721973,D,4,30,895.85,0.0,0
18039569968,G,7,105,7518.11,0.0,0
21444188230,AA,0,0,0.0,0.0,0
19088334856,A,1,0,0.0,0.0,0
30542398397,A,1,0,0.0,0.0,0
68836020342,B,2,0,0.0,0.0,0
73397658481,C,3,18,1873.34,0.0,0
92339443819,B,2,0,0.0,0.0,0
58926660892,A,1,0,0.0,0.0,0
25885717798,A,1,0,0.0,0.0,0
61985023245,C,3,43,1836.53,0.0,0
97536192764,C,3,13,39.31,0.0,0
73356658952,H,8,40,2752.56,0.0,0
82135488869,AA,0,0,0.0,0.0,0
39853756440,C,3,11,2485.19,0.0,0
82460268670,B,2,0,0.0,0.0,0
69117221432,A,1,0,0.0,0.0,0
20263491912,E,5,62,2036.56,0.0,0
78868124788,C,3,39,212.95,0.0,0
72112951579,G,7,127,4323.61,1966.88,1
51412837749,AA,0,0,0.0,0.0,0
56218416439,AA,0,0,0.0,0.0,0
35763553278,E,5,184,11010.65,0.0,0
87936083723,C,3,25,447.47,0.0,0
30386689475,A,1,0,0.0,0.0,0
27665664976,AA,0,0,0.0,0.0,0
41345593975,A,1,0,0.0,0.0,0
71671792138,G,7,42,17127.47,0.0,0
95634060613,AA,0,0,0.0,0.0,0
53874947653,A,1,0,0.0,0.0,0
82099816114,A,1,3,0.0,0.0,0
14349460082,B,2,0,0.0,0.0,0
27411311822,A,1,0,0.0,0.0,0
99563290675,C,3,6,2251.44,0.0,0
89725029136,AA,0,0,0.0,0.0,0
74042676238,D,4,3,2782.31,0.0,0
92710455842,A,1,0,0.0,0.0,0
19293710654,C,3,48,370.98,0.0,0
87734817226,G,7,47,2774.67,1730.89,1
83923315410,C,3,4,1408.19,0.0,0
36646250066,C,3,20,808.54,0.0,0
35177830025,AA,0,0,0.0,0.0,0
66419058814,A,1,0,0.0,0.0,0
45736355667,C,3,34,825.16,0.0,0
10212614963,H,8,59,2586.86,0.0,0
99266724722,B,2,0,0.0,0.0,0
72773366197,C,3,18,1900.05,0.0,0
43938211737,C,3,1,23.17,1999.8,1
45254173841,B,2,0,0.0,0.0,0
61849894544,AA,0,0,0.0,0.0,0
27985413959,B,2,0,0.0,0.0,0
96218933779,G,7,133,6951.74,4942.91,1
34251087969,AA,0,0,0.0,0.0,0
72289769995,C,3,75,1274.88,0.0,0
35961648718,B,2,0,0.0,0.0,0
73066258549,C,3,5,389.56,0.0,0
15270929984,AA,0,0,0.0,0.0,0
84996351558,C,3,25,276.78,0.0,0
87264323274,D,4,19,1060.79,0.0,0
80925246587,A,1,0,0.0,0.0,0
72317263997,B,2,0,0.0,0.0,0
80213533065,D,4,16,340.62,0.0,0
67863239446,G,7,113,1626.15,7479.78,1
14177593326,A,1,0,0.0,0.0,0
59866520438,A,1,0,0.0,0.0,0
25250411838,AA,0,0,0.0,0.0,0
99894315460,G,7,67,5700.75,9340.56,1
95790677081,F,6,79,3861.54,0.0,0
26242422336,C,3,2,1394.56,0.0,0
50976635222,F,6,196,1814.29,6889.08,1
98737867688,C,3,24,361.38,0.0,0
94416884280,B,2,0,0.0,0.0,0
83898076182,AA,0,0,0.0,0.0,0
47910024262,C,3,8,891.31,0.0,0
19316655314,AA,0,0,0.0,0.0,0
80779538084,E,5,59,4457.2,0.0,0
16124170061,E,5,109,6954.01,9495.15,1
63883215110,D,4,0,0.0,0.0,0
91348892965,A,1,3,0.0,0.0,0
29188871575,AA,0,0,0.0,0.0,0
60352847069,AA,0,0,0.0,0.0,0
11762678542,A,1,0,0.0,0.0,0
34336683238,AA,0,0,0.0,0.0,0
61964197462,G,7,83,8270.97,0.0,0
68587391272,B,2,0,0.0,0.0,0
22862091761,A,1,0,0.0,0.0,0
41059047625,AA,0,0,0.0,0.0,0
10261354381,C,3,2,29.29,0.0,0
70586075770,B,2,0,0.0,0.0,0
15861461722,C,3,28,106.17,0.0,0
62669718253,E,5,97,8183.37,0.0,0
30569812442,C,3,12,239.72,0.0,0
29293221691,H,8,350,6587.37,27720.92,1
66357262660,G,7,585,1950.97,8117.24,1
22641795869,A,1,0,0.0,0.0,0
89730018843,F,6,86,2914.72,21474.66,1
71590746620,A,1,0,0.0,0.0,0
30659838420,C,3,13,1146.3,0.0,0
48456451272,B,2,0,0.0,0.0,0
81583367045,F,6,129,9727.89,0.0,0
75481270698,F,6,274,11517.99,0.0,0
15937013371,D,4,6,694.32,0.0,0
11538822541,D,4,34,17.7,0.0,0
49917882437,B,2,0,0.0,0.0,0
24198988897,AA,0,0,0.0,0.0,0
47671093840,AA,0,0,0.0,0.0,0
12112465751,AA,0,0,0.0,0.0,0
64460671163,E,5,54,1734.17,6116.74,1
91468156665,B,2,0,0.0,0.0,0
25241330157,H,8,168,8639.42,11354.42,1
91820630189,B,2,0,0.0,0.0,0
46832520363,D,4,9,793.05,0.0,0
53767660371,AA,0,0,0.0,0.0,0
55391924652,G,7,93,5835.75,3536.15,1
61747055119,F,6,115,3880.68,0.0,0
73127066618,C,3,10,2462.79,0.0,0
93279054665,C,3,8,2768.53,0.0,0
82033248221,C,3,17,1092.96,0.0,0
65746097025,AA,0,0,0.0,0.0,0
17755365869,B,2,0,0.0,0.0,0
66816238593,A,1,0,0.0,0.0,0
10475498940,AA,0,0,0.0,0.0,0
68852611060,A,1,0,0.0,0.0,0
49560247265,AA,0,0,0.0,0.0,0
50299675390,A,1,0,0.0,0.0,0
67771460447,A,1,0,0.0,0.0,0
27950619374,H,8,46,2081.17,10612.69,1
10530651971,C,3,91,261.61,0.0,0
79854928020,G,7,185,2901.22,5419.01,1
71872323713,AA,0,0,0.0,0.0,0
82992156595,B,2,0,0.0,0.0,0
67352512888,B,2,0,0.0,0.0,0
61190052520,B,2,0,0.0,0.0,0
92682357424,AA,0,0,0.0,0.0,0
86074212762,B,2,0,0.0,0.0,0
85178111449,A,1,0,0.0,0.0,0
57313364736,C,3,14,281.69,0.0,0
49734123012,C,3,5,274.87,0.0,0
69880893369,AA,0,0,0.0,0.0,0
52158322411,A,1,0,0.0,0.0,0
21456293387,E,5,56,4714.12,4719.98,1
87912970729,C,3,59,726.78,0.0,0
97334217872,AA,0,0,0.0,0.0,0
94576592492,H,8,200,3090.78,3680.24,1
92763160235,AA,0,0,0.0,0.0,0
57989062595,C,3,7,2421.83,0.0,0
83370399347,G,7,88,2477.45,0.0,0
90728464112,AA,0,0,0.0,0.0,0
85932666684,A,1,0,0.0,0.0,0
43267777562,AA,0,0,0.0,0.0,0
76956353741,A,1,0,0.0,0.0,0
81844296690,AA,0,0,0.0,0.0,0
82177111574,D,4,17,489.84,0.0,0
24116580964,AA,0,0,0.0,0.0,0
65574718767,C,3,7,237.41,0.0,0
13840552640,H,8,352,3209.3,0.0,0
16318475911,D,4,31,3136.5,0.0,0
39886765167,C,3,37,378.91,0.0,0
95121218522,A,1,3,0.0,0.0,0
61122256732,C,3,9,1322.29,0.0,0
50984634482,B,2,0,0.0,0.0,0
52278134441,A,1,0,0.0,0.0,0
90717547985,AA,0,0,0.0,0.0,0
19040163723,E,5,67,6332.28,25487.33,1
30549470963,B,2,3,0.0,0.0,0
10777811413,A,1,0,0.0,0.0,0
29277460015,B,2,0,0.0,0.0,0
21416585092,AA,0,0,0.0,0.0,0
19428082232,D,4,0,0.0,0.0,0
11862422317,E,5,158,3897.1,0.0,0
47692919165,C,3,10,829.11,0.0,0
21639346182,AA,0,0,0.0,0.0,0
88267328855,AA,0,0,0.0,0.0,0
51763661284,C,3,0,0.0,0.0,0
37057365847,AA,0,0,0.0,0.0,0
26091696636,A,1,0,0.0,0.0,0
53594382321,E,5,53,21139.43,0.0,0
47786154446,AA,0,0,0.0,0.0,0
10531456243,B,2,0,0.0,0.0,0
49161728735,A,1,0,0.0,0.0,0
27688522623,AA,0,0,0.0,0.0,0
52584846874,B,2,0,0.0,0.0,0
69892966925,H,8,287,1134.36,2575.77,1
52235276325,D,4,8,1606.88,0.0,0
49621351322,H,8,63,2209.69,12150.33,1
82443825447,B,2,3,0.0,0.0,0
59113727832,AA,0,0,0.0,0.0,0
75514582753,B,2,0,0.0,0.0,0
21381953225,C,3,4,1033.6,0.0,0
36650933224,F,6,42,2639.68,0.0,0
28543797127,A,1,0,0.0,0.0,0
86183829675,C,3,33,1724.79,0.0,0
38525876492,A,1,0,0.0,0.0,0
30959523027,B,2,0,0.0,0.0,0
45553595741,D,4,5,1022.21,0.0,0
66026417037,C,3,15,356.76,0.0,0
13126851995,B,2,0,0.0,0.0,0
88410995826,B,2,0,0.0,0.0,0
45166784520,B,2,3,0.0,0.0,0
40095622626,C,3,28,368.86,0.0,0
29157473364,F,6,66,8550.88,0.0,0
30636020686,G,7,235,4464.13,2627.49,1
86293714193,C,3,3,1240.97,0.0,0
93444723075,B,2,0,0.0,0.0,0
60438456116,C,3,17,344.63,0.0,0
71974327730,AA,0,0,0.0,0.0,0
31649279985,B,2,0,0.0,0.0,0
11141161672,G,7,71,4253.17,0.0,0
57689471458,AA,0,0,0.0,0.0,0
37573938492,E,5,144,4514.16,0.0,0
39119674739,C,3,3,2120.69,0.0,0
28835196510,C,3,29,161.82,0.0,0
56678588564,B,2,0,0.0,0.0,0
20969220540,E,5,209,2513.62,10415.99,1
16337547538,C,3,3,715.31,0.0,0
33028268439,C,3,2,417.18,0.0,0
64475728060,AA,0,0,0.0,0.0,0
36593263927,B,2,0,0.0,0.0,0
97459267218,AA,0,0,0.0,0.0,0
31979969835,D,4,20,640.38,0.0,0
14264488725,C,3,15,1144.39,0.0,0
95077172920,D,4,12,89.81,0.0,0
20771541735,AA,0,0,0.0,0.0,0
21810084121,AA,0,0,0.0,0.0,0
41217291781,C,3,12,25.41,147.87,1
60670631128,A,1,0,0.0,0.0,0
70721838631,AA,0,0,0.0,0.0,0
22017518275,AA,0,0,0.0,0.0,0
35976925067,H,8,185,10861.27,9151.71,1
88893661885,E,5,147,2833.99,8604.87,1
20430265787,AA,0,0,0.0,0.0,0
90629442297,AA,0,0,0.0,0.0,0
78013183345,A,1,0,0.0,0.0,0
99855396379,E,5,74,6800.65,3377.19,1
79571867977,B,2,0,0.0,0.0,0
24086233476,A,1,0,0.0,0.0,0
45459191489,AA,0,0,0.0,0.0,0
12313976366,AA,0,0,0.0,0.0,0
46576332978,B,2,0,0.0,0.0,0
41859924671,C,3,12,757.8,0.0,0
55438570074,AA,0,0,0.0,0.0,0
99729993515,AA,0,0,0.0,0.0,0
71980385219,AA,0,0,0.0,0.0,0
85776332712,G,7,258,3685.53,0.0,0
65884057497,B,2,0,0.0,0.0,0
81991445165,C,3,7,1744.71,0.0,0
15281955689,C,3,4,338.79,0.0,0
40588335920,AA,0,0,0.0,0.0,0
12333825859,B,2,0,0.0,0.0,0
44347518797,A,1,0,0.0,0.0,0
45525917895,C,3,2,18.46,0.0,0
41458184221,C,3,6,660.97,0.0,0
88484471711,B,2,0,0.0,0.0,0
52291755360,B,2,0,0.0,0.0,0
85225234666,A,1,0,0.0,0.0,0
91238129538,H,8,46,17956.86,6007.89,1
17828283789,E,5,49,8596.5,0.0,0
65197061667,B,2,0,0.0,0.0,0
59996513683,H,8,91,9396.42,2863.54,1
22064286123,B,2,0,0.0,0.0,0
38966443830,C,3,5,952.4,0.0,0
90450770773,E,5,77,4402.31,4051.73,1
96132896926,C,3,23,482.57,0.0,0
91332725859,C,3,21,1004.62,0.0,0
27739862887,AA,0,0,0.0,0.0,0
80983375859,B,2,0,0.0,0.0,0
28965113625,G,7,87,6502.86,0.0,0
17656263768,B,2,0,0.0,0.0,0
57680490169,A,1,0,0.0,0.0,0
22353496573,A,1,0,0.0,0.0,0
58148074674,B,2,0,0.0,0.0,0
93229124570,C,3,72,4107.75,0.0,0
22786430925,G,7,134,1593.63,0.0,0
93254443073,AA,0,0,0.0,0.0,0
38584473796,A,1,0,0.0,0.0,0
74968673079,AA,0,0,0.0,0.0,0
89612149715,G,7,166,6409.21,4171.2,1
39916278970,B,2,0,0.0,0.0,0
11954971998,AA,0,0,0.0,0.0,0
75452174424,E,5,89,4783.26,0.0,0
11059453442,F,6,111,6045.77,7067.27,1
71248026350,G,7,102,16753.9,2908.23,1
45760243044,G,7,62,11853.62,3292.45,1
92441930084,A,1,0,0.0,0.0,0
58884813227,C,3,5,2344.73,0.0,0
49441791470,C,3,0,0.0,0.0,0
43553912374,G,7,171,4542.27,6101.86,1
94236117535,C,3,21,136.01,0.0,0
95034428171,C,3,40,173.87,0.0,0
43936776348,B,2,0,0.0,0.0,0
94176135187,AA,0,0,0.0,0.0,0
61512823356,C,3,9,421.52,0.0,0
66684571464,H,8,125,1902.47,0.0,0
34550878417,G,7,221,2353.82,0.0,0
60487848479,AA,0,0,0.0,0.0,0
45776783518,AA,0,0,0.0,0.0,0
19714876148,A,1,0,0.0,0.0,0
16034247176,C,3,28,637.69,0.0,0
52627243550,E,5,109,4125.9,10248.35,1
70524639935,AA,0,0,0.0,0.0,0
75574564878,C,3,17,51.42,0.0,0
30525156182,F,6,196,15817.5,0.0,0
26747530219,C,3,45,1547.28,0.0,0
77027853798,B,2,0,0.0,0.0,0
92075999240,B,2,0,0.0,0.0,0
60475545679,C,3,15,309.54,0.0,0
39822236657,B,2,0,0.0,0.0,0
73052367667,C,3,41,773.66,0.0,0
25426886093,E,5,100,7456.02,7967.94,1
51896832211,F,6,95,966.25,0.0,0
56582418822,B,2,0,0.0,0.0,0
13569233785,C,3,1,113.72,0.0,0
52531311416,AA,0,0,0.0,0.0,0
74275999252,B,2,0,0.0,0.0,0
63765663954,AA,0,0,0.0,0.0,0
79990762080,B,2,0,0.0,0.0,0
39587735257,C,3,0,0.0,0.0,0
78429585167,H,8,235,15220.89,9693.26,1
59724621957,A,1,0,0.0,0.0,0
60512752796,AA,0,0,0.0,0.0,0
12118558149,C,3,14,19.43,0.0,0
39971359540,AA,0,0,0.0,0.0,0
19036058938,C,3,31,623.95,0.0,0
29622694975,D,4,12,888.1,0.0,0
36954266438,C,3,25,656.25,0.0,0
32851540447,B,2,0,0.0,0.0,0
19261176810,AA,0,0,0.0,0.0,0
99890920892,C,3,34,1813.48,63.99,1
30537825391,C,3,10,196.93,0.0,0
56295632747,A,1,0,0.0,0.0,0
88982187972,D,4,1,160.87,0.0,0
72343959767,AA,0,0,0.0,0.0,0
97721268514,E,5,143,12775.66,7415.33,1
59021619890,B,2,0,0.0,0.0,0
91839699313,H,8,127,9963.66,14031.27,1
24913025650,B,2,0,0.0,0.0,0
80062715498,B,2,0,0.0,0.0,0
24411767138,AA,0,0,0.0,0.0,0
84431870696,AA,0,3,0.0,0.0,0
71744435031,G,7,171,2010.22,0.0,0
66543614461,G,7,44,7711.53,5577.19,1
99154123010,B,2,0,0.0,0.0,0
28233397854,B,2,0,0.0,0.0,0
41288438427,C,3,14,171.45,0.0,0
33372749297,F,6,72,2161.21,0.0,0
19617584624,C,3,42,971.0,0.0,0
47156110840,B,2,0,0.0,0.0,0
70948565910,B,2,0,0.0,0.0,0
73267486343,E,5,51,2241.23,8891.17,1
80483687818,A,1,0,0.0,0.0,0
36265773397,B,2,0,0.0,0.0,0
78887592845,B,2,0,0.0,0.0,0
99747459954,C,3,17,34.96,0.0,0
72748934146,A,1,0,0.0,0.0,0
55911840792,C,3,18,937.33,0.0,0
89814635260,C,3,23,1281.62,0.0,0
92258237619,B,2,0,0.0,0.0,0
23191541221,A,1,0,0.0,0.0,0
73423767817,C,3,9,1703.89,0.0,0
42485771131,C,3,2,2707.27,0.0,0
13474388994,C,3,12,420.21,0.0,0
67322366169,B,2,0,0.0,0.0,0
63879113981,B,2,0,0.0,0.0,0
55446132539,C,3,14,1357.89,0.0,0
40731639324,B,2,0,0.0,0.0,0
59392639582,E,5,57,1546.42,21855.92,1
23258458895,B,2,0,0.0,0.0,0
52245947965,A,1,0,0.0,0.0,0
43448013426,AA,0,0,0.0,0.0,0
24637394111,AA,0,0,0.0,0.0,0
16578859489,D,4,34,830.96,0.0,0
38752159935,C,3,41,962.79,0.0,0
19596533862,D,4,7,397.69,0.0,0
53381158378,C,3,18,284.33,0.0,0
77117176156,C,3,49,1276.37,0.0,0
35668639364,A,1,0,0.0,0.0,0
74569535529,AA,0,0,0.0,0.0,0
92937394980,AA,0,0,0.0,0.0,0
31712359563,AA,0,0,0.0,0.0,0
34649595791,A,1,0,0.0,0.0,0
93564531470,C,3,4,469.79,0.0,0
93094090685,D,4,56,278.54,0.0,0
90449537128,H,8,196,3855.2,0.0,0
94374080428,G,7,62,3994.44,0.0,0
91973732853,B,2,3,0.0,0.0,0
99730435928,B,2,0,0.0,0.0,0
58727226026,B,2,0,0.0,0.0,0
79635987546,C,3,8,188.33,0.0,0
72396348598,A,1,0,0.0,0.0,0
39649682233,B,2,0,0.0,0.0,0
81219854574,E,5,158,20709.75,4044.72,1
51424560924,B,2,0,0.0,0.0,0
12367675496,C,3,1,1053.49,0.0,0
46991863161,C,3,11,1163.61,0.0,0
30486492146,A,1,0,0.0,0.0,0
22016111051,AA,0,0,0.0,0.0,0
34874532998,AA,0,3,0.0,0.0,0
60227254048,A,1,0,0.0,0.0,0
45971746246,AA,0,0,0.0,0.0,0
65192532416,D,4,11,404.34,0.0,0
56546326744,AA,0,0,0.0,0.0,0
81382647323,C,3,19,346.71,0.0,0
82232123678,B,2,0,0.0,0.0,0
90665628859,E,5,163,1886.56,0.0,0
72083597049,B,2,0,0.0,0.0,0
25590359619,A,1,0,0.0,0.0,0
92829577633,F,6,259,1371.23,10297.0,1
59031861230,F,6,51,6372.61,3434.77,1
78352320788,B,2,0,0.0,0.0,0
94544940710,D,4,26,1492.88,0.0,0
53667851620,B,2,0,0.0,0.0,0
44252444477,C,3,46,22.74,0.0,0
33140428755,AA,0,0,0.0,0.0,0
56711582343,A,1,0,0.0,0.0,0
63599310777,D,4,6,2154.33,0.0,0
40859466474,C,3,5,214.22,0.0,0
76657888095,AA,0,0,0.0,0.0,0
23451051976,C,3,17,1635.1,0.0,0
97541169323,E,5,52,8380.38,0.0,0
48490611876,AA,0,0,0.0,0.0,0
95378679074,B,2,0,0.0,0.0,0
91436242867,AA,0,0,0.0,0.0,0
46385345165,E,5,73,4389.21,10659.18,1
17993627547,B,2,0,0.0,0.0,0
52395070838,H,8,57,3070.46,0.0,0
56873177616,AA,0,3,0.0,0.0,0
33317956048,AA,0,0,0.0,0.0,0
61086345627,AA,0,0,0.0,0.0,0
28389069865,A,1,0,0.0,0.0,0
32751671785,A,1,0,0.0,0.0,0
31147873119,E,5,146,12113.46,8391.92,1
81393426588,AA,0,0,0.0,0.0,0
52786687677,A,1,0,0.0,0.0,0
71398135039,C,3,10,3755.76,0.0,0
41764475173,C,3,24,1445.46,0.0,0
68726220171,E,5,40,6332.11,0.0,0
47275638992,AA,0,0,0.0,0.0,0
54418357371,C,3,7,2119.56,0.0,0
71384519419,AA,0,0,0.0,0.0,0
53321842761,AA,0,0,0.0,0.0,0
41277233895,E,5,44,2534.81,0.0,0
83887627247,AA,0,0,0.0,0.0,0
24657945353,C,3,10,420.06,0.0,0
41784682544,B,2,0,0.0,0.0,0
14890866688,A,1,0,0.0,0.0,0
49845519523,G,7,61,2568.81,2722.65,1
57754278587,A,1,0,0.0,0.0,0
63979871047,C,3,15,136.62,0.0,0
65179058178,H,8,262,8455.85,17024.47,1
23697937543,B,2,0,0.0,0.0,0
84216822042,F,6,96,4541.24,0.0,0
25528077550,AA,0,0,0.0,0.0,0
76933812659,AA,0,0,0.0,0.0,0
86375073359,A,1,0,0.0,0.0,0
71913112254,E,5,267,4681.95,10194.89,1
62950512758,G,7,52,2933.29,0.0,0
90937037541,AA,0,0,0.0,0.0,0
57066755562,C,3,12,227.85,0.0,0
52694919996,AA,0,0,0.0,0.0,0
37719756310,B,2,0,0.0,0.0,0
20766814161,B,2,0,0.0,0.0,0
68857859535,H,8,78,6977.29,0.0,0
31558028897,C,3,34,1146.63,0.0,0
21342265758,A,1,0,0.0,0.0,0
99425114566,A,1,0,0.0,0.0,0
17159199715,AA,0,0,0.0,0.0,0
68716077577,B,2,0,0.0,0.0,0
12999114725,AA,0,0,0.0,0.0,0
41973187544,E,5,42,7683.84,4810.77,1
12313072043,B,2,0,0.0,0.0,0
48849790490,B,2,0,0.0,0.0,0
50393275596,AA,0,0,0.0,0.0,0
23872416753,F,6,87,6475.43,12280.1,1
82645054440,C,3,6,31.18,0.0,0
93683032086,A,1,0,0.0,0.0,0
59258267218,C,3,26,1165.37,0.0,0
91775760824,C,3,42,1249.36,0.0,0
37996285656,AA,0,0,0.0,0.0,0
81081273489,C,3,6,531.45,0.0,0
90157937829,C,3,20,1684.62,0.0,0
65621839155,A,1,0,0.0,0.0,0
36952682386,G,7,167,11505.81,0.0,0
54443674468,G,7,84,3180.82,7026.08,1
89946430344,C,3,18,393.3,0.0,0
35930856891,B,2,0,0.0,0.0,0
40220217287,AA,0,0,0.0,0.0,0
28160184569,C,3,0,0.0,1361.21,1
97366218722,C,3,17,119.85,0.0,0
26237133477,A,1,0,0.0,0.0,0
35858116188,C,3,16,733.48,0.0,0
13022841710,E,5,81,3181.0,18583.03,1
26095760051,C,3,27,131.13,0.0,0
29224352061,A,1,0,0.0,0.0,0
34113417156,E,5,142,4770.71,8952.03,1
45447022953,A,1,0,0.0,0.0,0
53618168519,A,1,3,0.0,0.0,0
43145828533,A,1,0,0.0,0.0,0
37765261695,AA,0,0,0.0,0.0,0
74384482168,E,5,245,7095.52,4429.18,1
12167193720,B,2,0,0.0,0.0,0
27378023433,AA,0,0,0.0,0.0,0
23536749320,E,5,134,5282.8,5807.6,1
32914363431,G,7,48,4919.79,8965.29,1
78412113850,G,7,51,13692.41,6393.72,1
15593422344,AA,0,0,0.0,0.0,0
37175749631,B,2,0,0.0,0.0,0
10868197818,H,8,125,3671.56,0.0,0
11734333673,C,3,3,1047.68,0.0,0
83639315067,A,1,3,0.0,0.0,0
88996479538,AA,0,0,0.0,0.0,0
79473217913,C,3,5,964.03,0.0,0
26313132323,F,6,43,10746.4,1807.71,1
82388580991,B,2,0,0.0,0.0,0
32374838157,B,2,0,0.0,0.0,0
37493722937,AA,0,0,0.0,0.0,0
21131130577,C,3,7,35.77,0.0,0
32890989727,D,4,36,914.37,0.0,0
22423636262,B,2,0,0.0,0.0,0
60730672414,D,4,8,715.26,0.0,0
65420155295,H,8,95,4087.13,7894.34,1
69875242556,B,2,0,0.0,0.0,0
59240097311,B,2,0,0.0,0.0,0
49276150383,A,1,0,0.0,0.0,0
95286428720,E,5,314,11346.03,8541.73,1
72845937691,C,3,7,213.62,0.0,0
80566458331,B,2,0,0.0,0.0,0
43589180535,C,3,38,1566.28,0.0,0
29890424536,AA,0,0,0.0,0.0,0
83317384489,F,6,52,6993.48,0.0,0
37441359645,C,3,13,1114.7,0.0,0
77292817913,AA,0,0,0.0,0.0,0
22374838032,E,5,96,13091.48,0.0,0
67915642435,D,4,38,135.24,0.0,0
19010363234,B,2,0,0.0,0.0,0
55851473590,E,5,178,21277.5,8698.0,1
36284470222,F,6,205,5775.01,0.0,0
41070680718,AA,0,0,0.0,0.0,0
92520838597,H,8,125,942.89,33729.86,1
46720555170,AA,0,0,0.0,0.0,0
16647234663,B,2,3,0.0,0.0,0
52237636791,A,1,0,0.0,0.0,0
55289075670,E,5,224,3030.23,3682.98,1
71272786340,C,3,6,105.2,0.0,0
87934678731,AA,0,0,0.0,0.0,0
45833661693,C,3,25,266.37,0.0,0
43516230315,C,3,5,109.75,0.0,0
35357016367,AA,0,0,0.0,0.0,0
35350873694,G,7,255,6667.05,3617.37,1
15248319729,D,4,18,3928.13,0.0,0
74254735852,C,3,11,398.76,0.0,0
33591248743,H,8,208,13654.63,2762.82,1
93731252751,B,2,0,0.0,0.0,0
28566355158,G,7,245,4565.98,2935.24,1
23966218416,C,3,10,1.86,0.0,0
21428954249,C,3,8,238.28,0.0,0
53320963615,A,1,0,0.0,0.0,0
83045465510,G,7,60,2003.18,3676.64,1
69252741327,B,2,0,0.0,0.0,0
40054178044,AA,0,0,0.0,0.0,0
77565381311,AA,0,0,0.0,0.0,0
88526237764,B,2,0,0.0,0.0,0
93676313120,C,3,43,183.75,0.0,0
87757047083,D,4,18,186.52,0.0,0
27061891586,E,5,85,2475.72,6441.69,1
81423557016,AA,0,0,0.0,0.0,0
87749557884,E,5,115,11591.51,0.0,0
25310478616,B,2,0,0.0,0.0,0
39161852251,E,5,142,1950.42,12852.09,1
35345585363,E,5,44,1044.43,3803.76,1
36116410176,C,3,2,957.84,0.0,0
20283736998,C,3,13,414.96,0.0,0
69122730633,A,1,0,0.0,0.0,0
65281134963,C,3,11,950.82,0.0,0
74173620527,E,5,101,14364.94,2245.9,1
62924677698,C,3,13,93.48,0.0,0
95831481430,A,1,0,0.0,0.0,0
27096241344,C,3,4,378.81,0.0,0
45440733840,E,5,146,3117.18,3152.8,1
94433331019,AA,0,0,0.0,0.0,0
65958593673,AA,0,0,0.0,0.0,0
46691635949,E,5,266,7205.97,0.0,0
17584854350,C,3,8,14.18,0.0,0
57391427073,AA,0,0,0.0,0.0,0
12860125738,A,1,0,0.0,0.0,0
86357430689,A,1,0,0.0,0.0,0
90154623597,A,1,0,0.0,0.0,0
48824617490,C,3,5,911.04,0.0,0
25537926585,D,4,42,417.91,0.0,0
89865999885,C,3,13,80.35,0.0,0
57384387056,C,3,3,1174.7,0.0,0
47226589654,B,2,0,0.0,0.0,0
53232060689,G,7,74,19045.02,0.0,0
94245763739,C,3,3,52.12,0.0,0
84571495482,H,8,165,4994.71,0.0,0
38324948337,C,3,9,265.72,3467.74,1
55980384728,AA,0,0,0.0,0.0,0
78618371356,C,3,2,209.49,0.0,0
95114761332,AA,0,0,0.0,0.0,0
56544048881,D,4,42,1590.78,0.0,0
65481898923,A,1,0,0.0,0.0,0
63968510529,A,1,0,0.0,0.0,0
67997764259,E,5,50,3092.13,21184.78,1
56714295698,B,2,0,0.0,0.0,0
65982384437,E,5,119,1432.17,0.0,0
57873281282,B,2,0,0.0,0.0,0
13849226095,C,3,1,46.54,0.0,0
27086881790,E,5,93,2100.52,1560.98,1
69985255619,C,3,6,644.93,0.0,0
24536434822,A,1,0,0.0,0.0,0
91019748752,A,1,0,0.0,0.0,0
83425857434,AA,0,0,0.0,0.0,0
31517595226,AA,0,0,0.0,0.0,0
76762598382,C,3,44,86.38,0.0,0
16716898022,E,5,249,1473.81,5100.91,1
18436975718,E,5,93,9954.23,3125.43,1
95784539936,E,5,111,8458.05,0.0,0
26866744953,D,4,9,126.66,0.0,0
10951568135,C,3,33,557.05,0.0,0
82765291323,AA,0,0,0.0,0.0,0
40025371116,F,6,354,1208.53,2379.93,1
77632729338,C,3,11,383.96,0.0,0
97347533164,C,3,27,237.62,0.0,0
36447556827,AA,0,0,0.0,0.0,0
25717649434,B,2,0,0.0,0.0,0
76531182819,B,2,0,0.0,0.0,0
72868877163,F,6,114,1313.04,7508.46,1
38057176844,B,2,0,0.0,0.0,0
66321559694,A,1,0,0.0,0.0,0
27536281094,H,8,142,1202.21,0.0,0
66443685077,A,1,0,0.0,0.0,0
27272490081,B,2,0,0.0,0.0,0
79637375557,AA,0,0,0.0,0.0,0
90818093038,E,5,50,5561.42,0.0,0
33237263783,F,6,53,9899.88,0.0,0
69077052358,B,2,0,0.0,0.0,0
78829127249,G,7,511,3646.99,3797.69,1
22435779288,A,1,0,0.0,0.0,0
15425176715,E,5,50,7058.9,0.0,0
52356385875,D,4,52,1867.47,0.0,0
36535210220,D,4,33,666.48,0.0,0
72276493318,A,1,0,0.0,0.0,0
80031034068,H,8,48,22173.71,8684.0,1
70574050610,E,5,117,2299.52,1974.22,1
62281964016,AA,0,0,0.0,0.0,0
26510383919,E,5,204,1014.49,0.0,0
66535134797,AA,0,0,0.0,0.0,0
59836533563,G,7,91,2193.73,10566.49,1
72765287465,A,1,0,0.0,0.0,0
58063187395,C,3,19,3482.68,0.0,0
86511588332,C,3,6,1634.36,0.0,0
61444189528,A,1,0,0.0,0.0,0
71366980049,AA,0,0,0.0,0.0,0
69648664417,AA,0,0,0.0,0.0,0
52252531937,C,3,20,125.88,0.0,0
88732279190,A,1,0,0.0,0.0,0
17726332430,B,2,0,0.0,0.0,0
13646188582,B,2,0,0.0,0.0,0
62929617565,A,1,0,0.0,0.0,0
61388837145,C,3,69,1225.24,0.0,0
19818338929,AA,0,0,0.0,0.0,0
68733647032,F,6,62,2169.83,4515.54,1
38874615054,F,6,104,4522.74,0.0,0
55114772588,C,3,6,127.41,0.0,0
43086642473,B,2,0,0.0,0.0,0
85988184659,F,6,256,6380.5,3244.16,1
45914383530,AA,0,0,0.0,0.0,0
31680315591,A,1,0,0.0,0.0,0
11045657866,A,1,0,0.0,0.0,0
83420482590,E,5,285,5152.08,9469.75,1
72095464937,AA,0,0,0.0,0.0,0
10674114375,C,3,21,1019.17,0.0,0
76134799646,H,8,141,1440.39,4531.37,1
41275067223,E,5,262,4143.8,0.0,0
68369217616,B,2,3,0.0,0.0,0
69052472124,AA,0,0,0.0,0.0,0
84683930571,C,3,1,2056.04,0.0,0
28521714645,C,3,24,8.36,0.0,0
22617761582,AA,0,0,0.0,0.0,0
45266985869,AA,0,0,0.0,0.0,0
81169032938,E,5,54,5889.71,7481.98,1
42058547136,B,2,0,0.0,0.0,0
17755561897,D,4,2,197.94,0.0,0
94729284585,E,5,86,6517.94,7835.79,1
90868590944,C,3,27,105.02,0.0,0
51791650546,C,3,40,732.94,0.0,0
41511147845,AA,0,0,0.0,0.0,0
90996399490,B,2,0,0.0,0.0,0
99788798547,B,2,0,0.0,0.0,0
74429937169,E,5,41,3479.13,12279.14,1
70761481242,C,3,5,441.06,0.0,0
42570737313,G,7,53,2027.85,3384.42,1
27133744744,C,3,17,1047.71,0.0,0
47070998743,C,3,23,973.09,0.0,0
21226458025,C,3,50,341.71,0.0,0
84128720790,B,2,0,0.0,0.0,0
89072613367,D,4,15,133.6,0.0,0
70040317177,AA,0,3,0.0,0.0,0
74569982312,C,3,116,402.26,0.0,0
97292512266,A,1,0,0.0,0.0,0
18274087032,B,2,0,0.0,0.0,0
10046610437,B,2,0,0.0,0.0,0
16869491122,C,3,14,1497.02,0.0,0
29969289285,H,8,77,2678.31,0.0,0
60633738410,B,2,0,0.0,0.0,0
90167032474,E,5,69,1442.11,0.0,0
30130912162,B,2,0,0.0,0.0,0
60064242196,B,2,0,0.0,0.0,0
35878552797,A,1,0,0.0,0.0,0
31626862419,B,2,0,0.0,0.0,0
67348955259,A,1,0,0.0,0.0,0
52244090949,C,3,9,960.69,0.0,0
48832467870,AA,0,0,0.0,0.0,0
62661293083,A,1,0,0.0,0.0,0
37145012746,B,2,0,0.0,0.0,0
95866573020,H,8,303,7218.29,0.0,0
82439252143,AA,0,0,0.0,0.0,0
76174365514,C,3,1,1511.67,0.0,0
57035430765,AA,0,0,0.0,0.0,0
50211440634,C,3,16,4104.86,0.0,0
30346117162,A,1,0,0.0,0.0,0
16627158647,AA,0,0,0.0,0.0,0
80068014569,C,3,9,240.68,0.0,0
13186350236,A,1,0,0.0,0.0,0
56838942162,AA,0,0,0.0,0.0,0
74877092383,A,1,0,0.0,0.0,0
50899682514,A,1,0,0.0,0.0,0
66226094895,A,1,0,0.0,0.0,0
80033569436,AA,0,3,0.0,0.0,0
23833363919,D,4,6,225.36,0.0,0
90237323215,C,3,16,1983.48,0.0,0
95376943774,B,2,0,0.0,0.0,0
80728946157,AA,0,0,0.0,0.0,0
72325169252,G,7,134,2005.01,2837.96,1
98695229927,B,2,3,0.0,0.0,0
26070562061,A,1,0,0.0,0.0,0
11055161336,C,3,14,901.89,0.0,0
50145677363,AA,0,0,0.0,0.0,0
11034654940,A,1,0,0.0,0.0,0
15544433328,B,2,0,0.0,0.0,0
38751968223,G,7,159,1239.42,9206.29,1
47878435661,C,3,1,661.01,0.0,0
90026196211,E,5,235,15109.41,1914.24,1
28994311824,H,8,49,4605.58,0.0,0
56388374536,A,1,0,0.0,0.0,0
82075259586,AA,0,0,0.0,0.0,0
42712478046,B,2,0,0.0,0.0,0
36965439993,AA,0,0,0.0,0.0,0
56739713240,A,1,0,0.0,0.0,0
75574647525,F,6,230,5689.93,2691.23,1
14561561428,D,4,12,568.14,0.0,0
44638460290,B,2,0,0.0,0.0,0
67637683664,AA,0,0,0.0,0.0,0
70062271045,C,3,36,1386.5,643.84,1
13866189529,G,7,40,7310.18,19182.18,1
77859050855,E,5,457,2889.71,0.0,0
81189931153,AA,0,0,0.0,0.0,0
69534810886,C,3,2,114.57,0.0,0
13756922346,A,1,0,0.0,0.0,0
39725017487,A,1,0,0.0,0.0,0
75513857563,AA,0,0,0.0,0.0,0
99272520336,C,3,13,2042.78,0.0,0
78555791329,E,5,119,11815.15,0.0,0
44695352841,AA,0,0,0.0,0.0,0
38773027656,B,2,0,0.0,0.0,0
13910420318,B,2,0,0.0,0.0,0
55475784310,AA,0,0,0.0,0.0,0
34047723387,AA,0,0,0.0,0.0,0
82760582090,AA,0,0,0.0,0.0,0
33563246744,D,4,10,1789.67,0.0,0
28598991686,AA,0,0,0.0,0.0,0
24167948197,A,1,0,0.0,0.0,0
23350396332,B,2,0,0.0,0.0,0
33211344190,F,6,56,4561.18,4459.56,1
45991847211,C,3,4,816.98,0.0,0
27636283859,B,2,0,0.0,0.0,0
24163131922,B,2,0,0.0,0.0,0
41234827680,C,3,18,132.2,0.0,0
23296452968,AA,0,0,0.0,0.0,0
62015270224,C,3,3,600.23,0.0,0
83794987143,F,6,184,4207.52,0.0,0
41784831291,B,2,0,0.0,0.0,0
91926371067,F,6,58,1611.86,0.0,0
17032552075,C,3,19,2476.89,0.0,0
52494751163,AA,0,0,0.0,0.0,0
35125764217,G,7,169,3675.04,0.0,0
19894932767,AA,0,0,0.0,0.0,0
18487170789,C,3,0,0.0,0.0,0
37388938285,AA,0,0,0.0,0.0,0
13155490770,AA,0,3,0.0,0.0,0
33194126319,AA,0,0,0.0,0.0,0
55498223085,B,2,0,0.0,0.0,0
32367447019,B,2,0,0.0,0.0,0
76011911430,B,2,0,0.0,0.0,0
96250274751,AA,0,0,0.0,0.0,0
88972172785,AA,0,0,0.0,0.0,0
37246111172,C,3,6,2451.87,0.0,0
93935365991,AA,0,0,0.0,0.0,0
85512654772,D,4,32,116.48,0.0,0
52629725538,C,3,0,0.0,0.0,0
50171840196,E,5,134,4271.37,3304.48,1
92483910961,E,5,258,1698.96,18972.06,1
63837339662,A,1,0,0.0,0.0,0
11276266249,C,3,1,534.84,0.0,0
84644265159,A,1,0,0.0,0.0,0
73146864083,AA,0,0,0.0,0.0,0
72983324967,C,3,2,471.61,0.0,0
32239712277,B,2,0,0.0,0.0,0
58786981749,D,4,23,433.82,0.0,0
47450940191,C,3,9,454.6,0.0,0
81197332784,G,7,47,5676.05,0.0,0
97760279989,G,7,285,6322.56,0.0,0
58949833156,AA,0,0,0.0,0.0,0
22743841581,AA,0,0,0.0,0.0,0
99488434827,C,3,9,2655.67,0.0,0
16539246733,AA,0,0,0.0,0.0,0
69275466233,B,2,0,0.0,0.0,0
89095882556,D,4,0,0.0,0.0,0
28930485272,E,5,175,2451.91,8013.21,1
87919899519,A,1,0,0.0,0.0,0
30153814497,AA,0,0,0.0,0.0,0
44745813618,B,2,0,0.0,0.0,0
71145497465,A,1,0,0.0,0.0,0
78860554967,F,6,52,1989.53,7093.91,1
86366497232,A,1,0,0.0,0.0,0
22634295238,AA,0,0,0.0,0.0,0
32720684036,A,1,0,0.0,0.0,0
80924779357,C,3,36,477.21,0.0,0
71879558831,C,3,24,1130.33,0.0,0
76226187125,B,2,3,0.0,0.0,0
42363984431,A,1,0,0.0,0.0,0
10731784262,B,2,0,0.0,0.0,0
23695752563,A,1,0,0.0,0.0,0
43098850819,C,3,4,1146.89,0.0,0
56234149517,C,3,26,761.26,0.0,0
80944386834,A,1,0,0.0,0.0,0
91227487871,A,1,0,0.0,0.0,0
31451913980,H,8,98,7561.43,0.0,0
31846461666,C,3,6,2064.12,0.0,0
24349479341,E,5,50,4340.61,9755.53,1
91782780116,AA,0,0,0.0,0.0,0
95941557048,B,2,0,0.0,0.0,0
17666256848,A,1,0,0.0,0.0,0
81626362381,B,2,0,0.0,0.0,0
59520645562,H,8,138,2335.19,4736.22,1
28897822132,A,1,0,0.0,0.0,0
89084138459,AA,0,0,0.0,0.0,0
76324962389,AA,0,0,0.0,0.0,0
29298213551,A,1,0,0.0,0.0,0
84548363548,A,1,0,0.0,0.0,0
13725986667,AA,0,0,0.0,0.0,0
66586494319,D,4,44,349.77,0.0,0
15630394488,C,3,47,2089.98,0.0,0
86348112962,A,1,0,0.0,0.0,0
68834278752,E,5,58,2311.4,4084.9,1
22869339421,A,1,0,0.0,0.0,0
27749253213,H,8,289,9577.3,19751.78,1
47531886633,AA,0,0,0.0,0.0,0
67954335337,E,5,61,1807.53,5698.32,1
79141883239,C,3,9,275.19,0.0,0
55075824849,E,5,127,2467.09,8380.65,1
37643986764,H,8,81,6779.1,9145.52,1
90052162059,B,2,0,0.0,0.0,0
70613114032,H,8,140,2137.98,3799.19,1
82698339725,AA,0,0,0.0,0.0,0
17555369756,A,1,0,0.0,0.0,0
52576776561,AA,0,0,0.0,0.0,0
19094728317,C,3,11,3236.13,0.0,0
30235893310,AA,0,0,0.0,0.0,0
10043990959,C,3,11,344.99,0.0,0
69153491576,C,3,106,516.06,0.0,0
39493733245,C,3,32,161.01,0.0,0
17568564675,D,4,14,851.95,0.0,0
47664277988,C,3,26,1071.2,0.0,0
48277229336,A,1,0,0.0,0.0,0
27744370280,B,2,0,0.0,0.0,0
60912535231,A,1,0,0.0,0.0,0
54949938025,AA,0,0,0.0,0.0,0
34844264723,A,1,0,0.0,0.0,0
90736413980,AA,0,0,0.0,0.0,0
47765610094,H,8,67,2391.98,0.0,0
51274730067,C,3,11,27.88,0.0,0
11891458236,B,2,0,0.0,0.0,0
82497430585,B,2,0,0.0,0.0,0
73553770966,AA,0,0,0.0,0.0,0
28255436098,C,3,28,48.89,0.0,0
19394220137,C,3,62,546.34,0.0,0
27290170694,C,3,61,1347.48,536.38,1
56331531367,AA,0,0,0.0,0.0,0
88036484881,G,7,109,4408.68,0.0,0
57014823790,F,6,44,3314.96,1598.99,1
12840479060,C,3,11,504.21,0.0,0
62293991780,B,2,0,0.0,0.0,0
97231610852,C,3,0,0.0,0.0,0
77744665562,B,2,0,0.0,0.0,0
79994133935,A,1,0,0.0,0.0,0
86557492395,A,1,0,0.0,0.0,0
28378585229,B,2,0,0.0,0.0,0
31739251986,B,2,0,0.0,0.0,0
93881447562,AA,0,0,0.0,0.0,0
79529446344,H,8,115,2675.68,14063.97,1
48478112576,F,6,272,7624.56,0.0,0
44371028854,E,5,121,5577.11,1866.72,1
69185071787,C,3,10,837.21,0.0,0
28549222139,F,6,118,1857.98,16648.41,1
81329053620,A,1,0,0.0,0.0,0
25339412982,D,4,8,2691.68,0.0,0
75220216411,AA,0,3,0.0,0.0,0
12238942051,E,5,374,4406.11,0.0,0
26993652283,AA,0,0,0.0,0.0,0
63357186144,G,7,47,2116.37,3286.83,1
83414359957,E,5,324,1283.33,0.0,0
91759528683,A,1,0,0.0,0.0,0
19090062714,B,2,0,0.0,0.0,0
82752721123,H,8,73,5620.66,0.0,0
98843596088,C,3,1,653.15,0.0,0
56997492479,F,6,68,13258.74,2856.3,1
22272691428,B,2,0,0.0,0.0,0
96416174965,AA,0,0,0.0,0.0,0
87833570587,AA,0,0,0.0,0.0,0
69149092077,AA,0,0,0.0,0.0,0
75579915018,D,4,11,246.72,0.0,0
39136438766,B,2,0,0.0,0.0,0
44541214328,B,2,0,0.0,0.0,0
98414242373,C,3,19,1337.96,0.0,0
19475233719,C,3,10,859.78,0.0,0
78775972715,G,7,90,5542.24,0.0,0
52753181173,H,8,88,7635.06,3792.78,1
48156212881,AA,0,3,0.0,0.0,0
10832063464,C,3,3,274.97,0.0,0
94353033524,E,5,52,12444.26,12414.95,1
34166975749,C,3,56,66.29,0.0,0
24555710611,H,8,92,1478.11,12859.04,1
82133391844,AA,0,0,0.0,0.0,0
96963166883,AA,0,0,0.0,0.0,0
75272863551,F,6,142,1909.11,0.0,0
21491343072,AA,0,0,0.0,0.0,0
98850388344,E,5,69,3420.74,1823.54,1
56084936445,G,7,131,2714.02,4310.27,1
47311317532,A,1,0,0.0,0.0,0
27657961289,G,7,73,1759.22,2857.64,1
66115730238,C,3,18,85.57,0.0,0
10175517936,C,3,39,864.72,0.0,0
51983625384,C,3,48,267.54,0.0,0
36277790534,E,5,176,1759.94,0.0,0
79153940581,A,1,0,0.0,0.0,0
41344787338,B,2,0,0.0,0.0,0
80613536110,E,5,101,9777.44,7130.57,1
17825643421,C,3,42,8.1,0.0,0
92399561768,E,5,58,6376.06,6557.65,1
13668220351,AA,0,0,0.0,0.0,0
13826666655,A,1,0,0.0,0.0,0
55166462186,A,1,0,0.0,0.0,0
87442443716,E,5,143,26736.02,2442.34,1
61997085552,AA,0,0,0.0,0.0,0
90925336191,B,2,0,0.0,0.0,0
92545710982,H,8,55,1288.41,0.0,0
97136712830,AA,0,0,0.0,0.0,0
12095839785,H,8,191,7437.74,7080.57,1
38486570123,C,3,18,255.03,0.0,0
72076477868,E,5,95,1329.99,0.0,0
29980156236,AA,0,0,0.0,0.0,0
46074423161,AA,0,0,0.0,0.0,0
44085643915,E,5,262,4054.69,7050.34,1
38479471576,D,4,8,896.91,0.0,0
64750046846,E,5,182,2094.54,0.0,0
27618884773,A,1,0,0.0,0.0,0
28476080520,D,4,1,2268.2,0.0,0
45724492892,C,3,5,237.33,0.0,0
76817624878,B,2,0,0.0,0.0,0
66289575413,E,5,119,1104.39,12171.58,1
77755060338,F,6,70,5332.85,18922.95,1
87853477566,C,3,69,96.02,0.0,0
48888395234,A,1,0,0.0,0.0,0
89715034112,C,3,10,674.06,0.0,0
52017045812,AA,0,0,0.0,0.0,0
79720468330,AA,0,0,0.0,0.0,0
54110963149,B,2,0,0.0,0.0,0
58721212845,AA,0,0,0.0,0.0,0
13142573628,A,1,0,0.0,0.0,0
45096455184,AA,0,0,0.0,0.0,0
23913678540,C,3,10,105.65,0.0,0
74375432954,E,5,310,16000.84,9572.44,1
23968536131,AA,0,0,0.0,0.0,0
92939684255,H,8,75,3882.55,12166.33,1
54554199838,C,3,0,0.0,0.0,0
74291836555,B,2,0,0.0,0.0,0
83569623341,AA,0,0,0.0,0.0,0
71983129570,C,3,28,87.45,0.0,0
30893160273,E,5,516,9636.65,0.0,0
83165094110,D,4,9,1575.54,0.0,0
79070634963,A,1,0,0.0,0.0,0
50344839267,AA,0,0,0.0,0.0,0
31661266588,A,1,0,0.0,0.0,0
58118657622,AA,0,0,0.0,0.0,0
35765160665,AA,0,0,0.0,0.0,0
42412115864,B,2,3,0.0,0.0,0
37022081639,D,4,0,0.0,0.0,0
76444094848,G,7,138,1807.14,2227.76,1
13358870958,A,1,0,0.0,0.0,0
64966179871,G,7,130,8695.47,3531.65,1
76567796571,A,1,0,0.0,0.0,0
71197391971,B,2,0,0.0,0.0,0
83797642384,B,2,0,0.0,0.0,0
24071498578,B,2,0,0.0,0.0,0
97017438212,H,8,72,1939.09,3069.46,1
47852873744,C,3,52,2063.31,0.0,0
77689685571,AA,0,0,0.0,0.0,0
82049751457,C,3,2,588.23,0.0,0
59990579414,AA,0,0,0.0,0.0,0
50194975460,E,5,256,13993.7,2604.78,1
16784153618,C,3,2,2908.17,0.0,0
86247950234,C,3,25,4379.49,0.0,0
78831168968,C,3,84,459.2,0.0,0
55637619749,C,3,2,351.13,0.0,0
41234515886,AA,0,3,0.0,0.0,0
78198720868,D,4,46,78.2,0.0,0
32825778670,A,1,0,0.0,0.0,0
31123440929,E,5,261,1216.49,17948.1,1
37161333252,C,3,0,0.0,0.0,0
25536581631,E,5,60,4869.09,0.0,0
24317186093,C,3,3,169.54,0.0,0
17366654762,C,3,36,1059.38,0.0,0
78151392797,AA,0,0,0.0,0.0,0
86990114130,E,5,133,4165.6,8432.58,1
38938741987,AA,0,0,0.0,0.0,0
88689728550,B,2,3,0.0,0.0,0
38237163698,B,2,0,0.0,0.0,0
95555044320,A,1,0,0.0,0.0,0
77144243194,C,3,5,11.52,0.0,0
26440726194,A,1,0,0.0,0.0,0
31745534059,C,3,63,1925.19,0.0,0
60649290948,A,1,0,0.0,0.0,0
12948672511,A,1,0,0.0,0.0,0
99247680688,C,3,18,227.25,0.0,0
58873259026,AA,0,0,0.0,0.0,0
80274268219,B,2,0,0.0,0.0,0
21496615429,D,4,14,872.03,0.0,0
74065388017,AA,0,0,0.0,0.0,0
37988957456,D,4,120,1077.36,0.0,0
64492763753,A,1,0,0.0,0.0,0
48615920119,AA,0,0,0.0,0.0,0
37228649779,E,5,164,1007.58,2783.06,1
43755337377,A,1,0,0.0,0.0,0
33729452978,A,1,0,0.0,0.0,0
33798254114,AA,0,0,0.0,0.0,0
68565684163,B,2,0,0.0,0.0,0
69567546186,G,7,185,4196.48,6786.26,1
22227958910,B,2,0,0.0,0.0,0
83358327281,E,5,261,10371.95,1716.71,1
68458814542,G,7,57,6976.05,0.0,0
28773040479,A,1,0,0.0,0.0,0
24434589046,F,6,53,10326.21,0.0,0
16543758523,A,1,0,0.0,0.0,0
86631399651,G,7,82,3306.66,1523.21,1
46626627181,A,1,0,0.0,0.0,0
31842951763,C,3,40,404.52,0.0,0
27338885168,B,2,0,0.0,0.0,0
26461911974,AA,0,0,0.0,0.0,0
73066055467,B,2,0,0.0,0.0,0
94220223445,C,3,2,583.89,0.0,0
82319685068,AA,0,0,0.0,0.0,0
86357085972,AA,0,0,0.0,0.0,0
89128849232,C,3,3,445.45,0.0,0
72114715548,C,3,33,233.16,0.0,0
96548974247,G,7,163,1151.5,29011.6,1
86523565118,C,3,2,867.79,0.0,0
94641983358,H,8,70,3464.69,3974.68,1
67957698942,D,4,2,578.19,0.0,0
74538463036,B,2,0,0.0,0.0,0
81484510889,AA,0,0,0.0,0.0,0
72675785922,D,4,14,586.6,0.0,0
17069264335,B,2,0,0.0,0.0,0
97327924937,AA,0,0,0.0,0.0,0
69158357237,A,1,0,0.0,0.0,0
64046193240,H,8,199,19036.31,0.0,0
70571512472,C,3,0,0.0,0.0,0
85579252070,AA,0,0,0.0,0.0,0
42817896014,C,3,29,1021.4,0.0,0
66655671219,AA,0,0,0.0,0.0,0
89267279419,A,1,0,0.0,0.0,0
96926916282,A,1,0,0.0,0.0,0
60435852684,AA,0,0,0.0,0.0,0
10334025550,D,4,32,349.83,0.0,0
61026562241,AA,0,0,0.0,0.0,0
69390792192,E,5,44,23308.72,0.0,0
81948615560,E,5,324,5602.49,0.0,0
86477685623,AA,0,0,0.0,0.0,0
47547385445,C,3,33,1276.34,462.84,1
68138726849,B,2,0,0.0,0.0,0
51584697098,F,6,126,1023.21,2184.91,1
95640979617,A,1,0,0.0,0.0,0
78183842577,C,3,2,16.53,0.0,0
52758231740,C,3,93,772.15,0.0,0
44057173083,A,1,0,0.0,0.0,0
49050925511,A,1,0,0.0,0.0,0
35114317780,C,3,6,1571.12,0.0,0
24475456941,E,5,51,1533.9,9341.67,1
76559741197,A,1,0,0.0,0.0,0
18573050446,C,3,1,1862.34,0.0,0
74724148175,B,2,0,0.0,0.0,0
59929851017,D,4,25,790.86,0.0,0
29515862156,A,1,0,0.0,0.0,0
23762735832,E,5,141,2817.78,0.0,0
61316481472,AA,0,0,0.0,0.0,0
92564828829,A,1,0,0.0,0.0,0
41588873734,A,1,0,0.0,0.0,0
14694865160,AA,0,0,0.0,0.0,0
44233524816,C,3,124,371.94,0.0,0
80587052420,B,2,0,0.0,0.0,0
24953335057,D,4,43,2321.91,0.0,0
15226910893,A,1,0,0.0,0.0,0
86959793089,B,2,0,0.0,0.0,0
44585589087,B,2,0,0.0,0.0,0
86556895485,AA,0,0,0.0,0.0,0
61532295961,A,1,0,0.0,0.0,0
92040940748,AA,0,0,0.0,0.0,0
73513546687,C,3,14,71.81,0.0,0
47160164242,A,1,0,0.0,0.0,0
87663351961,C,3,4,1091.6,0.0,0
62094041921,C,3,7,508.89,0.0,0
31924345679,AA,0,0,0.0,0.0,0
87677345016,B,2,0,0.0,0.0,0
25920640997,H,8,115,2014.92,0.0,0
70183644592,C,3,0,0.0,0.0,0
35685588747,C,3,5,118.78,1035.44,1
46711179895,AA,0,0,0.0,0.0,0
91773087495,D,4,19,375.76,0.0,0
25468986022,D,4,11,467.61,0.0,0
42746537367,C,3,19,87.06,0.0,0
93537816711,G,7,74,1578.26,1906.78,1
52718559859,AA,0,0,0.0,0.0,0
92614316483,AA,0,0,0.0,0.0,0
98751751423,E,5,93,4043.98,0.0,0
40797975838,E,5,227,1434.68,14009.4,1
34720992239,AA,0,0,0.0,0.0,0
55857741495,B,2,0,0.0,0.0,0
66442139434,AA,0,0,0.0,0.0,0
91261996380,AA,0,0,0.0,0.0,0
54269783211,E,5,152,7566.53,0.0,0
96934034629,B,2,0,0.0,0.0,0
95723831450,A,1,0,0.0,0.0,0
59659958977,A,1,0,0.0,0.0,0
87140386896,AA,0,0,0.0,0.0,0
31541625480,AA,0,0,0.0,0.0,0
13335280711,C,3,51,285.78,0.0,0
97990334695,G,7,117,1231.19,0.0,0
49358932672,G,7,45,4097.84,0.0,0
44355491830,AA,0,0,0.0,0.0,0
99081159778,E,5,44,1163.69,9200.34,1
69150132932,D,4,2,205.08,0.0,0
53996821430,C,3,47,1808.71,0.0,0
84863324071,C,3,58,819.49,0.0,0
83943016971,A,1,0,0.0,0.0,0
17250354433,AA,0,0,0.0,0.0,0
55939077898,A,1,0,0.0,0.0,0
31878193221,A,1,0,0.0,0.0,0
35630477849,AA,0,0,0.0,0.0,0
74525653059,B,2,0,0.0,0.0,0
67963436311,E,5,263,20553.5,2456.51,1
85335991896,C,3,16,1258.38,0.0,0
76092063739,AA,0,0,0.0,0.0,0
77276161793,H,8,224,3110.08,4441.02,1
55438520666,F,6,46,1268.24,4107.47,1
10746219141,E,5,98,4526.18,0.0,0
40362014377,G,7,278,13834.04,0.0,0
35891191757,B,2,0,0.0,0.0,0
87410958087,G,7,95,18184.42,0.0,0
35524513273,AA,0,0,0.0,0.0,0
65061128359,AA,0,0,0.0,0.0,0
69271851175,B,2,0,0.0,0.0,0
97120019540,A,1,0,0.0,0.0,0
47393545420,AA,0,0,0.0,0.0,0
60447263456,C,3,19,86.77,2745.29,1
15950697044,C,3,42,1080.83,0.0,0
56466391693,C,3,4,52.48,0.0,0
46298113147,A,1,0,0.0,0.0,0
14555294671,C,3,101,463.03,0.0,0
77119712524,B,2,0,0.0,0.0,0
94061016830,AA,0,0,0.0,0.0,0
80625723297,C,3,16,522.92,0.0,0
27911574549,A,1,0,0.0,0.0,0
25359141110,AA,0,0,0.0,0.0,0
79795128184,E,5,237,3606.88,9489.37,1
90635927351,B,2,3,0.0,0.0,0
38597688949,B,2,0,0.0,0.0,0
91157734614,F,6,54,5134.39,4996.85,1
85443381430,E,5,245,5311.61,28339.1,1
55889944876,AA,0,0,0.0,0.0,0
49674547757,AA,0,0,0.0,0.0,0
57532289079,AA,0,0,0.0,0.0,0
24914415749,C,3,11,669.63,0.0,0
40464560880,B,2,0,0.0,0.0,0
61245112176,A,1,0,0.0,0.0,0
29573882096,H,8,202,6535.55,1607.61,1
83254054979,B,2,0,0.0,0.0,0
85866163575,AA,0,0,0.0,0.0,0
49573348888,C,3,16,2217.03,0.0,0
81662163316,B,2,3,0.0,0.0,0
18510367795,A,1,0,0.0,0.0,0
28418789331,A,1,0,0.0,0.0,0
30167388650,C,3,59,553.79,0.0,0
12163874130,C,3,7,1545.56,0.0,0
18812177054,B,2,0,0.0,0.0,0
61262625722,AA,0,0,0.0,0.0,0
17759064534,AA,0,0,0.0,0.0,0
54013233494,AA,0,3,0.0,0.0,0
72932362778,C,3,26,59.53,0.0,0
76650911831,AA,0,0,0.0,0.0,0
79656232544,AA,0,0,0.0,0.0,0
24195446816,E,5,51,4043.62,7687.64,1
20931770419,G,7,75,10177.69,10455.75,1
60714744955,D,4,0,0.0,0.0,0
72118681335,G,7,41,2712.75,37593.68,1
85710271683,A,1,0,0.0,0.0,0
12848893624,H,8,54,1228.29,12287.43,1
70138113513,A,1,0,0.0,0.0,0
60695785338,H,8,175,989.77,0.0,0
34363380174,G,7,55,2785.42,10349.55,1
57591345892,C,3,19,987.73,0.0,0
35471661085,G,7,126,6364.92,12990.02,1
79333348920,C,3,13,933.11,0.0,0
86867652651,B,2,0,0.0,0.0,0
96051723440,B,2,0,0.0,0.0,0
22341122835,C,3,9,451.01,0.0,0
38477413619,A,1,0,0.0,0.0,0
80821359313,C,3,12,281.21,0.0,0
81085773870,H,8,170,5755.18,0.0,0
56795974684,B,2,0,0.0,0.0,0
27680024181,D,4,8,1570.38,0.0,0
76366260140,F,6,73,10116.55,5284.15,1
86222919052,F,6,47,6099.98,1516.85,1
35218779079,H,8,184,7839.52,7705.15,1
87878862750,C,3,0,0.0,0.0,0
52881062740,H,8,69,7577.59,6055.41,1
11031043388,C,3,3,1350.66,0.0,0
61987995570,AA,0,0,0.0,0.0,0
79475256544,C,3,16,276.6,0.0,0
83241711963,C,3,32,799.99,0.0,0
96516648172,A,1,0,0.0,0.0,0
97196273180,C,3,21,110.18,76.12,1
87672980059,B,2,0,0.0,0.0,0
28627562861,A,1,3,0.0,0.0,0
29815068097,C,3,47,1225.23,0.0,0
81854979624,E,5,177,1383.95,2643.56,1
18471243311,C,3,33,1344.25,0.0,0
31689415160,AA,0,0,0.0,0.0,0
77798411839,AA,0,0,0.0,0.0,0
59617394422,A,1,0,0.0,0.0,0
52937424650,E,5,198,1412.58,0.0,0
37071945537,A,1,0,0.0,0.0,0
66190091164,C,3,25,27.59,0.0,0
22044113579,AA,0,0,0.0,0.0,0
74159027035,AA,0,0,0.0,0.0,0
68037867115,F,6,93,10894.27,0.0,0
67242045450,E,5,262,2748.27,13455.04,1
45289388090,A,1,0,0.0,0.0,0
49922639939,AA,0,0,0.0,0.0,0
22993530447,AA,0,0,0.0,0.0,0
56425012866,C,3,17,1475.33,0.0,0
92430088275,B,2,0,0.0,0.0,0
32045394887,AA,0,0,0.0,0.0,0
81870183776,A,1,0,0.0,0.0,0
58492890616,AA,0,0,0.0,0.0,0
18620047935,F,6,85,3025.65,0.0,0
21594650793,H,8,79,6215.86,12571.44,1
52031560832,AA,0,0,0.0,0.0,0
48586330439,E,5,75,8335.1,9914.89,1
68649569393,B,2,0,0.0,0.0,0
40443287770,AA,0,0,0.0,0.0,0
53361597246,E,5,91,5879.33,2165.22,1
84530398378,G,7,99,5945.29,0.0,0
82882864461,H,8,42,2635.1,4292.8,1
54669058685,B,2,0,0.0,0.0,0
56124982785,AA,0,0,0.0,0.0,0
82333931367,D,4,25,162.47,0.0,0
76481935637,B,2,0,0.0,0.0,0
83471153175,B,2,0,0.0,0.0,0
41071745611,AA,0,0,0.0,0.0,0
40477576927,B,2,0,0.0,0.0,0
73912372910,A,1,0,0.0,0.0,0
27363537638,A,1,0,0.0,0.0,0
81667587722,F,6,271,825.77,22938.28,1
49420173067,AA,0,0,0.0,0.0,0
36187743244,B,2,0,0.0,0.0,0
72237261439,B,2,0,0.0,0.0,0
58189427213,AA,0,0,0.0,0.0,0
51688675046,AA,0,0,0.0,0.0,0
94695196881,AA,0,0,0.0,0.0,0
86984178936,F,6,118,2535.16,0.0,0
78930589137,B,2,0,0.0,0.0,0
92338969242,H,8,68,1469.15,0.0,0
63423586642,B,2,0,0.0,0.0,0
93173537421,B,2,0,0.0,0.0,0
10332254653,C,3,7,57.52,0.0,0
47521824821,C,3,1,189.43,0.0,0
29875739484,E,5,119,11735.47,7638.35,1
64455552240,A,1,0,0.0,0.0,0
34489447096,B,2,0,0.0,0.0,0
78089487732,E,5,51,2274.62,2056.46,1
90050930440,G,7,45,894.18,16558.38,1
25436878764,G,7,110,910.5,5435.22,1
66986440256,B,2,0,0.0,0.0,0
91130348815,E,5,46,1094.71,18399.46,1
44556236486,C,3,16,738.82,342.29,1
64672280236,C,3,61,321.49,0.0,0
91390699756,AA,0,0,0.0,0.0,0
19999540891,C,3,16,140.67,0.0,0
60310583394,B,2,0,0.0,0.0,0
63322075049,A,1,0,0.0,0.0,0
90987493840,E,5,70,6392.99,0.0,0
66742518945,A,1,0,0.0,0.0,0
85948628440,AA,0,0,0.0,0.0,0
54760025752,AA,0,0,0.0,0.0,0
52383381215,F,6,52,3328.36,2263.32,1
76444912576,B,2,0,0.0,0.0,0
27281246916,B,2,0,0.0,0.0,0
90472319037,D,4,17,535.33,0.0,0
33697541870,C,3,5,1325.32,0.0,0
99323356473,A,1,0,0.0,0.0,0
57044482238,D,4,15,356.94,0.0,0
38687358472,C,3,49,373.9,0.0,0
77325181368,C,3,7,129.64,0.0,0
43089161359,A,1,0,0.0,0.0,0
35357694796,G,7,153,8088.52,0.0,0
39047691095,C,3,7,809.59,0.0,0
39074579596,B,2,0,0.0,0.0,0
86489051351,B,2,0,0.0,0.0,0
75060744366,AA,0,0,0.0,0.0,0
51053636257,AA,0,0,0.0,0.0,0
69634769081,C,3,68,1326.07,0.0,0
31944093988,A,1,0,0.0,0.0,0
20733426450,AA,0,0,0.0,0.0,0
76568729012,B,2,0,0.0,0.0,0
18941266579,AA,0,0,0.0,0.0,0
15775927849,H,8,220,7159.17,16126.32,1
26867636891,B,2,0,0.0,0.0,0
59980395261,AA,0,0,0.0,0.0,0
62393178321,A,1,0,0.0,0.0,0
38190920337,B,2,0,0.0,0.0,0
52782856857,AA,0,3,0.0,0.0,0
53334036682,C,3,7,568.41,0.0,0
60019890338,G,7,208,3057.63,2818.84,1
13990497958,B,2,0,0.0,0.0,0
17179246378,C,3,9,214.79,0.0,0
15374933256,D,4,2,184.59,0.0,0
17881960641,E,5,88,3479.1,0.0,0
41133127855,B,2,0,0.0,0.0,0
13418772644,AA,0,0,0.0,0.0,0
56371580145,AA,0,0,0.0,0.0,0
17528717958,E,5,190,1562.03,1646.64,1
42421063157,C,3,38,86.74,0.0,0
52183999564,AA,0,0,0.0,0.0,0
70797136684,AA,0,0,0.0,0.0,0
59078811155,F,6,104,11249.53,5461.63,1
64239570593,E,5,82,5483.2,0.0,0
38225253344,H,8,292,5377.77,0.0,0
60127958748,E,5,91,8060.09,0.0,0
80293975827,B,2,0,0.0,0.0,0
21781917888,C,3,6,3321.73,0.0,0
99138437224,C,3,5,2197.55,0.0,0
26717435886,A,1,0,0.0,0.0,0
77747473657,C,3,6,3046.18,0.0,0
15630378811,C,3,19,432.58,0.0,0
51688387262,A,1,0,0.0,0.0,0
82016285265,C,3,0,0.0,0.0,0
84351580021,C,3,3,221.61,0.0,0
74995727137,G,7,58,7769.18,0.0,0
82637543661,A,1,0,0.0,0.0,0
59149135088,B,2,0,0.0,0.0,0
31472856136,C,3,51,270.65,0.0,0
59030439498,A,1,0,0.0,0.0,0
31793059184,D,4,19,329.63,0.0,0
90517246260,E,5,115,3278.92,0.0,0
17934031116,AA,0,0,0.0,0.0,0
26017653044,B,2,3,0.0,0.0,0
67916296212,C,3,8,1854.1,0.0,0
90870277715,B,2,0,0.0,0.0,0
47661940997,F,6,154,1955.15,0.0,0
76688082314,C,3,13,116.51,0.0,0
42666925546,D,4,20,2395.25,0.0,0
83233352016,C,3,23,605.41,0.0,0
52970185067,C,3,16,875.06,0.0,0
69461017365,E,5,74,9271.12,0.0,0
97356772115,C,3,29,209.48,0.0,0
18789710874,C,3,5,1336.3,19.82,1
91785049867,E,5,258,18666.97,0.0,0
74581842655,A,1,0,0.0,0.0,0
44670778346,D,4,14,3028.05,0.0,0
40920183987,A,1,0,0.0,0.0,0
33339441550,B,2,0,0.0,0.0,0
65994535733,B,2,0,0.0,0.0,0
10952548912,H,8,100,8393.26,1927.58,1
28951735383,F,6,60,5177.58,0.0,0
77769612475,E,5,79,2121.5,2459.06,1
13593227145,D,4,3,359.47,0.0,0
52795555744,C,3,13,800.85,0.0,0
44146557925,F,6,248,7027.62,10969.53,1
99457726368,B,2,0,0.0,0.0,0
80083468097,AA,0,0,0.0,0.0,0
78595824186,A,1,0,0.0,0.0,0
88763947015,E,5,245,10128.82,0.0,0
30088944217,C,3,10,95.34,0.0,0
74068298770,AA,0,0,0.0,0.0,0
99241643148,AA,0,0,0.0,0.0,0
69266143577,D,4,36,219.63,0.0,0
32836462085,A,1,0,0.0,0.0,0
25058233118,C,3,7,254.49,0.0,0
56047178967,H,8,82,5123.72,4402.47,1
22014222975,B,2,0,0.0,0.0,0
89654076152,AA,0,0,0.0,0.0,0
41472274566,D,4,14,479.17,0.0,0
81999650617,D,4,13,1375.57,0.0,0
28868358910,C,3,7,165.65,0.0,0
87810759460,H,8,213,4505.74,0.0,0
89846526381,A,1,0,0.0,0.0,0
57119038491,B,2,0,0.0,0.0,0
30077535447,E,5,193,11418.72,0.0,0
43388077961,F,6,43,1067.48,2999.6,1
89180033087,AA,0,0,0.0,0.0,0
68375191994,D,4,20,87.45,0.0,0
48779533316,B,2,0,0.0,0.0,0
92222568772,AA,0,0,0.0,0.0,0
48848657973,A,1,0,0.0,0.0,0
58357735342,E,5,214,3006.99,0.0,0
52423025347,AA,0,0,0.0,0.0,0
34333264576,B,2,0,0.0,0.0,0
68933646523,A,1,0,0.0,0.0,0
69269090671,F,6,176,9562.54,0.0,0
27692640680,C,3,8,2092.04,0.0,0
33939027840,C,3,14,106.54,0.0,0
59990752023,A,1,0,0.0,0.0,0
85454173537,C,3,5,1055.22,0.0,0
34411146079,C,3,24,783.47,262.71,1
42370866714,E,5,213,2260.52,0.0,0
49267320291,E,5,98,3500.02,0.0,0
73590145648,AA,0,0,0.0,0.0,0
20736848718,C,3,16,181.31,0.0,0
81184938879,AA,0,0,0.0,0.0,0
14743652086,C,3,57,67.77,0.0,0
76127788637,A,1,0,0.0,0.0,0
98672854767,A,1,0,0.0,0.0,0
35446220781,B,2,0,0.0,0.0,0
97654153084,B,2,0,0.0,0.0,0
52175759536,AA,0,0,0.0,0.0,0
20139214145,D,4,6,849.24,2188.65,1
46077349870,A,1,0,0.0,0.0,0
94424671186,AA,0,0,0.0,0.0,0
49054459210,C,3,69,795.58,0.0,0
58850462758,A,1,0,0.0,0.0,0
31569419056,A,1,0,0.0,0.0,0
22870224184,C,3,5,1204.59,0.0,0
35518640269,AA,0,0,0.0,0.0,0
69521635535,AA,0,0,0.0,0.0,0
37326332162,A,1,0,0.0,0.0,0
29543816178,E,5,81,2439.7,0.0,0
23791620664,C,3,19,637.67,0.0,0
14217415031,C,3,27,1609.02,0.0,0
91087599312,C,3,3,757.45,1222.93,1
78015252367,A,1,0,0.0,0.0,0
75740511075,A,1,0,0.0,0.0,0
24946067488,E,5,131,3724.95,3151.96,1
74769468478,AA,0,0,0.0,0.0,0
93983621224,A,1,0,0.0,0.0,0
46087431235,A,1,0,0.0,0.0,0
42095722518,A,1,0,0.0,0.0,0
25398256014,H,8,171,4245.58,2129.94,1
72188566432,A,1,0,0.0,0.0,0
31958480870,C,3,11,1714.63,0.0,0
19056732743,A,1,0,0.0,0.0,0
17727455336,H,8,97,1008.21,0.0,0
99710830263,AA,0,0,0.0,0.0,0
74430261423,B,2,0,0.0,0.0,0
87682282058,D,4,49,1224.73,0.0,0
66946557187,D,4,7,2602.39,0.0,0
23760248016,A,1,0,0.0,0.0,0
75290280047,B,2,0,0.0,0.0,0
84577657679,B,2,0,0.0,0.0,0
61931616883,B,2,0,0.0,0.0,0
37848488035,A,1,0,0.0,0.0,0
69418954359,C,3,2,868.91,0.0,0
79098815675,B,2,0,0.0,0.0,0
54665243144,B,2,0,0.0,0.0,0
32368890062,C,3,6,966.01,0.0,0
10321986917,G,7,137,865.08,7054.24,1
69137781382,C,3,29,371.71,0.0,0
99085755490,AA,0,0,0.0,0.0,0
89717428224,AA,0,0,0.0,0.0,0
42616093432,H,8,137,3374.32,0.0,0
89419362723,A,1,0,0.0,0.0,0
69798187767,A,1,0,0.0,0.0,0
89674357887,B,2,0,0.0,0.0,0
48813767984,B,2,0,0.0,0.0,0
47357262361,C,3,18,1246.38,0.0,0
45094284284,AA,0,0,0.0,0.0,0
17098793374,AA,0,0,0.0,0.0,0
70094014519,H,8,118,8162.14,0.0,0
70211895029,B,2,0,0.0,0.0,0
51272837765,C,3,87,558.58,0.0,0
56957663449,C,3,14,3226.01,0.0,0
47482972872,C,3,38,45.84,0.0,0
95374871159,B,2,0,0.0,0.0,0
80059583970,AA,0,0,0.0,0.0,0
63721756312,B,2,0,0.0,0.0,0
59229326382,F,6,135,1234.5,0.0,0
99057531554,G,7,111,3087.02,0.0,0
18991342044,A,1,0,0.0,0.0,0
94982530425,AA,0,0,0.0,0.0,0
65821496030,G,7,50,3606.41,0.0,0
49281536383,C,3,13,53.39,1451.52,1
58127431189,G,7,154,4281.28,0.0,0
46449466887,A,1,0,0.0,0.0,0
45099452343,C,3,38,271.2,0.0,0
48778934957,D,4,5,439.51,0.0,0
49048378174,E,5,61,4561.35,0.0,0
91773365797,B,2,0,0.0,0.0,0
14119137986,AA,0,0,0.0,0.0,0
84123789311,C,3,11,1095.81,0.0,0
32444744679,A,1,0,0.0,0.0,0
80054135060,B,2,3,0.0,0.0,0
69235558088,H,8,110,6140.87,11197.94,1
27361494180,B,2,0,0.0,0.0,0
40564779153,E,5,236,3672.05,0.0,0
69757858623,AA,0,0,0.0,0.0,0
80578869436,C,3,16,2173.12,0.0,0
55310168856,G,7,223,12021.48,14711.16,1
28774928849,A,1,0,0.0,0.0,0
10488132298,A,1,0,0.0,0.0,0
80943155032,AA,0,0,0.0,0.0,0
54817885286,AA,0,0,0.0,0.0,0
52175323642,E,5,85,3775.26,4691.81,1
90039490013,G,7,160,7531.21,0.0,0
43789312491,A,1,0,0.0,0.0,0
51698784417,A,1,0,0.0,0.0,0
67755143481,AA,0,0,0.0,0.0,0
19340273248,D,4,48,235.13,0.0,0
31597280321,AA,0,3,0.0,0.0,0
13562557960,B,2,3,0.0,0.0,0
28243399537,C,3,38,976.52,0.0,0
65424749655,B,2,0,0.0,0.0,0
18012953126,A,1,0,0.0,0.0,0
91173569482,E,5,250,822.74,0.0,0
27067573510,A,1,0,0.0,0.0,0
91688620821,B,2,0,0.0,0.0,0
21833512740,E,5,47,14694.72,0.0,0
41530434462,E,5,48,7267.11,0.0,0
62231466956,AA,0,0,0.0,0.0,0
70416249223,B,2,0,0.0,0.0,0
55099561815,A,1,0,0.0,0.0,0
51831851132,B,2,0,0.0,0.0,0
43692116124,AA,0,0,0.0,0.0,0
49787892227,AA,0,0,0.0,0.0,0
12514659898,B,2,3,0.0,0.0,0
52654887028,C,3,11,971.19,0.0,0
49444799591,C,3,49,513.4,0.0,0
28049768892,B,2,3,0.0,0.0,0
91153413152,A,1,0,0.0,0.0,0
51661725783,H,8,113,1343.92,0.0,0
76917223379,E,5,70,902.99,2799.72,1
82382048511,C,3,64,1478.78,0.0,0
10916061243,D,4,9,1391.49,0.0,0
85085690349,F,6,104,13913.92,0.0,0
47032366726,B,2,0,0.0,0.0,0
41577856914,A,1,0,0.0,0.0,0
93283411778,B,2,0,0.0,0.0,0
16195642623,D,4,77,601.12,0.0,0
19350049633,E,5,173,4677.33,0.0,0
58393075732,C,3,48,88.74,0.0,0
50563691134,AA,0,0,0.0,0.0,0
71172389669,B,2,0,0.0,0.0,0
60060921214,E,5,278,5175.46,5104.95,1
80527950611,C,3,18,27.56,0.0,0
31395220758,C,3,9,843.39,0.0,0
56426728840,B,2,0,0.0,0.0,0
18849012491,A,1,0,0.0,0.0,0
19522179770,F,6,96,6555.31,0.0,0
42711346715,C,3,13,1659.42,0.0,0
21863417895,D,4,30,1475.75,0.0,0
77552852718,C,3,51,416.01,0.0,0
55222711174,C,3,16,977.42,0.0,0
83628363271,B,2,0,0.0,0.0,0
12070261317,E,5,133,4119.59,0.0,0
49576110853,B,2,0,0.0,0.0,0
96087095377,B,2,0,0.0,0.0,0
56082773911,C,3,39,4.47,0.0,0
48675482759,F,6,268,2900.62,9529.95,1
50923571562,AA,0,0,0.0,0.0,0
61681127348,C,3,28,43.56,1805.34,1
46589996269,B,2,0,0.0,0.0,0
22562886232,C,3,29,441.39,0.0,0
58685356066,AA,0,0,0.0,0.0,0
27143440057,AA,0,0,0.0,0.0,0
32162677717,B,2,0,0.0,0.0,0
78560843448,AA,0,0,0.0,0.0,0
79077339129,C,3,11,900.47,0.0,0
97562465554,E,5,181,3695.22,0.0,0
40263297832,A,1,0,0.0,0.0,0
65787082549,C,3,44,345.66,0.0,0
83354744398,B,2,0,0.0,0.0,0
53324758048,C,3,12,2340.29,0.0,0
24948040192,A,1,0,0.0,0.0,0
13147285435,AA,0,0,0.0,0.0,0
39936341620,AA,0,0,0.0,0.0,0
79884362782,AA,0,0,0.0,0.0,0
97281487768,B,2,0,0.0,0.0,0
66457665214,B,2,0,0.0,0.0,0
10256056381,E,5,70,9285.86,0.0,0
38326567771,D,4,8,479.31,0.0,0
36188675771,C,3,3,1735.96,0.0,0
13757139429,AA,0,0,0.0,0.0,0
82766753811,B,2,0,0.0,0.0,0
83924371016,AA,0,0,0.0,0.0,0
76913439452,B,2,0,0.0,0.0,0
75549711541,C,3,1,1464.38,0.0,0
53593895696,C,3,16,19.21,0.0,0
35771251552,A,1,0,0.0,0.0,0
82511752572,AA,0,0,0.0,0.0,0
20918687618,C,3,6,506.11,0.0,0
44024487223,C,3,19,487.72,0.0,0
82176347082,AA,0,0,0.0,0.0,0
77044058272,G,7,156,3937.49,0.0,0
25361188413,H,8,47,1825.2,1692.51,1
23474286730,B,2,0,0.0,0.0,0
15935394553,AA,0,0,0.0,0.0,0
83052112283,B,2,0,0.0,0.0,0
46528824812,E,5,43,2033.65,0.0,0
65962223688,E,5,58,9605.61,0.0,0
79054931586,AA,0,0,0.0,0.0,0
95563459743,B,2,0,0.0,0.0,0
80630576570,C,3,18,312.73,0.0,0
80419262314,B,2,0,0.0,0.0,0
41591891964,B,2,0,0.0,0.0,0
68271093856,F,6,46,7500.81,0.0,0
19522627066,C,3,19,2429.01,0.0,0
30132468444,E,5,90,2133.14,2351.92,1
80975795079,F,6,79,3558.53,16147.74,1
19683640413,D,4,4,2523.18,0.0,0
82412716316,B,2,0,0.0,0.0,0
68345423992,B,2,0,0.0,0.0,0
26934352127,AA,0,0,0.0,0.0,0
89580390568,C,3,6,966.63,0.0,0
96169766178,AA,0,0,0.0,0.0,0
35147881082,E,5,609,1024.78,9084.89,1
99888684727,B,2,0,0.0,0.0,0
76915135181,AA,0,0,0.0,0.0,0
75675828323,A,1,0,0.0,0.0,0
88380269027,A,1,0,0.0,0.0,0
45683434049,D,4,1,1012.61,0.0,0
11242898773,C,3,42,460.9,0.0,0
72958593833,C,3,4,1776.01,0.0,0
58338239819,AA,0,0,0.0,0.0,0
86611247170,A,1,0,0.0,0.0,0
88959240915,A,1,0,0.0,0.0,0
40576091179,AA,0,0,0.0,0.0,0
36260164684,F,6,86,3149.07,14645.05,1
16386512967,A,1,0,0.0,0.0,0
66950465220,B,2,0,0.0,0.0,0
16982240234,AA,0,0,0.0,0.0,0
89927387922,B,2,0,0.0,0.0,0
80887953244,B,2,0,0.0,0.0,0
11756558876,C,3,31,671.64,0.0,0
27086559957,AA,0,0,0.0,0.0,0
81845797274,A,1,0,0.0,0.0,0
45457484441,AA,0,0,0.0,0.0,0
68066880140,A,1,0,0.0,0.0,0
80915241153,B,2,0,0.0,0.0,0
67341526616,H,8,95,3950.15,0.0,0
81359559654,C,3,15,1128.39,0.0,0
74489917750,C,3,6,433.1,0.0,0
75323569550,AA,0,0,0.0,0.0,0
60171462117,AA,0,0,0.0,0.0,0
82015196961,C,3,0,0.0,1346.77,1
34281664845,C,3,96,1464.79,0.0,0
76016570528,C,3,1,115.25,0.0,0
35284369033,A,1,0,0.0,0.0,0
97395579010,C,3,7,790.43,0.0,0
20688572691,A,1,0,0.0,0.0,0
90628636637,E,5,161,2530.14,12950.72,1
75096326166,B,2,0,0.0,0.0,0
46035624233,C,3,10,57.87,0.0,0
16916612360,AA,0,0,0.0,0.0,0
99382179581,C,3,10,1044.52,0.0,0
39954489374,AA,0,0,0.0,0.0,0
86822333312,AA,0,0,0.0,0.0,0
71729582785,AA,0,0,0.0,0.0,0
17757171442,D,4,38,2333.38,0.0,0
72412075472,AA,0,0,0.0,0.0,0
65883584074,AA,0,0,0.0,0.0,0
91890059084,E,5,52,15244.13,10052.88,1
98345558118,A,1,0,0.0,0.0,0
38676843219,C,3,23,1212.64,0.0,0
23640087091,AA,0,0,0.0,0.0,0
47876651517,AA,0,0,0.0,0.0,0
60375776589,E,5,328,5029.02,0.0,0
82433757269,AA,0,0,0.0,0.0,0
84847887142,C,3,2,194.69,0.0,0
64268149888,C,3,26,290.87,0.0,0
26625868441,B,2,0,0.0,0.0,0
93177726994,D,4,6,547.33,0.0,0
15277443461,A,1,0,0.0,0.0,0
71870345171,AA,0,0,0.0,0.0,0
81346025010,E,5,216,9989.24,0.0,0
69154282456,B,2,0,0.0,0.0,0
82011982926,C,3,29,450.68,0.0,0
57212442374,D,4,5,170.01,0.0,0
22417763387,E,5,116,883.38,0.0,0
88242449872,C,3,14,571.25,0.0,0
33527451795,A,1,0,0.0,0.0,0
62717029260,E,5,103,4789.9,5946.63,1
10684598117,C,3,25,866.94,0.0,0
35677118854,A,1,0,0.0,0.0,0
47460393097,E,5,89,4134.85,0.0,0
96729665846,G,7,126,6099.58,0.0,0
73957141868,B,2,0,0.0,0.0,0
81135074196,AA,0,0,0.0,0.0,0
13167856593,B,2,0,0.0,0.0,0
74052574793,C,3,28,135.6,0.0,0
37278756925,E,5,140,10389.4,6494.6,1
83695575939,A,1,0,0.0,0.0,0
26070027345,AA,0,0,0.0,0.0,0
29970581949,G,7,68,10097.39,0.0,0
34981812654,B,2,0,0.0,0.0,0
17350713028,B,2,0,0.0,0.0,0
92335442011,G,7,203,3492.29,0.0,0
65075232498,AA,0,0,0.0,0.0,0
88517196321,C,3,6,872.52,0.0,0
98682256853,AA,0,0,0.0,0.0,0
93392067184,AA,0,0,0.0,0.0,0
53470074030,C,3,4,108.33,0.0,0
81792299872,B,2,0,0.0,0.0,0
20467464026,H,8,225,3193.81,4974.05,1
79721248771,C,3,31,1494.58,0.0,0
46556156166,AA,0,0,0.0,0.0,0
68493384014,AA,0,0,0.0,0.0,0
50183552418,B,2,0,0.0,0.0,0
20755155030,A,1,0,0.0,0.0,0
13873183397,AA,0,0,0.0,0.0,0
29275525592,AA,0,0,0.0,0.0,0
18677371232,B,2,0,0.0,0.0,0
35184675550,C,3,2,517.45,0.0,0
19530764676,C,3,4,1982.48,0.0,0
93075998775,C,3,33,324.59,0.0,0
17623317797,A,1,3,0.0,0.0,0
95866169873,B,2,0,0.0,0.0,0
64870134454,C,3,32,2995.31,0.0,0
38617183368,C,3,0,0.0,0.0,0
88347428040,A,1,0,0.0,0.0,0
77452034871,C,3,17,2321.2,0.0,0
26660931674,E,5,62,1059.69,0.0,0
54634676883,C,3,23,2661.25,0.0,0
10745944939,AA,0,0,0.0,0.0,0
52480975464,D,4,10,1727.9,0.0,0
82743274829,C,3,16,1124.17,0.0,0
51972711227,E,5,109,5868.97,2726.58,1
10752585217,D,4,27,816.04,0.0,0
15941372633,D,4,2,690.85,0.0,0
65520354660,C,3,33,1051.35,0.0,0
31132660917,AA,0,0,0.0,0.0,0
57152385042,C,3,12,454.24,0.0,0
17750438864,C,3,14,526.86,0.0,0
93241242523,D,4,4,602.61,0.0,0
31963673948,AA,0,0,0.0,0.0,0
37878297065,AA,0,3,0.0,0.0,0
24425815137,E,5,153,7819.43,1747.22,1
23447611789,D,4,9,772.04,0.0,0
23350373696,G,7,142,9204.93,0.0,0
61325297815,D,4,30,853.78,0.0,0
52684325618,C,3,53,430.88,0.0,0
24188278589,C,3,25,306.3,0.0,0
97998240073,E,5,63,4643.72,5588.44,1
39962044777,C,3,11,5300.6,0.0,0
58775147895,B,2,0,0.0,0.0,0
99677947913,A,1,0,0.0,0.0,0
39777282311,B,2,0,0.0,0.0,0
68349792836,C,3,2,850.87,0.0,0
17643279338,B,2,0,0.0,0.0,0
87531555275,B,2,0,0.0,0.0,0
56871381185,A,1,0,0.0,0.0,0
55778981050,B,2,0,0.0,0.0,0
74989372735,B,2,0,0.0,0.0,0
55395361121,B,2,0,0.0,0.0,0
54155488091,E,5,264,14868.1,3890.07,1
80813088424,C,3,0,0.0,0.0,0
63380837142,A,1,0,0.0,0.0,0
39648796484,AA,0,0,0.0,0.0,0
93652421433,D,4,9,114.96,0.0,0
65585316721,B,2,0,0.0,0.0,0
28235995612,C,3,45,35.78,0.0,0
15821336455,C,3,30,2622.44,0.0,0
88023272262,C,3,8,935.47,0.0,0
22316048885,A,1,0,0.0,0.0,0
55748451837,D,4,34,589.39,0.0,0
91854989078,B,2,0,0.0,0.0,0
26043442033,F,6,55,6413.98,0.0,0
62080251870,B,2,0,0.0,0.0,0
75542793932,A,1,0,0.0,0.0,0
54559452768,AA,0,0,0.0,0.0,0
82070283272,AA,0,0,0.0,0.0,0
36669829590,E,5,479,7642.03,0.0,0
94261959858,B,2,0,0.0,0.0,0
61921413341,B,2,0,0.0,0.0,0
94419918186,A,1,0,0.0,0.0,0
70548280472,B,2,0,0.0,0.0,0
66471016639,D,4,0,0.0,0.0,0
67097950842,C,3,21,1043.12,0.0,0
62766035838,E,5,201,2024.63,19187.17,1
36933433678,AA,0,0,0.0,0.0,0
92847212830,AA,0,0,0.0,0.0,0
50734038366,E,5,352,15359.23,3306.19,1
47879656431,A,1,0,0.0,0.0,0
89197137337,A,1,0,0.0,0.0,0
41268586835,AA,0,0,0.0,0.0,0
59795764464,A,1,0,0.0,0.0,0
42811721978,AA,0,0,0.0,0.0,0
95387749785,E,5,69,6418.46,1749.36,1
45139426360,AA,0,0,0.0,0.0,0
97875441442,C,3,2,1657.66,0.0,0
56393540612,A,1,0,0.0,0.0,0
18973120043,C,3,4,499.73,0.0,0
90987671923,AA,0,0,0.0,0.0,0
45259520114,E,5,266,11698.23,3426.24,1
34246644742,E,5,70,5346.65,8853.59,1
18018487449,AA,0,0,0.0,0.0,0
26281061969,G,7,52,4519.59,3360.23,1
65357821914,G,7,182,5206.23,0.0,0
10431534595,D,4,14,300.12,0.0,0
73781682574,F,6,64,3936.7,0.0,0
94818248566,A,1,0,0.0,0.0,0
27779175039,C,3,8,471.49,0.0,0
78582647724,AA,0,0,0.0,0.0,0
15995449515,AA,0,0,0.0,0.0,0
83310426544,G,7,62,4427.07,0.0,0
53816323323,A,1,0,0.0,0.0,0
66327737218,D,4,11,281.0,0.0,0
77964717358,D,4,60,828.95,0.0,0
53529630840,G,7,55,5953.02,0.0,0
28468957088,G,7,154,5482.46,0.0,0
53068770869,B,2,0,0.0,0.0,0
86098984331,AA,0,0,0.0,0.0,0
38551526593,AA,0,0,0.0,0.0,0
22998832273,AA,0,0,0.0,0.0,0
78979451112,AA,0,0,0.0,0.0,0
54224719871,B,2,0,0.0,0.0,0
54663055854,E,5,90,14225.73,6198.35,1
16959454587,B,2,0,0.0,0.0,0
11329253790,AA,0,0,0.0,0.0,0
28785794540,B,2,0,0.0,0.0,0
65630184178,AA,0,0,0.0,0.0,0
69111956459,A,1,0,0.0,0.0,0
87671330088,E,5,103,5349.21,7909.24,1
27940117782,C,3,0,0.0,0.0,0
74851615640,E,5,125,2446.21,10335.75,1
86239482162,AA,0,0,0.0,0.0,0
45246843767,E,5,247,2385.05,14214.35,1
43157293136,C,3,6,49.44,0.0,0
71634487658,C,3,12,898.54,0.0,0
29130467431,C,3,14,342.79,0.0,0
10177897988,G,7,487,16395.93,3204.72,1
76241788056,C,3,4,807.91,0.0,0
24762479436,C,3,23,659.1,0.0,0
20551495731,G,7,181,9482.28,3848.62,1
13141912171,E,5,128,1256.79,4399.62,1
58914610077,B,2,0,0.0,0.0,0
56327044247,D,4,29,488.97,0.0,0
52458349712,B,2,0,0.0,0.0,0
93239988317,B,2,0,0.0,0.0,0
54818441711,C,3,26,543.34,0.0,0
17581718565,E,5,80,6901.99,0.0,0
31128860716,G,7,86,6277.83,0.0,0
44090141531,B,2,0,0.0,0.0,0
50499560822,B,2,0,0.0,0.0,0
33680957253,AA,0,0,0.0,0.0,0
38045115438,G,7,182,9179.78,0.0,0
85190294389,H,8,326,8690.96,1845.52,1
42881660885,B,2,0,0.0,0.0,0
44560249877,D,4,6,572.64,0.0,0
91681314347,D,4,1,1400.69,0.0,0
21136741595,C,3,3,1769.97,0.0,0
80360644924,AA,0,0,0.0,0.0,0
90368085277,B,2,0,0.0,0.0,0
18927037487,C,3,13,1113.14,0.0,0
44621926535,C,3,9,274.11,0.0,0
71731446158,A,1,0,0.0,0.0,0
41693360186,G,7,95,2082.97,7370.39,1
75184045945,A,1,0,0.0,0.0,0
93590876784,B,2,0,0.0,0.0,0
53984684138,C,3,13,886.53,0.0,0
11444024125,E,5,176,16870.2,18130.57,1
57438381745,C,3,6,773.74,180.91,1
49378628118,B,2,0,0.0,0.0,0
31988148173,AA,0,0,0.0,0.0,0
18215668865,B,2,3,0.0,0.0,0
27896890661,B,2,0,0.0,0.0,0
41841642280,AA,0,3,0.0,0.0,0
12711334546,D,4,5,1802.43,0.0,0
72379163310,C,3,9,831.77,0.0,0
85081532163,B,2,0,0.0,0.0,0
78521157489,D,4,4,643.62,0.0,0
18485916775,AA,0,0,0.0,0.0,0
74620017075,AA,0,0,0.0,0.0,0
30399623010,D,4,25,2102.35,0.0,0
13488359817,B,2,0,0.0,0.0,0
76036041140,E,5,59,5484.92,0.0,0
86218935696,C,3,60,416.46,0.0,0
49664355293,D,4,11,751.65,0.0,0
40619149067,G,7,105,3341.99,0.0,0
56038759327,C,3,38,3256.32,0.0,0
27397661993,C,3,11,331.75,0.0,0
38162991311,B,2,0,0.0,0.0,0
53058966067,AA,0,0,0.0,0.0,0
44384687531,C,3,4,522.56,0.0,0
70957919834,A,1,0,0.0,0.0,0
81068952738,F,6,49,4081.82,0.0,0
61848382234,C,3,60,308.05,0.0,0
61948638681,B,2,0,0.0,0.0,0
16789923423,AA,0,0,0.0,0.0,0
51729662346,AA,0,0,0.0,0.0,0
38218447686,A,1,0,0.0,0.0,0
70064590973,AA,0,0,0.0,0.0,0
84765911630,AA,0,0,0.0,0.0,0
37063719821,C,3,6,126.64,0.0,0
60712132794,E,5,161,5570.29,3049.14,1
45217349072,F,6,71,1947.24,2524.6,1
63956590798,C,3,4,655.07,0.0,0
40598146489,AA,0,0,0.0,0.0,0
36589258710,G,7,112,3351.29,0.0,0
17231190591,G,7,45,1713.31,12704.19,1
83226454221,B,2,0,0.0,0.0,0
70762366748,D,4,4,1067.43,0.0,0
30353941141,A,1,3,0.0,0.0,0
64477028911,E,5,128,2727.02,10158.55,1
15169274061,H,8,78,1616.34,0.0,0
45047919284,A,1,0,0.0,0.0,0
59223196717,G,7,53,1529.59,0.0,0
45576043021,B,2,0,0.0,0.0,0
31744690183,H,8,87,3292.39,14008.64,1
60686145886,B,2,0,0.0,0.0,0
81518067973,E,5,116,5740.84,14610.8,1
71463990893,AA,0,0,0.0,0.0,0
55460368356,AA,0,0,0.0,0.0,0
88296230330,A,1,0,0.0,0.0,0
14756377841,G,7,544,14373.21,3252.85,1
10544345127,C,3,4,135.93,0.0,0
28397555718,G,7,85,6192.65,8064.7,1
34212671217,F,6,152,1151.15,0.0,0
28067784513,A,1,0,0.0,0.0,0
55788112450,B,2,0,0.0,0.0,0
56130181115,AA,0,0,0.0,0.0,0
87227613692,B,2,0,0.0,0.0,0
92027631119,A,1,0,0.0,0.0,0
30987869020,C,3,33,1995.84,0.0,0
34332058748,A,1,0,0.0,0.0,0
48467565817,AA,0,0,0.0,0.0,0
17522544757,A,1,0,0.0,0.0,0
56657620591,AA,0,0,0.0,0.0,0
48132572628,G,7,43,2736.18,0.0,0
18732542173,E,5,100,3980.34,4169.07,1
96393920871,H,8,342,1650.62,0.0,0
30047489680,AA,0,0,0.0,0.0,0
48839525912,AA,0,0,0.0,0.0,0
62154526754,E,5,73,1650.41,0.0,0
69444485055,B,2,0,0.0,0.0,0
94127823887,A,1,0,0.0,0.0,0
79071856642,B,2,0,0.0,0.0,0
22972970491,AA,0,0,0.0,0.0,0
20910979524,B,2,0,0.0,0.0,0
82563856930,B,2,0,0.0,0.0,0
51480022779,B,2,0,0.0,0.0,0
36852362668,AA,0,0,0.0,0.0,0
32297952532,AA,0,0,0.0,0.0,0
93146519863,D,4,63,4508.73,0.0,0
61919676780,A,1,3,0.0,0.0,0
59049626940,A,1,0,0.0,0.0,0
11290221959,E,5,178,2464.2,5182.0,1
42650558118,AA,0,0,0.0,0.0,0
58261480330,A,1,0,0.0,0.0,0
99334868845,C,3,6,1603.78,0.0,0
36583950110,AA,0,0,0.0,0.0,0
64979468752,C,3,0,0.0,0.0,0
14215019269,D,4,12,500.23,0.0,0
92567181514,AA,0,0,0.0,0.0,0
14135754321,C,3,3,1030.27,0.0,0
49765866544,C,3,39,109.28,0.0,0
65847962812,AA,0,0,0.0,0.0,0
17241995170,B,2,0,0.0,0.0,0
43110657671,A,1,0,0.0,0.0,0
73399211711,C,3,2,1126.01,0.0,0
78711089328,AA,0,0,0.0,0.0,0
84169595522,C,3,9,1908.17,0.0,0
61765126474,A,1,0,0.0,0.0,0
40786932950,C,3,2,1640.94,0.0,0
92912918747,A,1,0,0.0,0.0,0
83038522518,AA,0,0,0.0,0.0,0
71237195985,C,3,7,691.74,0.0,0
94315010838,E,5,66,5380.62,0.0,0
47079031226,C,3,12,370.47,0.0,0
77290118927,C,3,1,715.48,0.0,0
45371370061,C,3,7,1973.55,0.0,0
32573514957,G,7,42,4442.42,0.0,0
40017880596,A,1,0,0.0,0.0,0
65693797028,C,3,16,1139.38,0.0,0
90173327372,E,5,186,9366.0,0.0,0
69869074147,H,8,113,962.74,0.0,0
95693967184,E,5,197,5292.26,0.0,0
64015916846,AA,0,0,0.0,0.0,0
69587943594,A,1,0,0.0,0.0,0
77679766630,C,3,22,3039.44,0.0,0
57532598417,D,4,25,2087.68,0.0,0
46545024876,C,3,8,1165.22,0.0,0
28622444041,C,3,9,209.17,0.0,0
79772425322,D,4,21,271.05,0.0,0
88261334042,AA,0,0,0.0,0.0,0
54713067688,F,6,120,8130.79,0.0,0
28171472824,AA,0,0,0.0,0.0,0
43927942652,AA,0,0,0.0,0.0,0
87930461615,C,3,54,156.61,0.0,0
61692952848,C,3,45,2554.33,0.0,0
97433893715,AA,0,0,0.0,0.0,0
94257462776,A,1,0,0.0,0.0,0
25938094992,H,8,46,7525.5,0.0,0
97957764655,AA,0,0,0.0,0.0,0
92112656522,C,3,35,61.14,0.0,0
97598851476,B,2,0,0.0,0.0,0
13031528946,C,3,8,248.23,0.0,0
76145278424,C,3,0,0.0,0.0,0
96916171787,B,2,3,0.0,0.0,0
40322362638,C,3,30,653.45,0.0,0
63788974342,AA,0,0,0.0,0.0,0
79616812744,C,3,7,2768.98,0.0,0
52551596055,AA,0,0,0.0,0.0,0
37919342857,C,3,14,1557.41,0.0,0
87824996896,A,1,0,0.0,0.0,0
57622045167,AA,0,0,0.0,0.0,0
20730178215,A,1,0,0.0,0.0,0
82426299894,B,2,0,0.0,0.0,0
82346978243,C,3,22,1139.19,0.0,0
35827291246,AA,0,0,0.0,0.0,0
92048891784,G,7,250,8215.06,0.0,0
21162848717,H,8,154,1231.07,2300.4,1
14097861031,C,3,46,1120.33,0.0,0
70789415715,A,1,3,0.0,0.0,0
25867087156,AA,0,0,0.0,0.0,0
20283327069,D,4,29,1201.94,0.0,0
57234967426,AA,0,0,0.0,0.0,0
86019414926,AA,0,0,0.0,0.0,0
21440350573,C,3,1,276.09,0.0,0
83451388723,E,5,369,12067.04,13235.48,1
37086439866,D,4,19,523.74,0.0,0
50253639532,AA,0,0,0.0,0.0,0
46381712181,C,3,10,2086.16,0.0,0
64237115333,A,1,0,0.0,0.0,0
63242764979,AA,0,0,0.0,0.0,0
24173076987,G,7,195,3216.17,0.0,0
36235947692,A,1,3,0.0,0.0,0
89250289752,AA,0,0,0.0,0.0,0
44962689642,AA,0,0,0.0,0.0,0
90690712296,E,5,78,6216.79,7695.77,1
41780320051,D,4,11,3382.95,0.0,0
91944994742,B,2,0,0.0,0.0,0
44649324772,C,3,0,0.0,0.0,0
74356724224,A,1,0,0.0,0.0,0
93050056758,C,3,4,96.54,0.0,0
62860087920,A,1,0,0.0,0.0,0
32176522098,A,1,0,0.0,0.0,0
52853797274,C,3,26,3001.01,0.0,0
16263780668,G,7,101,15359.01,11399.75,1
73339821920,AA,0,0,0.0,0.0,0
53089532144,AA,0,0,0.0,0.0,0
49019663836,AA,0,3,0.0,0.0,0
97319427414,A,1,0,0.0,0.0,0
32564812078,G,7,102,1526.05,17751.92,1
19690941811,C,3,2,2135.87,0.0,0
44222727827,B,2,0,0.0,0.0,0
51849370841,C,3,52,577.22,0.0,0
33313657074,AA,0,0,0.0,0.0,0
62846564736,C,3,54,53.53,0.0,0
14726652171,A,1,0,0.0,0.0,0
55156891011,C,3,2,216.55,0.0,0
98918852168,G,7,60,5040.54,10723.1,1
78743324053,E,5,279,12204.54,8832.41,1
63015977043,B,2,0,0.0,0.0,0
78055688397,D,4,21,1002.16,0.0,0
68332838664,A,1,0,0.0,0.0,0
45198426932,AA,0,0,0.0,0.0,0
77796745132,AA,0,0,0.0,0.0,0
34544234935,B,2,0,0.0,0.0,0
90735810086,C,3,0,0.0,0.0,0
31853363853,B,2,0,0.0,0.0,0
44166681424,F,6,41,4778.2,0.0,0
19330914397,B,2,0,0.0,0.0,0
45131329678,C,3,0,0.0,0.0,0
76198026631,A,1,0,0.0,0.0,0
49066135263,A,1,0,0.0,0.0,0
82494172521,B,2,0,0.0,0.0,0
45682681676,AA,0,0,0.0,0.0,0
70565280611,D,4,8,264.06,0.0,0
92441428858,AA,0,0,0.0,0.0,0
78898865426,A,1,0,0.0,0.0,0
66981263186,B,2,0,0.0,0.0,0
66522315713,B,2,0,0.0,0.0,0
70217154718,A,1,0,0.0,0.0,0
82490248037,D,4,19,311.81,0.0,0
76681027754,AA,0,0,0.0,0.0,0
58136964069,C,3,7,1286.65,0.0,0
25615634570,AA,0,0,0.0,0.0,0
31279921275,AA,0,0,0.0,0.0,0
15062195560,AA,0,0,0.0,0.0,0
34245159296,E,5,87,2082.31,8764.72,1
78715653566,AA,0,0,0.0,0.0,0
95295382621,E,5,229,3974.46,5969.48,1
56090157275,AA,0,0,0.0,0.0,0
52460879330,C,3,28,116.55,0.0,0
98745050189,A,1,0,0.0,0.0,0
56196440116,C,3,13,3241.58,0.0,0
88711087316,C,3,21,156.15,0.0,0
14412946196,G,7,51,8890.41,0.0,0
63945783865,AA,0,0,0.0,0.0,0
22844341557,AA,0,0,0.0,0.0,0
12728270990,A,1,0,0.0,0.0,0
18789854238,D,4,4,798.7,0.0,0
89594552573,C,3,8,3243.36,0.0,0
99176558820,C,3,5,1187.99,0.0,0
75551938438,A,1,0,0.0,0.0,0
70751036654,B,2,0,0.0,0.0,0
29978892077,AA,0,0,0.0,0.0,0
53522030341,H,8,78,6542.72,0.0,0
28681585473,C,3,0,0.0,0.0,0
92382718359,E,5,158,12561.43,0.0,0
33310696315,B,2,0,0.0,0.0,0
31066375721,C,3,26,1644.6,0.0,0
84672277619,C,3,4,569.88,0.0,0
95412098522,A,1,0,0.0,0.0,0
35367775744,G,7,51,2198.04,0.0,0
97919733283,F,6,45,10424.83,11790.79,1
20089225194,G,7,268,4216.64,30585.76,1
59290692735,E,5,98,4307.79,3419.13,1
86690990678,B,2,0,0.0,0.0,0
93796339641,A,1,0,0.0,0.0,0
61911779710,G,7,65,5908.17,16433.52,1
76327494872,A,1,0,0.0,0.0,0
50312521348,E,5,121,2243.16,0.0,0
12244510423,C,3,18,1785.46,0.0,0
19835572854,C,3,31,615.97,0.0,0
55163321242,H,8,100,4166.55,0.0,0
88042771355,B,2,0,0.0,0.0,0
30020751110,B,2,0,0.0,0.0,0
24250055964,AA,0,0,0.0,0.0,0
21832092323,B,2,0,0.0,0.0,0
68821615541,B,2,0,0.0,0.0,0
84522498434,A,1,0,0.0,0.0,0
70250719239,C,3,16,1001.58,0.0,0
31861824016,E,5,149,1666.14,0.0,0
71080963368,A,1,0,0.0,0.0,0
49763262957,A,1,0,0.0,0.0,0
19212513846,F,6,184,14262.21,0.0,0
80154798171,A,1,0,0.0,0.0,0
58376750021,AA,0,0,0.0,0.0,0
63931513065,AA,0,0,0.0,0.0,0
59635528338,C,3,47,591.73,0.0,0
73090299222,A,1,0,0.0,0.0,0
47052868440,H,8,337,15569.21,0.0,0
57099075563,C,3,11,568.72,0.0,0
34465823557,C,3,14,15.22,0.0,0
82029140528,B,2,0,0.0,0.0,0
14246470288,C,3,5,1233.49,0.0,0
69980828056,C,3,3,292.37,0.0,0
90515636498,D,4,11,420.89,0.0,0
75484763868,D,4,6,1393.45,0.0,0
27210565025,C,3,27,976.07,0.0,0
86791889691,G,7,330,1181.9,1988.87,1
96735624015,D,4,18,1820.42,0.0,0
63120196591,D,4,46,23.98,0.0,0
73764860189,AA,0,0,0.0,0.0,0
56148775374,A,1,0,0.0,0.0,0
41129944629,AA,0,0,0.0,0.0,0
48999662064,C,3,17,256.56,0.0,0
13196486127,A,1,0,0.0,0.0,0
90429088614,A,1,0,0.0,0.0,0
41123954879,G,7,48,11411.55,6682.32,1
30849174437,G,7,117,3647.95,2481.24,1
56292719197,E,5,102,13396.98,5348.53,1
18917145489,B,2,0,0.0,0.0,0
68262866264,E,5,73,2592.33,5619.72,1
19841979880,B,2,0,0.0,0.0,0
66293411736,AA,0,3,0.0,0.0,0
30825917485,AA,0,0,0.0,0.0,0
78577517521,B,2,0,0.0,0.0,0
41431178176,AA,0,0,0.0,0.0,0
38636069556,D,4,4,1586.34,0.0,0
34778186865,A,1,0,0.0,0.0,0
23884826845,D,4,13,1829.85,0.0,0
73438641897,B,2,0,0.0,0.0,0
60749892411,AA,0,0,0.0,0.0,0
38492639695,C,3,0,0.0,0.0,0
14035023893,B,2,3,0.0,0.0,0
97481819890,C,3,47,828.43,0.0,0
23185513039,A,1,0,0.0,0.0,0
54455270429,A,1,0,0.0,0.0,0
55634496823,A,1,3,0.0,0.0,0
60321814327,B,2,0,0.0,0.0,0
30869254179,E,5,44,2780.04,0.0,0
37686079351,B,2,0,0.0,0.0,0
36546344754,D,4,1,347.44,0.0,0
28263239677,B,2,0,0.0,0.0,0
84084861061,F,6,187,10277.48,2670.42,1
21174512474,D,4,10,70.44,0.0,0
83935333344,C,3,8,2964.66,0.0,0
35820790773,C,3,11,2068.82,0.0,0
31569818978,F,6,60,2743.41,0.0,0
64534453587,A,1,0,0.0,0.0,0
89160999347,A,1,0,0.0,0.0,0
96428053926,AA,0,0,0.0,0.0,0
58033533524,C,3,60,86.31,0.0,0
45411380074,D,4,0,0.0,0.0,0
62545784846,AA,0,0,0.0,0.0,0
68747232641,B,2,0,0.0,0.0,0
61396450125,C,3,43,3787.14,0.0,0
95644536025,AA,0,0,0.0,0.0,0
20743562217,H,8,65,3359.3,5588.14,1
55092041589,AA,0,0,0.0,0.0,0
61883174140,AA,0,0,0.0,0.0,0
87833216470,C,3,40,654.59,0.0,0
79619370542,D,4,1,15.3,0.0,0
23955728252,AA,0,0,0.0,0.0,0
71721959614,C,3,2,53.48,0.0,0
41862994913,B,2,0,0.0,0.0,0
88715275963,AA,0,0,0.0,0.0,0
12733817644,A,1,0,0.0,0.0,0
51690432718,C,3,15,194.06,0.0,0
63710025297,A,1,0,0.0,0.0,0
76965317524,F,6,59,4049.93,0.0,0
82383019275,D,4,7,127.84,0.0,0
62671087766,H,8,164,2781.27,0.0,0
25351761967,AA,0,0,0.0,0.0,0
16435524277,H,8,74,5625.27,0.0,0
55065322928,A,1,3,0.0,0.0,0
40146043893,B,2,0,0.0,0.0,0
78834728546,A,1,0,0.0,0.0,0
93389297095,AA,0,0,0.0,0.0,0
95330384948,E,5,110,3189.1,2185.31,1
23978772169,C,3,35,292.53,3501.51,1
45575325310,A,1,0,0.0,0.0,0
23731451888,C,3,40,1102.89,0.0,0
66448074711,AA,0,0,0.0,0.0,0
50326897438,C,3,14,384.34,0.0,0
93099713950,B,2,0,0.0,0.0,0
22753466477,D,4,20,763.99,0.0,0
88034976749,E,5,156,8222.02,8977.58,1
71832824888,B,2,0,0.0,0.0,0
92938879285,AA,0,0,0.0,0.0,0
89729565020,B,2,0,0.0,0.0,0
71997956587,C,3,49,168.52,0.0,0
75466051796,A,1,0,0.0,0.0,0
58229631719,AA,0,0,0.0,0.0,0
69057990997,AA,0,0,0.0,0.0,0
39165643519,C,3,50,784.94,0.0,0
45397147723,C,3,24,1204.72,0.0,0
29662998863,G,7,62,2785.25,1525.12,1
36345071969,B,2,0,0.0,0.0,0
43724032820,AA,0,0,0.0,0.0,0
35868382066,C,3,18,103.5,0.0,0
32962466044,C,3,1,390.66,0.0,0
91245974792,A,1,0,0.0,0.0,0
78173117872,B,2,3,0.0,0.0,0
55459748468,AA,0,0,0.0,0.0,0
17692835328,F,6,45,1756.68,9550.34,1
15616254931,A,1,0,0.0,0.0,0
10765425235,G,7,133,5476.18,0.0,0
55987088878,D,4,5,327.12,0.0,0
75112634710,C,3,7,1364.42,0.0,0
27028166561,AA,0,0,0.0,0.0,0
72842988028,C,3,1,1434.77,0.0,0
96272719387,A,1,3,0.0,0.0,0
15713197358,AA,0,0,0.0,0.0,0
71396875355,C,3,0,0.0,0.0,0
96870328829,H,8,191,6824.52,7831.54,1
76455880036,C,3,26,878.23,0.0,0
34893685458,D,4,20,1404.95,0.0,0
62823028117,AA,0,0,0.0,0.0,0
66683652540,B,2,0,0.0,0.0,0
87542010414,A,1,0,0.0,0.0,0
13385010071,B,2,0,0.0,0.0,0
10990594517,G,7,243,1361.55,0.0,0
76419253370,C,3,0,0.0,0.0,0
64831213051,AA,0,0,0.0,0.0,0
25146044076,B,2,0,0.0,0.0,0
57928974580,B,2,0,0.0,0.0,0
15049851773,A,1,0,0.0,0.0,0
84917535291,E,5,91,7436.07,0.0,0
76480167794,E,5,322,5500.57,0.0,0
63412641638,C,3,54,1419.73,0.0,0
65839394881,AA,0,0,0.0,0.0,0
67263289067,B,2,0,0.0,0.0,0
79124514381,A,1,0,0.0,0.0,0
27944362084,B,2,0,0.0,0.0,0
14493929555,B,2,0,0.0,0.0,0
69940422985,B,2,0,0.0,0.0,0
30395044372,C,3,91,774.17,0.0,0
67141412425,A,1,0,0.0,0.0,0
54835399241,AA,0,3,0.0,0.0,0
53186492433,AA,0,0,0.0,0.0,0
33159821943,AA,0,0,0.0,0.0,0
78982670361,C,3,20,2360.2,0.0,0
69319567365,AA,0,3,0.0,0.0,0
60840113848,B,2,0,0.0,0.0,0
89577695772,AA,0,0,0.0,0.0,0
34899051054,F,6,47,30177.33,6080.03,1
99049897922,C,3,12,2046.72,0.0,0
18539892132,B,2,0,0.0,0.0,0
67471381178,B,2,0,0.0,0.0,0
77847516163,D,4,1,120.25,0.0,0
33243322912,G,7,118,4191.23,3276.65,1
93340049792,AA,0,0,0.0,0.0,0
84887410210,E,5,69,7651.32,24078.64,1
53567250622,F,6,170,1570.15,12758.7,1
67260752719,E,5,64,5076.71,0.0,0
83851688028,C,3,41,1428.73,0.0,0
82316180692,B,2,0,0.0,0.0,0
64250214120,A,1,0,0.0,0.0,0
33839594290,D,4,22,375.27,0.0,0
96546981248,B,2,0,0.0,0.0,0
58944294443,B,2,0,0.0,0.0,0
86282078724,AA,0,0,0.0,0.0,0
38614614712,E,5,68,14616.09,0.0,0
40027739045,E,5,49,1220.66,0.0,0
50982922661,AA,0,0,0.0,0.0,0
37936193861,C,3,5,537.23,0.0,0
12714468948,C,3,28,1348.98,286.92,1
56875081559,G,7,115,818.84,4434.1,1
60726190280,AA,0,0,0.0,0.0,0
34489022829,AA,0,0,0.0,0.0,0
77119779329,E,5,104,6315.62,0.0,0
43380831530,B,2,0,0.0,0.0,0
94393348283,G,7,140,2122.76,7129.42,1
24083465733,C,3,15,899.94,0.0,0
47513265297,C,3,35,269.44,0.0,0
61236428697,B,2,0,0.0,0.0,0
63765092131,C,3,15,214.29,0.0,0
45257983682,AA,0,0,0.0,0.0,0
56956345498,AA,0,0,0.0,0.0,0
71063672162,AA,0,0,0.0,0.0,0
36581950159,A,1,0,0.0,0.0,0
64041387177,G,7,157,2215.17,12599.41,1
17886674322,H,8,93,2003.67,0.0,0
27715215579,AA,0,0,0.0,0.0,0
42415490079,C,3,31,353.5,0.0,0
51768085167,A,1,0,0.0,0.0,0
90388095916,C,3,8,492.55,0.0,0
15674889364,C,3,33,1156.16,0.0,0
63496879535,F,6,47,1904.23,4710.2,1
72768653286,AA,0,0,0.0,0.0,0
66354980025,C,3,8,1207.63,0.0,0
96075970796,A,1,0,0.0,0.0,0
35117274359,H,8,112,11169.3,0.0,0
90972259519,AA,0,0,0.0,0.0,0
15530293371,B,2,0,0.0,0.0,0
23965191245,C,3,8,262.21,0.0,0
53392165015,C,3,51,558.31,0.0,0
42058862310,A,1,0,0.0,0.0,0
18326377757,G,7,93,18970.17,6153.65,1
87060878960,AA,0,0,0.0,0.0,0
27224784955,B,2,0,0.0,0.0,0
42723897565,B,2,0,0.0,0.0,0
99664115950,A,1,0,0.0,0.0,0
27911920939,C,3,26,352.9,0.0,0
40030336748,A,1,0,0.0,0.0,0
16531498984,AA,0,0,0.0,0.0,0
78736892927,AA,0,0,0.0,0.0,0
24625460039,A,1,0,0.0,0.0,0
74056054217,E,5,76,8106.29,2247.23,1
67476124787,F,6,195,3853.67,0.0,0
75394724648,A,1,0,0.0,0.0,0
99170439382,AA,0,0,0.0,0.0,0
40548912558,AA,0,0,0.0,0.0,0
19963146034,A,1,0,0.0,0.0,0
74772220336,C,3,43,1851.5,0.0,0
73912030292,C,3,29,243.0,0.0,0
78618917022,AA,0,0,0.0,0.0,0
85169946733,AA,0,0,0.0,0.0,0
83713880793,AA,0,0,0.0,0.0,0
30466892269,D,4,2,1607.66,0.0,0
92096825053,G,7,68,849.08,1679.98,1
17697952167,AA,0,0,0.0,0.0,0
98697626366,A,1,0,0.0,0.0,0
66726848884,E,5,50,856.33,0.0,0
61124343126,G,7,69,1342.94,3886.99,1
25829936832,B,2,0,0.0,0.0,0
36035873878,AA,0,0,0.0,0.0,0
90939738089,A,1,0,0.0,0.0,0
17476371697,B,2,0,0.0,0.0,0
22553752269,A,1,0,0.0,0.0,0
48014554455,A,1,0,0.0,0.0,0
43756467621,C,3,2,2140.05,0.0,0
18687545221,AA,0,0,0.0,0.0,0
69232145886,E,5,93,6003.25,2710.75,1
54350422418,A,1,0,0.0,0.0,0
61073089580,AA,0,0,0.0,0.0,0
30959760851,B,2,0,0.0,0.0,0
90040193132,AA,0,0,0.0,0.0,0
53667692248,H,8,65,3163.05,7825.12,1
29173382228,C,3,3,1347.98,0.0,0
10310651284,A,1,0,0.0,0.0,0
70435287554,D,4,14,254.67,0.0,0
55636067483,B,2,0,0.0,0.0,0
27069924484,E,5,91,2217.6,0.0,0
64595587553,A,1,0,0.0,0.0,0
58650722917,C,3,71,694.9,0.0,0
89821039944,AA,0,0,0.0,0.0,0
66986710385,B,2,0,0.0,0.0,0
21845817931,E,5,153,1699.95,0.0,0
30859828524,D,4,16,394.65,0.0,0
75938634178,A,1,0,0.0,0.0,0
83328179855,B,2,3,0.0,0.0,0
49797723177,C,3,4,722.19,0.0,0
67836298348,F,6,43,3982.31,4851.71,1
83894439160,AA,0,0,0.0,0.0,0
39121083141,C,3,9,1282.42,0.0,0
84730551944,B,2,0,0.0,0.0,0
73445722756,F,6,108,8447.8,0.0,0
41561148921,AA,0,0,0.0,0.0,0
21528946258,B,2,0,0.0,0.0,0
11168372091,C,3,8,353.04,0.0,0
47075794179,A,1,0,0.0,0.0,0
87220818698,C,3,8,1652.99,0.0,0
87491098854,B,2,0,0.0,0.0,0
80889848128,B,2,0,0.0,0.0,0
72658365544,AA,0,0,0.0,0.0,0
78234822782,C,3,19,1570.72,0.0,0
99182724570,AA,0,0,0.0,0.0,0
78394028065,C,3,13,1075.27,0.0,0
20190177213,D,4,59,843.56,0.0,0
82350640545,E,5,52,6864.95,0.0,0
82978239452,AA,0,0,0.0,0.0,0
13133921497,AA,0,0,0.0,0.0,0
62445211142,A,1,3,0.0,0.0,0
73624111257,B,2,0,0.0,0.0,0
16041877613,B,2,0,0.0,0.0,0
80733128471,C,3,2,129.46,0.0,0
37113893091,AA,0,0,0.0,0.0,0
88378657832,AA,0,0,0.0,0.0,0
73147747567,AA,0,0,0.0,0.0,0
80541226584,C,3,70,84.02,0.0,0
61691430757,A,1,0,0.0,0.0,0
65227813630,C,3,2,241.24,0.0,0
49130523621,B,2,3,0.0,0.0,0
63688827335,F,6,50,8815.03,2008.77,1
35321793534,E,5,210,12692.78,0.0,0
52325916138,AA,0,0,0.0,0.0,0
19711827779,AA,0,0,0.0,0.0,0
75970844143,AA,0,0,0.0,0.0,0
95073184450,A,1,0,0.0,0.0,0
39216780873,C,3,32,185.03,0.0,0
43170815068,C,3,49,1287.87,0.0,0
73827198754,C,3,7,627.77,2291.93,1
27962864622,E,5,85,9961.09,0.0,0
14510392874,B,2,0,0.0,0.0,0
58514289498,AA,0,0,0.0,0.0,0
54989040695,D,4,5,1913.63,0.0,0
43728391963,AA,0,0,0.0,0.0,0
24332342210,C,3,12,281.84,0.0,0
70959297169,AA,0,0,0.0,0.0,0
59339964718,AA,0,0,0.0,0.0,0
23464240977,H,8,115,11653.18,13314.05,1
42581471586,AA,0,0,0.0,0.0,0
42866248127,H,8,158,3974.1,0.0,0
12557082660,H,8,156,7866.19,0.0,0
28948823756,C,3,45,3.22,0.0,0
13982293924,C,3,17,1655.09,0.0,0
50293596646,C,3,38,1311.26,0.0,0
30389894773,F,6,198,2390.92,2031.78,1
58744028293,A,1,0,0.0,0.0,0
92722127731,C,3,13,281.49,0.0,0
39942474717,C,3,10,715.53,0.0,0
64412970391,A,1,0,0.0,0.0,0
60622198319,A,1,0,0.0,0.0,0
26736878264,AA,0,0,0.0,0.0,0
58753418628,C,3,27,651.06,0.0,0
15312292950,F,6,42,3037.25,0.0,0
94735483913,AA,0,0,0.0,0.0,0
11151011325,E,5,56,11978.09,18461.45,1
19298949562,C,3,2,162.26,0.0,0
37010089517,D,4,4,825.73,0.0,0
45198770085,C,3,5,1006.99,0.0,0
79923380218,C,3,5,814.75,0.0,0
40757292193,A,1,0,0.0,0.0,0
17892122745,E,5,513,5459.34,6816.93,1
50996878020,A,1,0,0.0,0.0,0
16251013830,F,6,71,2759.11,0.0,0
72823891340,H,8,76,1112.92,14300.37,1
68691872017,AA,0,0,0.0,0.0,0
18257931752,A,1,0,0.0,0.0,0
98464565825,D,4,6,319.78,0.0,0
83626287796,B,2,0,0.0,0.0,0
92222440313,E,5,205,1271.3,14892.63,1
88615956651,AA,0,0,0.0,0.0,0
58988113257,AA,0,3,0.0,0.0,0
66579152091,H,8,94,2731.49,0.0,0
23594125844,B,2,0,0.0,0.0,0
53882825212,F,6,61,2111.73,0.0,0
88296312067,A,1,0,0.0,0.0,0
77888139155,C,3,23,509.29,0.0,0
33274976319,C,3,23,227.96,0.0,0
19497059467,B,2,0,0.0,0.0,0
76793585357,E,5,86,10585.01,10762.49,1
63033149979,B,2,0,0.0,0.0,0
53442954225,AA,0,0,0.0,0.0,0
86981171648,B,2,0,0.0,0.0,0
93632110712,E,5,172,2059.5,0.0,0
94489453485,B,2,0,0.0,0.0,0
54491890715,E,5,118,1472.8,0.0,0
71414824255,A,1,0,0.0,0.0,0
47868320361,C,3,30,1318.98,0.0,0
77113026564,C,3,24,1003.93,0.0,0
99853183822,A,1,0,0.0,0.0,0
60622779751,A,1,0,0.0,0.0,0
26834949835,AA,0,0,0.0,0.0,0
75186382828,C,3,0,0.0,0.0,0
55619852845,G,7,63,6501.18,0.0,0
13129423269,AA,0,0,0.0,0.0,0
85518178160,E,5,222,1499.1,2650.52,1
56231655431,AA,0,0,0.0,0.0,0
31513463336,C,3,30,496.75,0.0,0
48592881435,E,5,152,6698.86,2435.13,1
49031071292,A,1,0,0.0,0.0,0
81333893290,B,2,0,0.0,0.0,0
42939176026,AA,0,0,0.0,0.0,0
78180634259,AA,0,0,0.0,0.0,0
88996135259,A,1,0,0.0,0.0,0
13568035874,AA,0,0,0.0,0.0,0
69259640961,B,2,0,0.0,0.0,0
12113250410,B,2,0,0.0,0.0,0
23178023337,C,3,4,847.86,0.0,0
55997657021,A,1,0,0.0,0.0,0
20527528554,A,1,0,0.0,0.0,0
38824898667,B,2,0,0.0,0.0,0
70214945110,H,8,62,2789.12,7793.02,1
64329419610,AA,0,0,0.0,0.0,0
63524619553,E,5,55,3080.91,1920.26,1
48930811143,B,2,0,0.0,0.0,0
20229116529,C,3,25,242.05,264.85,1
79553065064,C,3,30,1399.79,0.0,0
15640667512,AA,0,0,0.0,0.0,0
18930391712,AA,0,0,0.0,0.0,0
30057336082,C,3,7,427.39,0.0,0
59345363766,AA,0,0,0.0,0.0,0
35492154574,E,5,75,1595.39,14582.3,1
16799097162,A,1,0,0.0,0.0,0
63269574336,AA,0,0,0.0,0.0,0
44442652896,E,5,301,2301.92,2481.39,1
12822079630,AA,0,0,0.0,0.0,0
58069338287,C,3,60,2033.64,0.0,0
65151484517,C,3,59,3651.71,0.0,0
73626296984,E,5,91,7241.17,17745.59,1
85520621596,D,4,12,395.21,0.0,0
80851375523,C,3,24,2427.78,0.0,0
55472819611,C,3,18,129.7,0.0,0
27310465654,G,7,91,2879.27,7246.88,1
84292775451,A,1,3,0.0,0.0,0
48557176894,A,1,0,0.0,0.0,0
25250543871,AA,0,0,0.0,0.0,0
99175228947,A,1,0,0.0,0.0,0
48328438842,C,3,15,2565.43,0.0,0
41149597796,B,2,0,0.0,0.0,0
35015942033,B,2,3,0.0,0.0,0
16854013454,AA,0,0,0.0,0.0,0
55275225964,C,3,5,23.72,52.03,1
97363869912,B,2,0,0.0,0.0,0
74041847954,C,3,35,1135.59,0.0,0
18580865494,C,3,20,216.83,0.0,0
22211181424,B,2,0,0.0,0.0,0
22439341744,AA,0,0,0.0,0.0,0
33920837173,A,1,0,0.0,0.0,0
75432316367,E,5,89,4863.88,0.0,0
35069196449,F,6,196,1479.25,5234.87,1
41250377641,C,3,13,294.3,0.0,0
68549999529,AA,0,0,0.0,0.0,0
15519039869,AA,0,0,0.0,0.0,0
66115818322,C,3,2,176.21,0.0,0
50220790536,C,3,66,55.6,0.0,0
61046139114,A,1,0,0.0,0.0,0
66298112668,AA,0,0,0.0,0.0,0
40955193817,C,3,29,339.4,0.0,0
11438484282,A,1,0,0.0,0.0,0
29261826119,A,1,0,0.0,0.0,0
99071691579,AA,0,0,0.0,0.0,0
30397190887,B,2,0,0.0,0.0,0
49487982251,F,6,140,3487.86,8667.27,1
31915282238,G,7,118,10849.8,14592.66,1
65619812269,C,3,7,1775.0,0.0,0
17960184069,C,3,68,55.17,0.0,0
12067026710,AA,0,0,0.0,0.0,0
97785532834,C,3,10,2166.5,0.0,0
11538812176,A,1,0,0.0,0.0,0
29455865461,C,3,10,190.92,0.0,0
16246363647,A,1,0,0.0,0.0,0
79275583579,AA,0,0,0.0,0.0,0
56949353823,AA,0,0,0.0,0.0,0
60859445893,AA,0,0,0.0,0.0,0
93693845963,A,1,0,0.0,0.0,0
92356141224,AA,0,0,0.0,0.0,0
48131111530,H,8,97,1528.06,12275.19,1
94216776475,C,3,26,733.16,0.0,0
42183070656,B,2,0,0.0,0.0,0
29921142714,F,6,157,3715.3,0.0,0
46280852357,G,7,101,5012.02,16076.67,1
77742637334,C,3,12,1200.32,0.0,0
67818850458,E,5,64,1549.54,0.0,0
52569140773,B,2,0,0.0,0.0,0
95321422485,A,1,0,0.0,0.0,0
72952914272,AA,0,0,0.0,0.0,0
48476581334,C,3,18,2147.08,0.0,0
18871874391,E,5,41,1390.63,0.0,0
15939868316,A,1,0,0.0,0.0,0
48952776011,A,1,0,0.0,0.0,0
49664381638,B,2,0,0.0,0.0,0
23272995791,A,1,0,0.0,0.0,0
62849854388,C,3,6,1136.32,0.0,0
85081259342,D,4,4,1368.77,0.0,0
99036527410,E,5,122,2837.57,0.0,0
65198468431,E,5,57,3671.46,0.0,0
12539064419,G,7,113,1321.32,2570.35,1
80052173428,C,3,0,0.0,0.0,0
29595023421,D,4,46,338.63,0.0,0
70251589466,B,2,0,0.0,0.0,0
69640943816,B,2,3,0.0,0.0,0
43381213659,A,1,0,0.0,0.0,0
48048815357,A,1,0,0.0,0.0,0
36479133439,B,2,0,0.0,0.0,0
43328735861,C,3,1,440.5,0.0,0
25176777864,F,6,65,4600.61,0.0,0
94230818190,A,1,0,0.0,0.0,0
76446036994,AA,0,3,0.0,0.0,0
36678638213,H,8,268,9335.77,13573.14,1
71638952380,A,1,0,0.0,0.0,0
37360763091,C,3,19,848.08,0.0,0
24268623944,C,3,47,2069.48,0.0,0
64785634121,B,2,0,0.0,0.0,0
24331927153,AA,0,0,0.0,0.0,0
54251311589,AA,0,0,0.0,0.0,0
72469510855,A,1,3,0.0,0.0,0
83437352795,C,3,50,319.78,0.0,0
90693373367,C,3,33,988.44,0.0,0
42295994283,A,1,0,0.0,0.0,0
18370666254,B,2,0,0.0,0.0,0
53185573031,C,3,24,1026.85,0.0,0
18111130664,AA,0,0,0.0,0.0,0
45314470372,B,2,0,0.0,0.0,0
29178388226,E,5,271,4073.71,2349.68,1
68641651298,B,2,0,0.0,0.0,0
10365331333,AA,0,0,0.0,0.0,0
11814070292,B,2,0,0.0,0.0,0
59446024075,G,7,50,9939.87,3909.07,1
95816355521,C,3,15,1513.11,0.0,0
64051231339,C,3,19,1459.79,0.0,0
68480899322,C,3,13,4313.11,0.0,0
97822964413,A,1,0,0.0,0.0,0
53968554011,B,2,0,0.0,0.0,0
22480287925,C,3,1,234.17,0.0,0
15932653982,B,2,0,0.0,0.0,0
23083127925,C,3,23,1586.52,0.0,0
58782255855,C,3,15,561.6,0.0,0
38610053839,B,2,3,0.0,0.0,0
62716718749,G,7,464,3874.37,1847.32,1
69811671035,AA,0,0,0.0,0.0,0
90256249836,AA,0,0,0.0,0.0,0
42734475481,A,1,0,0.0,0.0,0
35954838017,D,4,7,1131.98,0.0,0
53250012779,D,4,9,1908.07,0.0,0
99197461764,B,2,0,0.0,0.0,0
99616627982,B,2,0,0.0,0.0,0
13969575583,B,2,0,0.0,0.0,0
17798611450,D,4,2,416.99,0.0,0
95762192721,C,3,22,1195.66,0.0,0
39286736934,B,2,0,0.0,0.0,0
83353625768,E,5,208,6254.52,17065.32,1
96632271327,AA,0,0,0.0,0.0,0
48193855014,AA,0,0,0.0,0.0,0
18888330693,B,2,0,0.0,0.0,0
14079918544,H,8,310,5543.74,1754.91,1
38236751633,AA,0,0,0.0,0.0,0
25347145322,AA,0,0,0.0,0.0,0
57537581159,A,1,0,0.0,0.0,0
21781977339,C,3,20,1737.84,0.0,0
58275578718,AA,0,0,0.0,0.0,0
79377050243,C,3,24,913.26,0.0,0
67381969925,H,8,250,5018.51,6421.97,1
43413027965,B,2,0,0.0,0.0,0
81091149875,A,1,0,0.0,0.0,0
73884272795,AA,0,0,0.0,0.0,0
89192835321,AA,0,0,0.0,0.0,0
21572675343,F,6,143,18304.85,0.0,0
33737593087,AA,0,0,0.0,0.0,0
43713416290,B,2,0,0.0,0.0,0
78727282695,C,3,21,369.91,0.0,0
13064038015,C,3,6,1342.96,0.0,0
64824438667,C,3,13,812.44,0.0,0
50422936231,AA,0,0,0.0,0.0,0
10359840094,C,3,22,1849.6,0.0,0
19881219119,G,7,81,1484.98,0.0,0
46982676366,B,2,0,0.0,0.0,0
59574343657,H,8,74,4786.37,0.0,0
31515748475,A,1,0,0.0,0.0,0
90765928015,C,3,10,483.74,0.0,0
85816113530,B,2,0,0.0,0.0,0
76466555536,C,3,34,2430.63,0.0,0
17774320917,B,2,0,0.0,0.0,0
56631873746,AA,0,0,0.0,0.0,0
74278889592,A,1,0,0.0,0.0,0
71357472996,B,2,0,0.0,0.0,0
95041224050,A,1,0,0.0,0.0,0
21372193938,D,4,23,170.78,0.0,0
40566191479,B,2,0,0.0,0.0,0
15524412865,A,1,0,0.0,0.0,0
33115198511,C,3,4,412.34,0.0,0
38828684848,B,2,0,0.0,0.0,0
66664689885,G,7,164,2802.88,0.0,0
25812584758,C,3,18,296.28,0.0,0
41534091769,AA,0,0,0.0,0.0,0
48675998456,E,5,258,1426.76,4737.27,1
10133067486,C,3,6,755.48,0.0,0
54640616951,AA,0,0,0.0,0.0,0
36389317347,C,3,46,20.27,0.0,0
28397516475,G,7,125,1728.7,7153.57,1
27054764674,B,2,0,0.0,0.0,0
29548618764,B,2,0,0.0,0.0,0
86743625268,A,1,0,0.0,0.0,0
56765097563,AA,0,0,0.0,0.0,0
40664129836,A,1,0,0.0,0.0,0
23276585765,B,2,0,0.0,0.0,0
50699859788,AA,0,0,0.0,0.0,0
65534470089,G,7,86,5629.69,0.0,0
60619512578,E,5,117,2174.98,0.0,0
62117445266,B,2,0,0.0,0.0,0
43552710138,C,3,6,166.01,0.0,0
71999769784,A,1,0,0.0,0.0,0
51896397873,C,3,0,0.0,0.0,0
23291830317,C,3,33,1874.74,0.0,0
22474232331,D,4,9,1403.88,0.0,0
41838331754,E,5,47,5895.38,2998.99,1
81412620616,A,1,0,0.0,0.0,0
84146294056,E,5,76,3697.39,2105.25,1
40322296552,AA,0,0,0.0,0.0,0
12593743146,F,6,148,13134.74,7591.69,1
73214939910,H,8,96,2321.04,3376.54,1
39042339559,AA,0,0,0.0,0.0,0
81167762381,E,5,49,2729.41,6918.6,1
35026854340,AA,0,0,0.0,0.0,0
69683438729,A,1,0,0.0,0.0,0
85018227482,C,3,30,538.65,0.0,0
95175772386,C,3,17,182.48,0.0,0
28789759438,G,7,88,5984.49,0.0,0
27991825778,C,3,5,391.58,0.0,0
67978967040,C,3,0,0.0,0.0,0
78177285274,D,4,72,1020.1,0.0,0
11849842177,H,8,78,3369.52,0.0,0
87044297169,A,1,0,0.0,0.0,0
27066493732,H,8,131,5516.84,10707.95,1
33253237056,AA,0,0,0.0,0.0,0
21330810875,D,4,6,926.25,0.0,0
91753620451,B,2,0,0.0,0.0,0
96385915710,AA,0,0,0.0,0.0,0
70595986491,A,1,3,0.0,0.0,0
85986852457,C,3,20,3344.48,0.0,0
56696690081,B,2,0,0.0,0.0,0
95896826917,A,1,0,0.0,0.0,0
85979720792,C,3,46,215.57,0.0,0
25715958319,F,6,142,1565.58,0.0,0
62735895395,B,2,0,0.0,0.0,0
18476667781,AA,0,0,0.0,0.0,0
52625065047,B,2,0,0.0,0.0,0
46051975366,AA,0,0,0.0,0.0,0
27466275839,E,5,107,2326.95,10915.61,1
88317567569,D,4,0,0.0,0.0,0
82714152170,C,3,6,78.59,0.0,0
32366188649,B,2,0,0.0,0.0,0
65867393655,D,4,0,0.0,0.0,0
41814648560,B,2,0,0.0,0.0,0
32373983011,E,5,77,7020.64,0.0,0
90426454031,B,2,0,0.0,0.0,0
96516331890,E,5,261,3010.31,0.0,0
69868588270,C,3,43,272.86,0.0,0
40554454549,AA,0,3,0.0,0.0,0
77546277825,H,8,183,5911.67,3881.31,1
41121890241,C,3,11,85.99,0.0,0
15191431572,C,3,3,577.36,0.0,0
84495025943,B,2,0,0.0,0.0,0
53543736684,B,2,0,0.0,0.0,0
94948486833,B,2,0,0.0,0.0,0
14056955490,B,2,0,0.0,0.0,0
40475180476,AA,0,0,0.0,0.0,0
21096182668,C,3,39,1570.38,0.0,0
68311623369,D,4,24,797.38,0.0,0
41175163284,C,3,46,409.86,0.0,0
29399475973,AA,0,0,0.0,0.0,0
72337519445,C,3,79,1367.15,0.0,0
41763528558,AA,0,3,0.0,0.0,0
30832528020,C,3,2,272.29,0.0,0
48927669856,A,1,0,0.0,0.0,0
91214826718,B,2,0,0.0,0.0,0
87553227935,AA,0,0,0.0,0.0,0
85549570873,B,2,0,0.0,0.0,0
81047494735,AA,0,0,0.0,0.0,0
18847564659,AA,0,0,0.0,0.0,0
33395924392,B,2,0,0.0,0.0,0
77987370276,C,3,0,0.0,0.0,0
75689950744,B,2,0,0.0,0.0,0
19566499124,E,5,40,13107.15,1641.91,1
50869650664,AA,0,0,0.0,0.0,0
10636095080,B,2,0,0.0,0.0,0
67910599119,AA,0,0,0.0,0.0,0
91760798023,AA,0,0,0.0,0.0,0
62472397380,B,2,0,0.0,0.0,0
50483649415,C,3,30,172.89,0.0,0
51968666643,E,5,100,7507.53,0.0,0
57781293855,C,3,34,530.98,0.0,0
90466019294,H,8,329,30980.31,9540.18,1
88325321660,A,1,0,0.0,0.0,0
60468645172,A,1,0,0.0,0.0,0
15977675986,A,1,0,0.0,0.0,0
51779996467,AA,0,0,0.0,0.0,0
78229566581,C,3,15,365.63,0.0,0
21354387875,B,2,0,0.0,0.0,0
12110314198,AA,0,0,0.0,0.0,0
66365535324,G,7,53,7727.04,0.0,0
68796451579,E,5,70,1813.46,1718.62,1
20635658529,A,1,0,0.0,0.0,0
84721342446,AA,0,0,0.0,0.0,0
45927810187,A,1,0,0.0,0.0,0
50066182126,AA,0,0,0.0,0.0,0
71551415540,AA,0,0,0.0,0.0,0
90388641641,C,3,1,1220.56,573.6,1
43644333613,A,1,0,0.0,0.0,0
42459998456,B,2,0,0.0,0.0,0
61073459950,H,8,361,6349.38,0.0,0
48470152576,C,3,5,1125.94,0.0,0
63436882570,F,6,158,6610.31,1895.66,1
42751327385,AA,0,0,0.0,0.0,0
18539811439,B,2,0,0.0,0.0,0
54321273834,C,3,15,86.03,0.0,0
92061316493,AA,0,0,0.0,0.0,0
27125349192,A,1,0,0.0,0.0,0
25843471761,C,3,12,1954.68,0.0,0
86966147719,C,3,22,1519.93,53.18,1
33914579794,AA,0,0,0.0,0.0,0
31233436860,C,3,0,0.0,0.0,0
43518228571,B,2,0,0.0,0.0,0
37887177017,AA,0,0,0.0,0.0,0
84592131420,AA,0,0,0.0,0.0,0
83114418654,A,1,3,0.0,0.0,0
22434465473,AA,0,0,0.0,0.0,0
53058392857,H,8,73,1922.39,2915.24,1
17485261943,B,2,0,0.0,0.0,0
10760415190,E,5,199,9060.51,0.0,0
56961941774,AA,0,0,0.0,0.0,0
75316844657,A,1,0,0.0,0.0,0
18675193139,AA,0,0,0.0,0.0,0
23599258775,A,1,3,0.0,0.0,0
29681682044,AA,0,0,0.0,0.0,0
17820572376,D,4,7,329.82,0.0,0
74948575472,C,3,3,467.27,0.0,0
23437528717,B,2,0,0.0,0.0,0
46618915717,C,3,62,498.51,0.0,0
89720895163,G,7,300,6042.37,0.0,0
79383435538,AA,0,3,0.0,0.0,0
79283313013,A,1,0,0.0,0.0,0
51239919331,A,1,0,0.0,0.0,0
60273719521,E,5,94,1893.13,1585.17,1
64110429379,G,7,152,892.93,2278.68,1
71871851883,A,1,0,0.0,0.0,0
43514756960,F,6,304,1657.83,29014.87,1
68958775557,C,3,15,1561.89,0.0,0
22848062729,AA,0,0,0.0,0.0,0
51548515868,A,1,0,0.0,0.0,0
56936029348,B,2,0,0.0,0.0,0
14326896371,H,8,42,3050.8,0.0,0
17489315088,AA,0,0,0.0,0.0,0
49585782956,D,4,15,173.81,0.0,0
40443046895,AA,0,0,0.0,0.0,0
57537795263,D,4,1,370.96,0.0,0
94192039334,B,2,0,0.0,0.0,0
35220285144,C,3,11,558.19,0.0,0
68426554513,D,4,2,579.76,0.0,0
94651281342,E,5,90,1270.32,0.0,0
23485669213,F,6,78,12419.54,2171.04,1
55729246193,AA,0,0,0.0,0.0,0
55487664337,C,3,12,373.09,0.0,0
31916110113,A,1,3,0.0,0.0,0
35269242517,A,1,0,0.0,0.0,0
23973899037,C,3,32,128.33,0.0,0
74427046821,A,1,0,0.0,0.0,0
93690013034,C,3,12,1690.43,0.0,0
49025630230,H,8,62,6884.14,0.0,0
15563487396,A,1,0,0.0,0.0,0
17373548871,C,3,18,811.84,0.0,0
69395294685,A,1,0,0.0,0.0,0
65135273780,A,1,0,0.0,0.0,0
57573674627,AA,0,0,0.0,0.0,0
91582357387,F,6,67,814.33,15391.97,1
43417960432,E,5,45,15088.35,4907.45,1
96556788619,F,6,69,31604.8,13524.32,1
27790120360,G,7,68,4271.87,0.0,0
93940654854,AA,0,0,0.0,0.0,0
72478173591,A,1,0,0.0,0.0,0
92673066032,B,2,0,0.0,0.0,0
61040226934,C,3,13,218.64,0.0,0
68068639815,A,1,0,0.0,0.0,0
59424112523,A,1,0,0.0,0.0,0
47941146238,C,3,12,874.69,0.0,0
30930522766,C,3,9,196.84,0.0,0
34593895914,A,1,0,0.0,0.0,0
14820367258,C,3,5,711.11,0.0,0
40419716877,C,3,12,39.2,0.0,0
24422816019,C,3,44,934.7,0.0,0
73680053342,B,2,0,0.0,0.0,0
52570231565,D,4,6,226.4,0.0,0
72846219192,AA,0,0,0.0,0.0,0
28129354210,A,1,0,0.0,0.0,0
27289235880,C,3,5,481.42,0.0,0
18869072766,C,3,3,770.43,0.0,0
67922910543,A,1,0,0.0,0.0,0
95222447468,D,4,0,0.0,0.0,0
12153597223,C,3,15,286.11,0.0,0
59693880824,C,3,9,2230.42,0.0,0
15185181744,C,3,85,1483.02,0.0,0
92898047679,B,2,0,0.0,0.0,0
40229940131,C,3,43,2229.66,0.0,0
81318238723,A,1,0,0.0,0.0,0
12337360236,A,1,0,0.0,0.0,0
88548142338,A,1,0,0.0,0.0,0
77023018076,C,3,10,1920.66,0.0,0
93860831812,C,3,14,25.08,0.0,0
56088522595,A,1,0,0.0,0.0,0
27275113859,AA,0,0,0.0,0.0,0
80179488655,B,2,0,0.0,0.0,0
19372966490,B,2,0,0.0,0.0,0
31984416714,C,3,11,297.19,0.0,0
77474649929,AA,0,0,0.0,0.0,0
23119581212,B,2,0,0.0,0.0,0
80072847059,G,7,280,3282.33,6917.31,1
66553947211,A,1,0,0.0,0.0,0
31929662554,C,3,20,1785.51,0.0,0
81391158556,A,1,0,0.0,0.0,0
95935635171,B,2,0,0.0,0.0,0
74245838039,B,2,0,0.0,0.0,0
47571166939,AA,0,0,0.0,0.0,0
88232278298,B,2,0,0.0,0.0,0
73689033773,F,6,83,5339.49,9899.78,1
28666150525,A,1,0,0.0,0.0,0
34743676626,AA,0,0,0.0,0.0,0
69295122945,E,5,43,8975.62,0.0,0
37844757354,C,3,23,633.57,0.0,0
66243143650,E,5,158,15607.8,0.0,0
57549459220,C,3,16,253.12,0.0,0
50951250932,D,4,92,508.67,1858.38,1
47181360870,AA,0,0,0.0,0.0,0
33113273464,C,3,18,51.38,0.0,0
80783910795,G,7,74,15644.68,0.0,0
88844922069,C,3,3,698.04,0.0,0
96175578575,B,2,0,0.0,0.0,0
12290129173,A,1,0,0.0,0.0,0
51174451818,AA,0,0,0.0,0.0,0
85764984992,A,1,0,0.0,0.0,0
78041536271,AA,0,0,0.0,0.0,0
21663717748,C,3,6,2032.26,0.0,0
25768561347,B,2,0,0.0,0.0,0
93638388238,A,1,0,0.0,0.0,0
14360333544,B,2,0,0.0,0.0,0
98768479262,AA,0,0,0.0,0.0,0
10688069570,AA,0,0,0.0,0.0,0
57597883350,AA,0,0,0.0,0.0,0
31860532150,C,3,35,1037.05,0.0,0
25138548433,B,2,0,0.0,0.0,0
88786774790,AA,0,0,0.0,0.0,0
19480796542,A,1,0,0.0,0.0,0
83221515992,C,3,20,356.06,0.0,0
43395648431,A,1,0,0.0,0.0,0
84971078925,B,2,0,0.0,0.0,0
54133664685,C,3,31,723.22,0.0,0
45547040163,C,3,31,449.13,0.0,0
17074317580,G,7,302,15569.99,4056.03,1
27394693726,AA,0,0,0.0,0.0,0
56433535916,A,1,0,0.0,0.0,0
96742677745,E,5,94,8468.63,0.0,0
46153912237,C,3,38,1052.71,0.0,0
64482565031,C,3,19,2.34,0.0,0
28855195568,C,3,37,692.24,0.0,0
60330734170,B,2,0,0.0,0.0,0
75281832465,E,5,225,1130.98,3315.4,1
82697391778,G,7,252,8999.8,18051.06,1
26658126878,C,3,21,2662.57,0.0,0
67080027764,AA,0,3,0.0,0.0,0
48788330236,G,7,215,1021.72,6087.31,1
73058069822,AA,0,0,0.0,0.0,0
73393657964,A,1,0,0.0,0.0,0
58781330688,G,7,123,7177.01,2108.82,1
92731452867,A,1,0,0.0,0.0,0
41926174386,AA,0,0,0.0,0.0,0
57642816821,AA,0,0,0.0,0.0,0
83779187593,F,6,65,3696.14,14114.14,1
88357124781,C,3,6,85.26,0.0,0
38488631646,C,3,24,176.33,0.0,0
67822675861,B,2,0,0.0,0.0,0
67445349064,E,5,63,5848.22,0.0,0
10861931081,C,3,14,1065.14,0.0,0
14637942138,B,2,0,0.0,0.0,0
49514872378,A,1,0,0.0,0.0,0
42017620217,A,1,0,0.0,0.0,0
73492188637,H,8,85,17187.07,0.0,0
62178891783,C,3,50,590.94,0.0,0
62910967718,F,6,77,3850.1,2708.47,1
73885164916,AA,0,0,0.0,0.0,0
87076549049,E,5,79,2758.7,1586.63,1
70045671055,C,3,168,865.21,0.0,0
89483821780,D,4,1,2417.98,0.0,0
77775982662,H,8,248,6971.39,0.0,0
53795324878,AA,0,3,0.0,0.0,0
26753653063,A,1,0,0.0,0.0,0
13280459689,C,3,26,553.46,0.0,0
31016876263,C,3,12,69.77,0.0,0
87091737312,C,3,13,473.07,0.0,0
46121435823,A,1,0,0.0,0.0,0
23589996128,C,3,45,284.08,0.0,0
87394065965,B,2,0,0.0,0.0,0
42541627540,B,2,0,0.0,0.0,0
26931265164,C,3,23,1782.62,0.0,0
43484637652,D,4,2,1424.36,0.0,0
56141326585,A,1,0,0.0,0.0,0
73662680046,B,2,0,0.0,0.0,0
87819398844,B,2,0,0.0,0.0,0
78114115137,B,2,0,0.0,0.0,0
33249330211,D,4,21,304.13,0.0,0
48559318072,F,6,527,23270.94,0.0,0
58772456047,AA,0,0,0.0,0.0,0
42128415136,C,3,1,2.15,0.0,0
85672592048,F,6,100,2268.29,2199.37,1
52032412877,F,6,72,5046.92,4663.83,1
46757752190,AA,0,0,0.0,0.0,0
22053160422,H,8,92,9405.15,15836.22,1
82328483914,B,2,0,0.0,0.0,0
89457036644,B,2,0,0.0,0.0,0
56546340876,A,1,0,0.0,0.0,0
38697449815,C,3,13,662.88,0.0,0
32095899832,AA,0,0,0.0,0.0,0
95712673315,AA,0,0,0.0,0.0,0
77294598312,AA,0,0,0.0,0.0,0
71550251059,E,5,273,8526.41,7342.11,1
54159891560,E,5,151,15290.97,3844.85,1
71546052823,B,2,0,0.0,0.0,0
27615592519,E,5,68,3125.9,0.0,0
86626525522,F,6,77,1799.01,2065.68,1
60457533626,C,3,0,0.0,0.0,0
99480878678,AA,0,0,0.0,0.0,0
37432584448,E,5,79,1281.07,0.0,0
48229145034,E,5,369,7897.75,2212.78,1
91829272595,E,5,220,4665.39,2720.04,1
52133970475,AA,0,0,0.0,0.0,0
20446183326,C,3,10,3394.58,0.0,0
26379188126,C,3,11,447.26,0.0,0
63921649220,C,3,6,78.5,0.0,0
93914653532,A,1,0,0.0,0.0,0
56882055814,AA,0,0,0.0,0.0,0
70617917539,C,3,2,27.22,0.0,0
30367894862,G,7,43,6652.4,1661.64,1
93516914924,AA,0,0,0.0,0.0,0
51531228365,H,8,107,14095.15,5622.53,1
99129384976,B,2,0,0.0,0.0,0
76657418618,B,2,0,0.0,0.0,0
64787890616,D,4,22,3900.38,0.0,0
36858940286,C,3,2,141.74,0.0,0
21661791034,E,5,192,2006.35,6442.95,1
31142863682,A,1,0,0.0,0.0,0
39671995021,E,5,68,2351.75,0.0,0
77493515592,A,1,0,0.0,0.0,0
91714346515,C,3,1,1294.57,0.0,0
51497859882,E,5,57,8005.82,4748.84,1
86122065915,C,3,61,36.33,3702.57,1
13659032530,B,2,0,0.0,0.0,0
33395873761,G,7,121,5093.68,3893.36,1
19016682843,A,1,0,0.0,0.0,0
27824873984,A,1,0,0.0,0.0,0
51110397550,C,3,7,1671.92,74.37,1
92040344048,B,2,0,0.0,0.0,0
32814880364,F,6,385,4036.12,0.0,0
20629540532,B,2,0,0.0,0.0,0
28336445933,A,1,0,0.0,0.0,0
21912861827,E,5,100,1755.77,2696.49,1
54989565450,B,2,0,0.0,0.0,0
93064078426,B,2,0,0.0,0.0,0
70650025896,C,3,13,98.82,0.0,0
55396998736,B,2,0,0.0,0.0,0
94250340178,C,3,37,1655.11,0.0,0
77116882574,C,3,11,369.78,0.0,0
99350366288,D,4,1,71.81,0.0,0
35343064368,E,5,58,3491.52,7837.26,1
83138324443,C,3,28,896.45,0.0,0
92679982775,A,1,0,0.0,0.0,0
19099536461,E,5,63,960.14,8637.94,1
43826366820,C,3,10,110.3,0.0,0
13183079148,D,4,2,65.79,0.0,0
57195816336,A,1,0,0.0,0.0,0
19520846395,G,7,107,8555.48,5730.7,1
22286284557,E,5,148,19989.42,2406.18,1
45498580443,AA,0,0,0.0,0.0,0
86865392727,AA,0,0,0.0,0.0,0
29774531848,G,7,78,1220.58,2240.04,1
41098475847,AA,0,0,0.0,0.0,0
48698472629,H,8,68,2313.65,3038.75,1
22016593814,C,3,43,1489.11,0.0,0
89233315286,C,3,13,2114.03,0.0,0
68016640913,AA,0,0,0.0,0.0,0
33411895298,AA,0,0,0.0,0.0,0
67823687164,F,6,363,2244.95,1807.23,1
35012243092,A,1,0,0.0,0.0,0
93287162051,E,5,129,6295.89,0.0,0
68212021119,B,2,0,0.0,0.0,0
62128980476,AA,0,0,0.0,0.0,0
45459211190,A,1,0,0.0,0.0,0
14270179111,C,3,61,219.73,0.0,0
43177866549,H,8,96,9202.27,9475.54,1
83425617124,AA,0,0,0.0,0.0,0
12553171150,B,2,0,0.0,0.0,0
34716786442,B,2,0,0.0,0.0,0
23953360084,B,2,0,0.0,0.0,0
15284895759,C,3,1,1485.85,0.0,0
64183985940,F,6,443,1824.74,0.0,0
86969040885,C,3,30,862.6,0.0,0
30993945465,B,2,0,0.0,0.0,0
26025855132,A,1,0,0.0,0.0,0
20086627244,G,7,96,4765.31,10514.46,1
45947232974,A,1,0,0.0,0.0,0
99810959937,A,1,0,0.0,0.0,0
17961521666,B,2,0,0.0,0.0,0
29563445932,C,3,4,410.76,0.0,0
53369017610,A,1,0,0.0,0.0,0
96863552774,AA,0,0,0.0,0.0,0
40059746486,D,4,0,0.0,0.0,0
60428327839,B,2,0,0.0,0.0,0
95197361678,E,5,59,1512.15,2191.97,1
98533785846,C,3,54,824.94,0.0,0
81924832579,A,1,0,0.0,0.0,0
84522668183,C,3,5,878.53,0.0,0
83474593453,A,1,0,0.0,0.0,0
91970043974,C,3,5,443.05,0.0,0
51435216689,B,2,0,0.0,0.0,0
56167874518,B,2,0,0.0,0.0,0
83658887975,C,3,27,1528.96,0.0,0
93139897769,G,7,177,1662.43,0.0,0
42243213082,B,2,0,0.0,0.0,0
26720493931,F,6,289,13050.79,0.0,0
86022481944,A,1,0,0.0,0.0,0
19980486380,AA,0,0,0.0,0.0,0
53372413984,AA,0,0,0.0,0.0,0
62214010398,B,2,0,0.0,0.0,0
10247594178,B,2,0,0.0,0.0,0
94326168762,AA,0,0,0.0,0.0,0
39356244013,F,6,174,843.09,5598.02,1
81447768580,F,6,53,4666.84,0.0,0
94088540236,E,5,264,5915.93,3021.42,1
20638379683,AA,0,0,0.0,0.0,0
83785848829,AA,0,0,0.0,0.0,0
92219364473,AA,0,0,0.0,0.0,0
75886982187,E,5,95,4426.51,7520.29,1
55228815727,G,7,115,2655.64,14570.25,1
78434217832,A,1,0,0.0,0.0,0
40574370933,AA,0,0,0.0,0.0,0
11138436133,C,3,2,2426.33,0.0,0
21069786226,B,2,0,0.0,0.0,0
41213118862,AA,0,0,0.0,0.0,0
89383081044,C,3,16,924.55,0.0,0
63826211732,C,3,20,622.16,0.0,0
44962777070,AA,0,0,0.0,0.0,0
47632948143,AA,0,0,0.0,0.0,0
22817258377,H,8,118,9705.91,1718.05,1
52873941329,A,1,0,0.0,0.0,0
59282027119,AA,0,0,0.0,0.0,0
40197448186,B,2,0,0.0,0.0,0
60486079647,AA,0,0,0.0,0.0,0
46337152236,B,2,0,0.0,0.0,0
84099597989,E,5,220,11984.81,0.0,0
94669174538,A,1,0,0.0,0.0,0
39542670964,C,3,0,0.0,0.0,0
71189312520,C,3,64,1056.39,0.0,0
34538096751,C,3,35,890.78,0.0,0
27561371610,E,5,106,2939.21,12863.45,1
23360213945,E,5,64,2646.42,2572.07,1
35659662674,AA,0,0,0.0,0.0,0
95012468995,C,3,35,559.6,0.0,0
44254517043,C,3,17,277.47,0.0,0
36643539318,H,8,192,4466.4,14389.78,1
10366720344,C,3,62,3314.92,0.0,0
25089147313,H,8,83,3825.2,1553.41,1
52386519561,E,5,101,3882.64,0.0,0
32945367143,B,2,0,0.0,0.0,0
38651513595,B,2,0,0.0,0.0,0
52864678169,H,8,105,1649.18,26363.39,1
62615584169,F,6,50,11979.12,10691.11,1
74783945632,AA,0,3,0.0,0.0,0
33442624945,E,5,60,3870.18,2479.24,1
26619146447,AA,0,0,0.0,0.0,0
91151924831,AA,0,0,0.0,0.0,0
50635336230,B,2,0,0.0,0.0,0
27194590916,B,2,0,0.0,0.0,0
68096824698,C,3,22,915.29,0.0,0
10848466352,A,1,0,0.0,0.0,0
96033443824,D,4,9,2396.88,0.0,0
71169329031,AA,0,0,0.0,0.0,0
88981067271,B,2,0,0.0,0.0,0
87362479587,A,1,0,0.0,0.0,0
33390646542,B,2,0,0.0,0.0,0
48496130223,AA,0,3,0.0,0.0,0
64860062531,B,2,0,0.0,0.0,0
38669342933,C,3,60,537.1,0.0,0
89177145663,B,2,0,0.0,0.0,0
13372847583,B,2,0,0.0,0.0,0
57089940285,A,1,3,0.0,0.0,0
65244313356,F,6,245,1372.37,2336.68,1
63196037159,G,7,173,2495.53,3679.09,1
71749246359,B,2,0,0.0,0.0,0
79148655749,A,1,0,0.0,0.0,0
61253836222,AA,0,0,0.0,0.0,0
60592388925,H,8,91,10541.43,8788.8,1
37736121610,AA,0,0,0.0,0.0,0
10183055979,AA,0,0,0.0,0.0,0
29313681326,AA,0,0,0.0,0.0,0
75610548493,A,1,0,0.0,0.0,0
88574864326,AA,0,0,0.0,0.0,0
50260214822,D,4,40,1241.85,0.0,0
61297664947,AA,0,0,0.0,0.0,0
64730171035,C,3,9,1101.36,0.0,0
40396426781,AA,0,0,0.0,0.0,0
28250335211,A,1,0,0.0,0.0,0
61157544898,G,7,152,2268.17,0.0,0
18919341667,A,1,0,0.0,0.0,0
41216451122,C,3,76,1879.39,0.0,0
84476067294,C,3,0,0.0,0.0,0
65149470278,A,1,3,0.0,0.0,0
11230364467,H,8,61,9364.05,0.0,0
19355065996,A,1,0,0.0,0.0,0
57874543046,G,7,123,3379.4,3079.08,1
90678633646,AA,0,0,0.0,0.0,0
52298947015,F,6,384,8068.68,20832.58,1
75730953520,A,1,0,0.0,0.0,0
33329612375,B,2,0,0.0,0.0,0
85190232511,D,4,2,418.56,0.0,0
34375135759,F,6,86,8235.41,2353.95,1
90296096414,E,5,250,1073.55,14684.72,1
46221520668,E,5,300,6420.68,2867.36,1
26028171486,E,5,62,2526.0,3961.69,1
38663038072,A,1,0,0.0,0.0,0
51866464852,B,2,0,0.0,0.0,0
48679065867,AA,0,0,0.0,0.0,0
33323068286,AA,0,0,0.0,0.0,0
35441212378,A,1,0,0.0,0.0,0
25097227163,C,3,9,1008.54,0.0,0
80222237349,A,1,0,0.0,0.0,0
18342583379,C,3,29,1294.55,0.0,0
46937279245,AA,0,0,0.0,0.0,0
54722235288,A,1,0,0.0,0.0,0
91994812453,C,3,6,314.71,0.0,0
57759065190,D,4,2,361.81,0.0,0
99014353166,C,3,16,1820.17,0.0,0
72439777420,C,3,1,1642.27,0.0,0
38327163111,AA,0,0,0.0,0.0,0
71664477519,C,3,64,308.54,0.0,0
78418292534,AA,0,0,0.0,0.0,0
99244664696,B,2,0,0.0,0.0,0
33464523575,B,2,0,0.0,0.0,0
18831665631,AA,0,0,0.0,0.0,0
34660724161,B,2,0,0.0,0.0,0
72333465984,H,8,100,1901.91,0.0,0
34134279022,H,8,286,4885.21,2734.77,1
90099833861,AA,0,0,0.0,0.0,0
39115078751,A,1,0,0.0,0.0,0
51558352614,AA,0,0,0.0,0.0,0
49556633136,A,1,0,0.0,0.0,0
26248368537,G,7,169,6009.51,0.0,0
45252690326,AA,0,3,0.0,0.0,0
98630226346,C,3,27,144.4,0.0,0
24538676774,A,1,0,0.0,0.0,0
25821513921,G,7,144,1846.94,0.0,0
95838280090,B,2,3,0.0,0.0,0
59976470519,C,3,60,1054.36,0.0,0
45911498928,AA,0,0,0.0,0.0,0
16724232824,C,3,36,480.99,0.0,0
60270853422,A,1,0,0.0,0.0,0
82015888079,AA,0,0,0.0,0.0,0
66879390740,E,5,174,909.92,0.0,0
36889144865,E,5,173,2453.43,0.0,0
40199486963,E,5,56,1951.79,0.0,0
69159955937,C,3,26,1337.2,0.0,0
95796328877,E,5,44,3458.67,32850.39,1
74462824749,AA,0,0,0.0,0.0,0
19257269331,A,1,3,0.0,0.0,0
92093977956,AA,0,0,0.0,0.0,0
55730865767,C,3,7,252.41,0.0,0
31189461361,AA,0,0,0.0,0.0,0
38410524792,AA,0,0,0.0,0.0,0
94272375731,C,3,35,311.51,0.0,0
53411347615,D,4,80,82.8,0.0,0
37693187527,B,2,0,0.0,0.0,0
50580973063,AA,0,0,0.0,0.0,0
77446540062,A,1,0,0.0,0.0,0
40928468489,A,1,0,0.0,0.0,0
30214756851,B,2,0,0.0,0.0,0
37828167367,C,3,21,266.18,0.0,0
82394857891,C,3,30,142.62,0.0,0
89653177117,C,3,8,531.46,0.0,0
14949273355,A,1,0,0.0,0.0,0
74542452886,D,4,44,723.17,0.0,0
25245083790,AA,0,0,0.0,0.0,0
66825343915,C,3,14,1211.63,0.0,0
70758067093,E,5,115,3393.79,15592.31,1
41511065861,B,2,0,0.0,0.0,0
36577856636,AA,0,0,0.0,0.0,0
58190347529,G,7,146,4130.72,5142.31,1
14516868572,AA,0,0,0.0,0.0,0
25926777938,D,4,43,180.16,0.0,0
37742181644,A,1,0,0.0,0.0,0
12654647639,C,3,17,541.53,0.0,0
12826213635,A,1,0,0.0,0.0,0
10371046869,AA,0,0,0.0,0.0,0
34762164184,B,2,0,0.0,0.0,0
75549021732,AA,0,0,0.0,0.0,0
65110040016,AA,0,0,0.0,0.0,0
48139642311,A,1,0,0.0,0.0,0
37258749220,A,1,0,0.0,0.0,0
39969453923,AA,0,0,0.0,0.0,0
17853079869,AA,0,0,0.0,0.0,0
64474110169,E,5,113,1011.65,0.0,0
50322118139,A,1,0,0.0,0.0,0
82439121776,B,2,0,0.0,0.0,0
24448068442,AA,0,0,0.0,0.0,0
15632591263,AA,0,0,0.0,0.0,0
51541461969,G,7,55,2681.74,3606.16,1
88273877073,A,1,0,0.0,0.0,0
10426946138,H,8,77,1391.54,4615.46,1
27928011269,AA,0,3,0.0,0.0,0
91531121445,C,3,4,1018.84,0.0,0
63832873813,B,2,0,0.0,0.0,0
81431621914,F,6,218,960.91,2057.4,1
15067713986,C,3,1,168.75,0.0,0
73198438290,B,2,0,0.0,0.0,0
28147730218,B,2,0,0.0,0.0,0
36684016939,A,1,0,0.0,0.0,0
70432257086,G,7,41,2425.01,0.0,0
21752055954,A,1,0,0.0,0.0,0
94943135076,A,1,0,0.0,0.0,0
78758347290,D,4,4,10.27,0.0,0
87724067132,A,1,0,0.0,0.0,0
38521992837,G,7,101,5238.53,2095.88,1
25040451382,D,4,45,718.04,0.0,0
70946712590,B,2,0,0.0,0.0,0
67968935757,E,5,335,8335.14,0.0,0
68160355633,A,1,0,0.0,0.0,0
49794443098,A,1,0,0.0,0.0,0
89757176292,C,3,29,1114.24,0.0,0
16494686155,AA,0,0,0.0,0.0,0
92966549969,D,4,0,0.0,0.0,0
45384680467,F,6,73,15380.43,11794.75,1
79286940422,B,2,0,0.0,0.0,0
51863290881,AA,0,0,0.0,0.0,0
25633794062,G,7,105,1831.95,0.0,0
74380647013,C,3,32,455.76,0.0,0
19039220988,C,3,9,1043.25,0.0,0
49995979485,B,2,0,0.0,0.0,0
57212773469,G,7,63,7568.04,2647.84,1
47234497713,B,2,0,0.0,0.0,0
71052268038,C,3,10,639.55,0.0,0
86062877021,E,5,126,7944.63,20217.6,1
19996211055,AA,0,0,0.0,0.0,0
52276955720,B,2,0,0.0,0.0,0
51087328215,F,6,68,841.39,0.0,0
71451311748,B,2,0,0.0,0.0,0
43375440562,D,4,4,305.04,5611.5,1
32769864798,F,6,258,9882.13,4960.94,1
10892820033,B,2,0,0.0,0.0,0
96780096584,C,3,73,1454.05,0.0,0
73953190240,D,4,74,415.18,0.0,0
71132499224,G,7,77,10995.72,6502.52,1
29373845836,A,1,0,0.0,0.0,0
97824367872,AA,0,0,0.0,0.0,0
63879751833,B,2,0,0.0,0.0,0
68298018214,C,3,32,444.89,0.0,0
26691880217,C,3,1,144.59,0.0,0
70088916549,E,5,52,816.98,1752.68,1
65762194998,A,1,0,0.0,0.0,0
72556381880,C,3,15,42.8,0.0,0
81545180610,B,2,0,0.0,0.0,0
92391086496,E,5,66,801.38,5767.89,1
26242084753,B,2,0,0.0,0.0,0
18330758454,B,2,0,0.0,0.0,0
64664867656,A,1,0,0.0,0.0,0
41077312035,C,3,31,2186.71,0.0,0
11324595544,C,3,9,1864.84,0.0,0
54834533825,B,2,0,0.0,0.0,0
67246560330,H,8,420,4753.77,0.0,0
12527491327,E,5,99,3004.44,4413.42,1
52431533529,H,8,63,5543.88,3039.02,1
99271456494,B,2,0,0.0,0.0,0
34121316545,C,3,66,793.18,0.0,0
39868151865,F,6,50,2010.52,0.0,0
71245136579,B,2,3,0.0,0.0,0
56042564411,D,4,56,684.75,0.0,0
94790776493,B,2,0,0.0,0.0,0
83091394126,C,3,7,95.19,0.0,0
69711372437,A,1,0,0.0,0.0,0
86017189650,A,1,0,0.0,0.0,0
29297615382,AA,0,0,0.0,0.0,0
87548782478,A,1,0,0.0,0.0,0
97280334067,G,7,97,2523.39,16016.33,1
14060565296,A,1,3,0.0,0.0,0
85772728611,C,3,6,1487.05,0.0,0
29487812712,D,4,128,63.54,0.0,0
30032384861,B,2,0,0.0,0.0,0
59317359621,AA,0,0,0.0,0.0,0
27153924770,C,3,27,481.97,0.0,0
75162038084,B,2,0,0.0,0.0,0
36433697622,D,4,1,738.28,1273.37,1
24074675150,E,5,396,26395.42,3186.64,1
31438283140,H,8,49,820.92,2851.68,1
16341190121,C,3,21,463.45,0.0,0
67937519279,A,1,0,0.0,0.0,0
16867478221,C,3,15,210.22,746.34,1
92296965893,AA,0,0,0.0,0.0,0
82845172776,E,5,61,6288.29,0.0,0
46554547472,AA,0,0,0.0,0.0,0
61299667722,A,1,0,0.0,0.0,0
18120520594,D,4,5,5.37,0.0,0
42516380659,C,3,10,1774.59,0.0,0
